gage_id,div_id
gage1,1073625600290331
gage1,1073625637040207
gage1,1073626961303593
gage1,1073627024291625
gage1,1073627000804628
gage1,1073628249568788
gage1,1073628245901646
gage1,1073628327293451
gage1,1073628333160162
gage1,1073628241908600
gage1,1073628350177342
gage1,1073629571702245
gage1,1073629576228096
gage1,1073629592014487
gage1,1073629593636215
gage1,1073629519595662
gage1,1073629582983645
gage1,1073629576717715
gage1,1073629610911478
gage1,1073629551170594
gage1,1073629535198906
gage1,1073629664443851
gage1,1073629603013667
gage1,1073629635252285
gage1,1073629620862038
gage1,1073630788803395
gage1,1073629684873805
gage1,1073630925016127
gage1,1073629628553747
gage1,1073629625005139
gage1,1073629642735684
gage1,1073629627520660
gage1,1073629691887124
gage1,1073630935566088
gage1,1073632134322113
gage1,1073629649936468
gage1,1073630959539228
gage1,1073629695686710
gage1,1073629656796217
gage1,1073629647398430
gage1,1073632252475257
gage1,1073632239578227
gage1,1073630977438703
gage1,1073629741588017
gage1,1073633549095234
gage1,1073633543154196
gage1,1073633474191165
gage1,1073630997691188
gage1,1073629752856850
gage1,1073630998174617
gage1,1073631007727852
gage1,1073629727808165
gage1,1073629802134977
gage1,1073631066995369
gage1,1073631075431628
gage1,1073631023954814
gage1,1073631032981846
gage1,1073629783769548
gage1,1073629779711135
gage1,1073631074586011
gage1,1073631077637130
gage1,1073631098590078
gage1,1073631097931073
gage1,1073629775045178
gage1,1073629771035600
gage1,1073631146208545
gage1,1073631130339313
gage1,1073632334940409
gage1,1073632334437953
gage1,1073632411633329
gage1,1073632391451905
gage1,1073631128709449
gage1,1073631118286568
gage1,1073632369402020
gage1,1073633706189439
gage1,1073632443358474
gage1,1073631193773093
gage1,1073631129304680
gage1,1073631106962431
gage1,1073633620411274
gage1,1073633607424534
gage1,1073634913999017
gage1,1073631211431836
gage1,1073631188895824
gage1,1073633629557913
gage1,1073634935839814
gage1,1073631248251789
gage1,1073631183399862
gage1,1073631255840268
gage1,1073631255417278
gage1,1073631183811159
gage1,1073631232633179
gage1,1073631250355654
gage1,1073631246695741
gage1,1073630011893839
gage1,1073630001619824
gage1,1073631254133828
gage1,1073631250737792
gage1,1073630074555256
gage1,1073631315822781
gage1,1073631312105804
gage1,1073631326273922
gage1,1073631313861764
gage1,1073631345811997
gage1,1073631332843769
gage1,1073630079408983
gage1,1073632580820110
gage1,1073631353419927
gage1,1073632534271198
gage1,1073631418882634
gage1,1073631414761921
gage1,1073632566309879
gage1,1073632645688802
gage1,1073632642546700
gage1,1073633868950921
gage1,1073632652265580
gage1,1073632651427834
gage1,1073633833301531
gage1,1073633892218398
gage1,1073632726579081
gage1,1073632690758540
gage1,1073632695176143
gage1,1073633848743847
gage1,1073632727378137
gage1,1073632725034105
gage1,1073633951565410
gage1,1073633943905046
gage1,1073633975007847
gage1,1073635092438385
gage1,1073632735445528
gage1,1073632726017462
gage1,1073635222858396
gage1,1073635130620020
gage1,1073632757079364
gage1,1073632794051723
gage1,1073632713564904
gage1,1073635245135735
gage1,1073636355404362
gage1,1073636378949175
gage1,1073632814420395
gage1,1073632804308729
gage1,1073631484033681
gage1,1073635258252477
gage1,1073636493057087
gage1,1073636313399128
gage1,1073636313010960
gage1,1073636411245602
gage1,1073632828183385
gage1,1073634059756463
gage1,1073632816920503
gage1,1073636322229536
gage1,1073637649887040
gage1,1073634112069818
gage1,1073632884637996
gage1,1073634054680322
gage1,1073636331864312
gage1,1073637678509289
gage1,1073634132160643
gage1,1073632947240133
gage1,1073634157456146
gage1,1073632950842083
gage1,1073632950900420
gage1,1073634173545255
gage1,1073635330827996
gage1,1073632951703391
gage1,1073632954246838
gage1,1073635345987767
gage1,1073633067613725
gage1,1073632949215219
gage1,1073634180168121
gage1,1073632952337880
gage1,1073635348097678
gage1,1073634177682920
gage1,1073634223943934
gage1,1073635321152913
gage1,1073635546744128
gage1,1073635536726561
gage1,1270739967180347
gage1,1270741287886757
gage1,1270741198209624
gage1,1270741167073309
gage1,1270741229149702
gage1,1270741169264924
gage1,1270741172574725
gage1,1270742345028770
gage1,1270742359364796
gage1,1270741289382628
gage1,1270741228349432
gage1,1270741183967787
gage1,1270742470649255
gage1,1270742404321083
gage1,1270742427210039
gage1,1270742429952602
gage1,1270742419281332
gage1,1270742383678409
gage1,1270742367579997
gage1,1270742351136564
gage1,1270742391259239
gage1,1270742371550840
gage1,1270742378602864
gage1,1270742319974919
gage1,1270742328302209
gage1,1270743554751204
gage1,1270743571588086
gage1,1270743541889547
gage1,1270743526025551
gage1,1270743590492348
gage1,1270744792727804
gage1,1270744775640079
gage1,1270744813688154
gage1,1270744817334075
gage1,1270744793790483
gage1,1270746051216518
gage1,1270744767382418
gage1,1270744820160249
gage1,1270745996292583
gage1,1270746022213406
gage1,1270745986010066
gage1,1270746005218224
gage1,1270747278943726
gage1,1270746039880429
gage1,1270745987531870
gage1,1270746013102179
gage1,1270747306812211
gage1,1270747271148192
gage1,1270747264611474
gage1,1270744749313047
gage1,1270744752775358
gage1,1270748547370847
gage1,1270747241444294
gage1,1270747206398631
gage1,1270744742743783
gage1,1270744687853435
gage1,1270748570264337
gage1,1270748517924196
gage1,1270748481329960
gage1,1270747258762600
gage1,1270747218177757
gage1,1270747208257730
gage1,1270744717411753
gage1,1270744733270626
gage1,1270744677838172
gage1,1270749842635879
gage1,1270749765640006
gage1,1270748539600037
gage1,1270748496199950
gage1,1270747245634153
gage1,1270747219287984
gage1,1270743420326243
gage1,1270743404562868
gage1,1270749872167027
gage1,1270749796969791
gage1,1270749789863290
gage1,1270749783109379
gage1,1270748446750984
gage1,1270748480379530
gage1,1270747192037693
gage1,1270747163456189
gage1,1270751120842491
gage1,1270751115147307
gage1,1270751006313891
gage1,1270751044285663
gage1,1270748456053351
gage1,1270748461303068
gage1,1270747168430720
gage1,1270751084685926
gage1,1270751140470838
gage1,1270751131563702
gage1,1270752210855474
gage1,1270748468663686
gage1,1270748456483932
gage1,1270748477077548
gage1,1270748473717925
gage1,1270747090186095
gage1,1270747148962368
gage1,1270752271929162
gage1,1270751102819094
gage1,1270752313924669
gage1,1270752295601529
gage1,1270749633737459
gage1,1270749702703627
gage1,1270749696050179
gage1,1270748473746467
gage1,1270747123634169
gage1,1270747088237743
gage1,1270745915493976
gage1,1270745908403989
gage1,1270745849514461
gage1,1270753553984224
gage1,1270753541398498
gage1,1270752354519535
gage1,1270752337504517
gage1,1270753489990277
gage1,1270753476834701
gage1,1270749657771588
gage1,1270749667289126
gage1,1270749708824406
gage1,1270749650420126
gage1,1270748306366184
gage1,1270747014325825
gage1,1270745900477026
gage1,1270745880583156
gage1,1270745817400946
gage1,1270753489536939
gage1,1270750849669992
gage1,1270749626378148
gage1,1270749654168354
gage1,1270748310911379
gage1,1270745782362447
gage1,1270745853439647
gage1,1270753508483682
gage1,1270753448724929
gage1,1270750872438301
gage1,1270750873685551
gage1,1270749535513686
gage1,1270749564111173
gage1,1270748242088329
gage1,1270748261949859
gage1,1270745834297049
gage1,1270745756588585
gage1,1270750876466971
gage1,1270752069712542
gage1,1270750836782579
gage1,1270749527327270
gage1,1270748282287677
gage1,1270750789017679
gage1,1270750785298663
gage1,1270745737037927
gage1,1270745739161487
gage1,1270750898119918
gage1,1270752131903047
gage1,1270750892392041
gage1,1270752081263902
gage1,1270752077912373
gage1,1270749465554272
gage1,1270749455724300
gage1,1270749445321194
gage1,1270750800489228
gage1,1270750793983130
gage1,1270744511722352
gage1,1270745728651291
gage1,1270744509382041
gage1,1270744509170093
gage1,1270745728654659
gage1,1270750902051008
gage1,1270750963333488
gage1,1270752086729660
gage1,1270752067468207
gage1,1270749480163862
gage1,1270749487223923
gage1,1270750745294526
gage1,1270750819324930
gage1,1270744505411374
gage1,1270744506071327
gage1,1270744444799724
gage1,1270744509547574
gage1,1270744509543531
gage1,1270752139226436
gage1,1270752208457921
gage1,1270750971013699
gage1,1270752047925972
gage1,1270752027909693
gage1,1270749494407657
gage1,1270749498400505
gage1,1270750760587912
gage1,1270750747422012
gage1,1270744544208799
gage1,1270744551968632
gage1,1270744447874763
gage1,1270744447852259
gage1,1270744509318908
gage1,1270744506230138
gage1,1270744506344416
gage1,1270752163763904
gage1,1270752219810530
gage1,1270752222418219
gage1,1270752052391718
gage1,1270752045730734
gage1,1270726373172272
gage1,1270750726715034
gage1,1270752007200425
gage1,1270744519451135
gage1,1270744627661531
gage1,1270744605246152
gage1,1270744447807861
gage1,1270744447758157
gage1,1270744447735584
gage1,1270744447866061
gage1,1270744506202486
gage1,1270744505935631
gage1,1270744496516004
gage1,1270752180790834
gage1,1270752124599228
gage1,1270753300738884
gage1,1270753315134649
gage1,1270727679663685
gage1,1270727625933964
gage1,1270727558016962
gage1,1270727655267401
gage1,1270745666882316
gage1,1270744447787057
gage1,1270744447780189
gage1,1270744505995831
gage1,1270744505932059
gage1,1270752152759664
gage1,1270752178271514
gage1,1270753369211007
gage1,1270753364522570
gage1,1270753322915645
gage1,1270753328505929
gage1,1270754639103362
gage1,1270754638745368
gage1,1270728902391647
gage1,1270728911157589
gage1,1270744447492118
gage1,1270744505802356
gage1,1270744505782077
gage1,1270744502659753
gage1,1270753398076828
gage1,1270753452891908
gage1,1270753406888654
gage1,1270753332517360
gage1,1270754568697645
gage1,1270754655666907
gage1,1270754658192337
gage1,1270728945399327
gage1,1270728919557505
gage1,1270745682070679
gage1,1270745666227659
gage1,1270744505760915
gage1,1270744502691324
gage1,1270744502455974
gage1,1270754692302259
gage1,1270754573815654
gage1,1270754597535419
gage1,1270754662432448
gage1,1270754671354481
gage1,1270754673888151
gage1,1270730194119504
gage1,1270730153364759
gage1,1270728884632490
gage1,1270728869943056
gage1,1270745716879078
gage1,1270745709866692
gage1,1270745699588597
gage1,1270744446147416
gage1,1270744502507123
gage1,1270744502656092
gage1,1270744502420604
gage1,1270755881552021
gage1,1270754685322224
gage1,1270754675189126
gage1,1270755906196512
gage1,1270754592159505
gage1,1270730066279811
gage1,1270728868898426
gage1,1270728850004894
gage1,1270746965349956
gage1,1270746954214752
gage1,1270746886294167
gage1,1270745663640445
gage1,1270744430517093
gage1,1270744426680797
gage1,1270744441500008
gage1,1270744502477142
gage1,1270744438331460
gage1,1270754745959865
gage1,1270755987264935
gage1,1270755847393591
gage1,1270754614584042
gage1,1270730082632290
gage1,1270730078981896
gage1,1270728858000376
gage1,1270728845537568
gage1,1270746997510530
gage1,1270746973783485
gage1,1270744422816658
gage1,1270744406623140
gage1,1270744502440952
gage1,1270744434964713
gage1,1270744434919124
gage1,1270755968584469
gage1,1270755968400811
gage1,1270731503610331
gage1,1270730100348053
gage1,1270731336303586
gage1,1270730081032911
gage1,1270728814924706
gage1,1270728779713262
gage1,1270744360336256
gage1,1270743087909234
gage1,1270743103044088
gage1,1270744438388517
gage1,1270744434896737
gage1,1270744431835135
gage1,1270755974977222
gage1,1270755981706252
gage1,1270732750823968
gage1,1270732736948071
gage1,1270731300480434
gage1,1270731265749832
gage1,1270731383860147
gage1,1270732615098354
gage1,1270730012294067
gage1,1270729993000969
gage1,1270728710358226
gage1,1270727481357493
gage1,1270743062105078
gage1,1270743114585455
gage1,1270744324064773
gage1,1270743098368465
gage1,1270744438191628
gage1,1270744438329235
gage1,1270744431601502
gage1,1270744431546577
gage1,1270744431777886
gage1,1270744431598600
gage1,1270755998421691
gage1,1270755994703385
gage1,1270732526988474
gage1,1270732514238654
gage1,1270731217824673
gage1,1270731205113820
gage1,1270732640850007
gage1,1270732636453999
gage1,1271220225533518
gage1,1270728749904319
gage1,1270728760547093
gage1,1270743119374826
gage1,1270743110184408
gage1,1270744438156634
gage1,1270744438151070
gage1,1270744428632441
gage1,1270744431559911
gage1,1270744431583107
gage1,1270756011261594
gage1,1270756004328378
gage1,1271220168940109
gage1,1271220164826349
gage1,1270731245905262
gage1,1270731223096962
gage1,1270729890800729
gage1,1270729969743671
gage1,1270732663891675
gage1,1270732659896511
gage1,1270732724515378
gage1,1270732712402750
gage1,1271220237569081
gage1,1270729925229044
gage1,1270728687340560
gage1,1270744434936231
gage1,1270744425257598
gage1,1270744428182932
gage1,1270744428219517
gage1,1270756020174101
gage1,1270756007375309
gage1,1270732502817489
gage1,1270732438107480
gage1,1270731173475985
gage1,1270731163278541
gage1,1271220303057435
gage1,1271220236471420
gage1,1270732735223336
gage1,1270732722854326
gage1,1270728683596945
gage1,1270728677923673
gage1,1270744424823347
gage1,1270744421684855
gage1,1270757254604230
gage1,1270755964505278
gage1,1270756007455025
gage1,1270756009616668
gage1,1270732453674723
gage1,1270732521660964
gage1,1270732426397823
gage1,1270731181082931
gage1,1270731074655139
gage1,1270731136649769
gage1,1271220326266620
gage1,1271220375095276
gage1,1271220261376270
gage1,1271220255704561
gage1,1271220367576747
gage1,1271220366936783
gage1,1270732794059271
gage1,1270732787864454
gage1,1270728686006489
gage1,1270728670048428
gage1,1270744421722659
gage1,1270744421689657
gage1,1270744418326937
gage1,1270744418433951
gage1,1270757199661511
gage1,1270757196415877
gage1,1270732469397246
gage1,1271220169751524
gage1,1271220104781316
gage1,1270732464686882
gage1,1270732399998809
gage1,1270731116229590
gage1,1270731132187420
gage1,1271220345560898
gage1,1271220344850693
gage1,1271220388733926
gage1,1271220280369169
gage1,1271220263668640
gage1,1271220448189325
gage1,1271220386622950
gage1,1270729864368076
gage1,1270728626415731
gage1,1270728600939707
gage1,1270728579011336
gage1,1270744421609350
gage1,1270744418317935
gage1,1270744418279056
gage1,1270744415352938
gage1,1270744415321956
gage1,1270757208434790
gage1,1270757212166462
gage1,1271220128903022
gage1,1271220113305560
gage1,1271220109177763
gage1,1270731070359675
gage1,1270731101806283
gage1,1270732372892801
gage1,1270732353835685
gage1,1271221583507180
gage1,1271220412965013
gage1,1271221511879515
gage1,1271221505125115
gage1,1271220473943614
gage1,1271220399862892
gage1,1270729813753135
gage1,1270729798776267
gage1,1270728628136665
gage1,1270728621338647
gage1,1270727345407939
gage1,1270727339847451
gage1,1270744415158318
gage1,1270744415127855
gage1,1270757223435765
gage1,1270757200706218
gage1,1270757221965187
gage1,1270757237464419
gage1,1271220147727398
gage1,1270732236009321
gage1,1270732226601222
gage1,1270731034803043
gage1,1270731011116424
gage1,1270732411425058
gage1,1270732410630299
gage1,1270732375015666
gage1,1270732303553893
gage1,1271221645594548
gage1,1271220410420666
gage1,1271221531362792
gage1,1271221517269829
gage1,1271221451862029
gage1,1271220278463593
gage1,1270728552619218
gage1,1270728546905523
gage1,1270744415044458
gage1,1270744411991062
gage1,1270757167017178
gage1,1270757144678427
gage1,1270757129205297
gage1,1270755903460822
gage1,1270757293391032
gage1,1270757296137453
gage1,1271244865412614
gage1,1271244864792776
gage1,1270732258890952
gage1,1270732244125267
gage1,1270732224008649
gage1,1270729789401873
gage1,1271220055861235
gage1,1271220039550655
gage1,1270732338329392
gage1,1270732330939440
gage1,1271221669010787
gage1,1271221681320349
gage1,1271221543985582
gage1,1271221483846957
gage1,1271221474259076
gage1,1271220213413020
gage1,1271220201168184
gage1,1270728553938227
gage1,1270728534668839
gage1,1270728527087171
gage1,1270728517927943
gage1,1270744411940110
gage1,1270744411894291
gage1,1271244800462411
gage1,1270757178011131
gage1,1270757298640999
gage1,1270757291202179
gage1,1271244935261092
gage1,1271244882666693
gage1,1271244868604040
gage1,1271244877954866
gage1,1271244818972550
gage1,1271244824181591
gage1,1271219909648820
gage1,1270732280749074
gage1,1270732181383051
gage1,1270729721715038
gage1,1270730894925101
gage1,1271220066594092
gage1,1271220055054739
gage1,1271220054722171
gage1,1271219993831298
gage1,1270732349476075
gage1,1271219974435992
gage1,1271221679857722
gage1,1271222919845476
gage1,1271222919353415
gage1,1271221554490249
gage1,1271221559629518
gage1,1271222724127806
gage1,1271221492458029
gage1,1271220208752600
gage1,1271221462930335
gage1,1270728491001180
gage1,1270728472331588
gage1,1270744408740938
gage1,1270744408759128
gage1,1271244961655080
gage1,1271244952398677
gage1,1271244924321333
gage1,1271244904997313
gage1,1271246080933843
gage1,1271244848626473
gage1,1270732286630655
gage1,1270732283033552
gage1,1270732203177080
gage1,1270732183463946
gage1,1270729636566019
gage1,1270729652421762
gage1,1271220074046545
gage1,1271220072138475
gage1,1271220012106987
gage1,1271220002296216
gage1,1271222988907726
gage1,1271222920956244
gage1,1271221619834717
gage1,1271222790999532
gage1,1271222725889252
gage1,1271222700005260
gage1,1271222680773807
gage1,1271221378749060
gage1,1271220155502544
gage1,1271220149832309
gage1,1271222665050487
gage1,1271222661198641
gage1,1270728453573614
gage1,1270744408672686
gage1,1270744408668047
gage1,1270744405556859
gage1,1271244910518118
gage1,1271219934297437
gage1,1271219924052586
gage1,1271219907486957
gage1,1270732201893824
gage1,1270730941175576
gage1,1270729567404314
gage1,1271221312068797
gage1,1271221320620180
gage1,1271221316745083
gage1,1271220017289083
gage1,1271220004107793
gage1,1271222966342093
gage1,1271222956196512
gage1,1271222942809819
gage1,1271222948378261
gage1,1271221630188499
gage1,1271221617210038
gage1,1271222745166668
gage1,1271222813485331
gage1,1271221422582752
gage1,1271221390534788
gage1,1270727286688065
gage1,1270727221791441
gage1,1270744405340460
gage1,1270744405496370
gage1,1270744402338786
gage1,1270744402293882
gage1,1271221185161032
gage1,1271221184271954
gage1,1271219868598360
gage1,1271219851695359
gage1,1271219788395886
gage1,1270732128465536
gage1,1270732102809034
gage1,1271221344735842
gage1,1271221334918598
gage1,1271221252424404
gage1,1271221257632979
gage1,1271224202648537
gage1,1271222865539955
gage1,1271222856522253
gage1,1271222823604928
gage1,1271222826128766
gage1,1271221428177929
gage1,1271221411295624
gage1,1270744402305518
gage1,1270744399194234
gage1,1270744395920894
gage1,1270744396048453
gage1,1271221126022206
gage1,1271221122321199
gage1,1271219879688905
gage1,1271219866179352
gage1,1270732144585520
gage1,1270732085354536
gage1,1270730857927377
gage1,1270730790676223
gage1,1271221269559556
gage1,1271221271547379
gage1,1271222884424941
gage1,1271222878834205
gage1,1271224068077622
gage1,1271224002521753
gage1,1271222617504029
gage1,1271221369320936
gage1,1270744392664672
gage1,1270744392643296
gage1,1271221148374037
gage1,1271221145542539
gage1,1271221140918101
gage1,1271221146692880
gage1,1271221120947975
gage1,1271221120461009
gage1,1271219823622561
gage1,1271219816256367
gage1,1271219792613381
gage1,1271219719384138
gage1,1270730764308175
gage1,1270729598009495
gage1,1270730673671812
gage1,1270730710415890
gage1,1271221289962101
gage1,1271221225119972
gage1,1271224128859813
gage1,1271222889889834
gage1,1271222895420524
gage1,1271222904625029
gage1,1271224091285800
gage1,1271224087505609
gage1,1271224009937881
gage1,1271222775335211
gage1,1271222619745536
gage1,1271221368098428
gage1,1270744389546452
gage1,1270744389501308
gage1,1271221065244847
gage1,1271221064261356
gage1,1271219679892663
gage1,1271219663932386
gage1,1270730756415479
gage1,1270729531508132
gage1,1270731923317440
gage1,1270731850797130
gage1,1270730688095403
gage1,1270730635004553
gage1,1271222528795469
gage1,1271221302446813
gage1,1271221232440318
gage1,1271221220369126
gage1,1271224152067014
gage1,1271224160950041
gage1,1271224100929212
gage1,1271224109672386
gage1,1271223967323392
gage1,1271223957314976
gage1,1271223876878101
gage1,1271222650922779
gage1,1271222605070631
gage1,1271222533933859
gage1,1270744386474000
gage1,1270743167086999
gage1,1271221106563686
gage1,1271221087050774
gage1,1271221108296133
gage1,1271221082512791
gage1,1271219708704788
gage1,1271219709546914
gage1,1271219687805206
gage1,1271219653042898
gage1,1270730771229030
gage1,1270730758561441
gage1,1270729514776182
gage1,1270731949162249
gage1,1270731883892580
gage1,1270730495260579
gage1,1270731813077853
gage1,1270729304786039
gage1,1270729322735481
gage1,1271222467164032
gage1,1271222472358207
gage1,1271222401981601
gage1,1271221179363109
gage1,1271224181080434
gage1,1271224189693068
gage1,1271225344794808
gage1,1271225292682500
gage1,1271223979924494
gage1,1271223983770513
gage1,1271223968274343
gage1,1271223940454726
gage1,1271223902101844
gage1,1271223891780898
gage1,1271222568719107
gage1,1271222561836155
gage1,1270743164227691
gage1,1270743164140292
gage1,1270743164045274
gage1,1270743164168709
gage1,1270743160902865
gage1,1271220952848890
gage1,1271220873463948
gage1,1271219628286449
gage1,1271219621532974
gage1,1270729455508045
gage1,1270729526972834
gage1,1271219593751477
gage1,1271219528408133
gage1,1271219524773158
gage1,1270731676339325
gage1,1270731653113799
gage1,1270731769312371
gage1,1270731746261550
gage1,1270729305608996
gage1,1271222485895442
gage1,1271222482085916
gage1,1271222484144273
gage1,1271222428756987
gage1,1271222401485534
gage1,1271221172419177
gage1,1271225428377221
gage1,1271225436970004
gage1,1271225386279541
gage1,1271225324140887
gage1,1271223986545872
gage1,1271223996877139
gage1,1271224058564855
gage1,1271225283983831
gage1,1271223920116441
gage1,1271222588076828
gage1,1271223809094307
gage1,1270743157810224
gage1,1270743161065318
gage1,1270743160463648
gage1,1271221033764805
gage1,1271220965207665
gage1,1271219616340274
gage1,1271219610484451
gage1,1271219536615308
gage1,1271219529774663
gage1,1270731710796090
gage1,1270731684906929
gage1,1271219419822163
gage1,1270731767780467
gage1,1270731761091000
gage1,1270729193547008
gage1,1270729234893005
gage1,1271222512599734
gage1,1271222498264315
gage1,1271222450711450
gage1,1271222453173587
gage1,1271222416881605
gage1,1271222409665855
gage1,1271225401818030
gage1,1271226565417708
gage1,1271225228472600
gage1,1271225220596921
gage1,1271225091059385
gage1,1271223871275394
gage1,1271223833932428
gage1,1271223774582072
gage1,1270743151433486
gage1,1270743154646676
gage1,1271221039078938
gage1,1271221044778705
gage1,1271220989976193
gage1,1271220978475225
gage1,1271219577286787
gage1,1271219557120277
gage1,1271219562327299
gage1,1271219494233360
gage1,1271219471170152
gage1,1271219461638863
gage1,1271219348118475
gage1,1271219289513444
gage1,1270731692870254
gage1,1270731676892164
gage1,1271219395710516
gage1,1270731773226288
gage1,1270728057720078
gage1,1270729227351960
gage1,1271222527018831
gage1,1271222513406957
gage1,1271223700437184
gage1,1271223687448547
gage1,1271222390108763
gage1,1271222377037764
gage1,1271226632284998
gage1,1271226585461123
gage1,1271226587482847
gage1,1271225256902623
gage1,1271225255902589
gage1,1271225242168105
gage1,1271225171085830
gage1,1271223859721486
gage1,1271223791106780
gage1,1270743154614365
gage1,1270743154760019
gage1,1271222217882067
gage1,1271222156107492
gage1,1271222210363601
gage1,1271222216097213
gage1,1271220828212032
gage1,1271220876990172
gage1,1271220813750680
gage1,1271220800534471
gage1,1271219511558821
gage1,1271219482547965
gage1,1271219272660058
gage1,1270731637028178
gage1,1271219412737609
gage1,1271219418387128
gage1,1271219343145671
gage1,1270727961191077
gage1,1270728029012259
gage1,1270727928685656
gage1,1270727981492130
gage1,1271223770959979
gage1,1271223761255078
gage1,1271223753947112
gage1,1271223725073522
gage1,1271223647662213
gage1,1271223642919700
gage1,1271222392292614
gage1,1271226664201833
gage1,1271226679261225
gage1,1271226622101763
gage1,1271226611855896
gage1,1271225274761166
gage1,1271225273799938
gage1,1271225189898318
gage1,1271225180426594
gage1,1271225041454136
gage1,1271225030962097
gage1,1270743151486462
gage1,1271222154600409
gage1,1271222149043179
gage1,1271222291202606
gage1,1271222219601807
gage1,1271220850505330
gage1,1271220846504321
gage1,1271220841629600
gage1,1271220773951300
gage1,1271220772661210
gage1,1271219430190042
gage1,1271219504147002
gage1,1271219265031681
gage1,1270731642658759
gage1,1271219369316328
gage1,1271219377767960
gage1,1270729184273597
gage1,1270729155816464
gage1,1270727943006731
gage1,1270727900099582
gage1,1271223721497071
gage1,1271223704559396
gage1,1271227937552853
gage1,1271227863498341
gage1,1271227855142144
gage1,1271226512265696
gage1,1271226506572124
gage1,1271225208158857
gage1,1271225211603028
gage1,1271225194731809
gage1,1271225176040788
gage1,1271224988627861
gage1,1271224980777987
gage1,1270743151561981
gage1,1270743145023999
gage1,1271222308730157
gage1,1271222289575599
gage1,1271222242489156
gage1,1271222241484571
gage1,1271222098786374
gage1,1271222091494004
gage1,1271219455592134
gage1,1271219451707428
gage1,1271219264714947
gage1,1270731632433461
gage1,1271219389279939
gage1,1271219382933690
gage1,1270730380288333
gage1,1270729137561058
gage1,1270729103718110
gage1,1270727867588882
gage1,1270726648242882
gage1,1270727892317800
gage1,1271223739139755
gage1,1271223732676143
gage1,1271227959776097
gage1,1271227888785341
gage1,1271227819852201
gage1,1271227717254803
gage1,1271226459482852
gage1,1271226531855169
gage1,1271226510413361
gage1,1271225200136192
gage1,1271225125881556
gage1,1271225175249160
gage1,1271225165195458
gage1,1270743148432977
gage1,1270743145432366
gage1,1271223558177085
gage1,1271222313060267
gage1,1271222326894190
gage1,1271222314337456
gage1,1271222260973900
gage1,1271222263001080
gage1,1271222113633889
gage1,1271222109312318
gage1,1271220684406234
gage1,1271220674420568
gage1,1271219270603598
gage1,1271219209311185
gage1,1271220549312666
gage1,1271220549809795
gage1,1270730399417700
gage1,1270730389653526
gage1,1270729062107452
gage1,1270729052501080
gage1,1270727813857885
gage1,1270727885322113
gage1,1271229123392412
gage1,1271229070843139
gage1,1271227770384396
gage1,1271227763314267
gage1,1271226464500778
gage1,1271226448948428
gage1,1271227727644907
gage1,1271226554086089
gage1,1271226533382064
gage1,1271226514578618
gage1,1271226373851796
gage1,1271225144530712
gage1,1271225124121848
gage1,1271225115064877
gage1,1270743145211578
gage1,1270743139149356
gage1,1270743142094448
gage1,1271223616246820
gage1,1271222313483911
gage1,1271223491136811
gage1,1271223499844681
gage1,1271222199535675
gage1,1271222194170325
gage1,1271222135871542
gage1,1271222141233736
gage1,1271222060207359
gage1,1271222050196738
gage1,1271220713427590
gage1,1271220765271332
gage1,1271220683791207
gage1,1271220679860653
gage1,1271219293124295
gage1,1271219224801504
gage1,1271219208732868
gage1,1270731575965781
gage1,1271220557514124
gage1,1271219325733268
gage1,1270730421603756
gage1,1270730408398295
gage1,1270730397920213
gage1,1270729073737890
gage1,1270729051476695
gage1,1270727772103197
gage1,1270727827902093
gage1,1270726627577240
gage1,1270726571885421
gage1,1271229136802347
gage1,1271229139213399
gage1,1271229017535409
gage1,1271229094529917
gage1,1271226422133849
gage1,1271226409475207
gage1,1271227768959591
gage1,1271227758879443
gage1,1271227781399835
gage1,1271226552130791
gage1,1271225149828281
gage1,1271226378801953
gage1,1270743193913771
gage1,1270743135986389
gage1,1270743134947522
gage1,1271222371998175
gage1,1271222355451554
gage1,1271223581660731
gage1,1271223569599895
gage1,1271223512167978
gage1,1271223501549157
gage1,1271223440255740
gage1,1271223427338965
gage1,1271223383499011
gage1,1271223370545012
gage1,1271223323884708
gage1,1271223322974050
gage1,1271222071283321
gage1,1271222052283908
gage1,1271222016101300
gage1,1271220797869313
gage1,1271220718178839
gage1,1271220708396473
gage1,1271220685147507
gage1,1271219453366415
gage1,1271219254034088
gage1,1271219253439046
gage1,1271219239620811
gage1,1271219210941029
gage1,1271220566688384
gage1,1271220533755994
gage1,1270730427004665
gage1,1270730429741938
gage1,1270730358359893
gage1,1270730337975376
gage1,1270729053755273
gage1,1270729037759608
gage1,1270727798317786
gage1,1270726552225680
gage1,1270726569745351
gage1,1271229150936145
gage1,1271229197116654
gage1,1271229162078050
gage1,1271229156771918
gage1,1271230274006701
gage1,1271229038601755
gage1,1271227669918112
gage1,1271227656657091
gage1,1271226417835713
gage1,1271226399113911
gage1,1271229009534646
gage1,1271229002529280
gage1,1271225142649690
gage1,1271226316629893
gage1,1270743193937662
gage1,1270743190709105
gage1,1270743190703104
gage1,1271223521383894
gage1,1271223527271535
gage1,1271223457192576
gage1,1271223444643037
gage1,1271223409116182
gage1,1271223411868937
gage1,1271223349914255
gage1,1271223339192059
gage1,1271223331729883
gage1,1271223285909025
gage1,1271221996424641
gage1,1271222048224743
gage1,1271221970423875
gage1,1271221963530899
gage1,1271221981262265
gage1,1271221910150712
gage1,1271220629758043
gage1,1271220610932585
gage1,1271219229220928
gage1,1271219213129099
gage1,1271220511256099
gage1,1271220498333458
gage1,1270731600968769
gage1,1270730365906196
gage1,1270729017474278
gage1,1270729001443797
gage1,1270728982284211
gage1,1270728975371294
gage1,1270725297875173
gage1,1270725308457625
gage1,1270726508290926
gage1,1270726507791714
gage1,1271229178275306
gage1,1271230345374241
gage1,1271229177449428
gage1,1271229167347475
gage1,1271230279287619
gage1,1271229050333957
gage1,1271227694849491
gage1,1271227687982819
gage1,1271227671105446
gage1,1271226425606944
gage1,1271225077076085
gage1,1271226318138223
gage1,1271226341666886
gage1,1271226347221052
gage1,1270743190830801
gage1,1270743191010002
gage1,1271223534124091
gage1,1271223546109573
gage1,1271223480976479
gage1,1271223397735799
gage1,1271224596694659
gage1,1271224587416684
gage1,1271224576659224
gage1,1271223353985159
gage1,1271222008283056
gage1,1271221995038362
gage1,1271220660662693
gage1,1271220647194470
gage1,1271194875086682
gage1,1271194842355593
gage1,1271220513261051
gage1,1271220500619760
gage1,1270730268127380
gage1,1270730254589429
gage1,1270728983529037
gage1,1270728967879587
gage1,1270725363389010
gage1,1270725292439350
gage1,1270726498141195
gage1,1270726507496881
gage1,1270726487864447
gage1,1271230416556914
gage1,1271230407956309
gage1,1271230379567015
gage1,1271230375873875
gage1,1271230239452309
gage1,1271230295508574
gage1,1271227706444264
gage1,1271227696294765
gage1,1271227624968493
gage1,1271227611439457
gage1,1271225084911520
gage1,1271225070081377
gage1,1271226333206085
gage1,1271226274646747
gage1,1270743190891472
gage1,1270743190909042
gage1,1271224776683197
gage1,1271223543546257
gage1,1271224730999805
gage1,1271224708148054
gage1,1271224547114948
gage1,1271224595792970
gage1,1271223249793647
gage1,1271222013639378
gage1,1271221905787514
gage1,1271221911602015
gage1,1271221830264902
gage1,1271220606762652
gage1,1271194812210990
gage1,1271194800999358
gage1,1271196133463940
gage1,1271220528642374
gage1,1271220499823066
gage1,1270730303058340
gage1,1270731528410337
gage1,1270730285865608
gage1,1270730269483328
gage1,1270704629680508
gage1,1270704601370303
gage1,1270725357958017
gage1,1270725345436265
gage1,1270725278911811
gage1,1270725334535895
gage1,1270726506694646
gage1,1270726506210804
gage1,1270725227965073
gage1,1270725299240351
gage1,1271230448970106
gage1,1271230436653175
gage1,1271230418744557
gage1,1271230412303227
gage1,1271231620412414
gage1,1271231622726488
gage1,1271230266137575
gage1,1271230267410358
gage1,1271230327216080
gage1,1271228938967582
gage1,1271228951286485
gage1,1271228885785311
gage1,1271228869102426
gage1,1271227604274830
gage1,1271227588443620
gage1,1271226254976334
gage1,1271226245001874
gage1,1270743187853286
gage1,1270743187932406
gage1,1271224865513519
gage1,1271224839675974
gage1,1271224782177992
gage1,1271224790828415
gage1,1271224758953512
gage1,1271225984908900
gage1,1271224680897958
gage1,1271224658755781
gage1,1271223284849500
gage1,1271223268912406
gage1,1271221934730210
gage1,1271221930135524
gage1,1271221848839028
gage1,1271221851515591
gage1,1271196046521691
gage1,1271194810976208
gage1,1271196138142801
gage1,1271196125714244
gage1,1270731526743350
gage1,1270707145499170
gage1,1270705894305083
gage1,1270705891837167
gage1,1270705875428478
gage1,1270704610037331
gage1,1270704603527881
gage1,1270726484336548
gage1,1270726425229631
gage1,1270726444739337
gage1,1271231694271066
gage1,1271231693262889
gage1,1271231637434703
gage1,1271231639857221
gage1,1271231648088435
gage1,1271231583373857
gage1,1271231430090828
gage1,1271230194265654
gage1,1271231558961074
gage1,1271231503629386
gage1,1271230212741102
gage1,1271228977062854
gage1,1271228915161562
gage1,1271228910786739
gage1,1271228896875334
gage1,1271228877090339
gage1,1271227555045982
gage1,1271227539007426
gage1,1271226263639071
gage1,1271226247543720
gage1,1270743185061829
gage1,1271224844455287
gage1,1271224896016592
gage1,1271224805992897
gage1,1271224810450876
gage1,1271225938329092
gage1,1271225927717845
gage1,1271224667329666
gage1,1271224653866561
gage1,1271223274508921
gage1,1271223261519612
gage1,1271221874783308
gage1,1271221883310813
gage1,1271221840447655
gage1,1271221849846307
gage1,1271195983923512
gage1,1271195976155232
gage1,1271196085942106
gage1,1270705893668116
gage1,1270705881015202
gage1,1270704618010019
gage1,1270704605594783
gage1,1270725161541461
gage1,1270725229635946
gage1,1270727689291665
gage1,1270726444361626
gage1,1271231722745078
gage1,1271231659809529
gage1,1271231658836218
gage1,1271232840963452
gage1,1271231607695335
gage1,1271231458229041
gage1,1271231432665487
gage1,1271231566223351
gage1,1271231588178411
gage1,1271231528864228
gage1,1271230148910224
gage1,1271230145232106
gage1,1271228921966214
gage1,1271228915227478
gage1,1271228847711353
gage1,1271228812036129
gage1,1271227521595311
gage1,1271226300305042
gage1,1271226252808810
gage1,1271225008496497
gage1,1270743185133558
gage1,1271224932633251
gage1,1271224914048713
gage1,1271224891227550
gage1,1271226112577176
gage1,1271224826713232
gage1,1271224822518071
gage1,1271224692357851
gage1,1271224685699998
gage1,1271224516219591
gage1,1271223286915895
gage1,1271223199287681
gage1,1271223187045656
gage1,1271223168697518
gage1,1271223113570701
gage1,1271223133814989
gage1,1271223126603828
gage1,1271221778703996
gage1,1271221813936485
gage1,1271196008504560
gage1,1271196001965548
gage1,1271196075589038
gage1,1271197312859601
gage1,1270705912719470
gage1,1270705911578523
gage1,1270705797361710
gage1,1270705799330577
gage1,1270725132353611
gage1,1270725129431453
gage1,1270727720562214
gage1,1270726449979374
gage1,1270726427505265
gage1,1271232903445271
gage1,1271232907053082
gage1,1271232858853229
gage1,1271232849315079
gage1,1271232708673172
gage1,1271231444270794
gage1,1271230205461647
gage1,1271231544548777
gage1,1271231550393850
gage1,1271230170916050
gage1,1271230167195762
gage1,1271230082835257
gage1,1271228850512363
gage1,1271227546108304
gage1,1271227524040389
gage1,1271226213506375
gage1,1271226206245878
gage1,1270743238449591
gage1,1270743182184689
gage1,1271226121551406
gage1,1271226130209844
gage1,1271226059685439
gage1,1271224830938767
gage1,1271226054794074
gage1,1271226012723553
gage1,1271224636449490
gage1,1271224623068321
gage1,1271224548665010
gage1,1271224551553639
gage1,1271224522046410
gage1,1271224453786217
gage1,1271223179712623
gage1,1271223198666586
gage1,1271223083686689
gage1,1271223076552010
gage1,1271221815381687
gage1,1271223054285770
gage1,1271197266405382
gage1,1271197265947241
gage1,1270707156848944
gage1,1270707146736703
gage1,1270707074079586
gage1,1270705842086042
gage1,1270727690625139
gage1,1270726448486458
gage1,1270725178578706
gage1,1270725182762704
gage1,1271232919919865
gage1,1271232729773036
gage1,1271232733983758
gage1,1271231378935869
gage1,1271231391976577
gage1,1271232786898702
gage1,1271232794588686
gage1,1271232803298206
gage1,1271230111688741
gage1,1271230111240099
gage1,1271228845808800
gage1,1271228853245120
gage1,1271228803859438
gage1,1271227574405824
gage1,1271226297786628
gage1,1271227523500986
gage1,1270743257392438
gage1,1271226065363702
gage1,1271226077396343
gage1,1271226017459175
gage1,1271225881087004
gage1,1271225870988137
gage1,1271224486196280
gage1,1271224485330004
gage1,1271223209811987
gage1,1271223226564943
gage1,1271198716214437
gage1,1271198702963346
gage1,1271221789508510
gage1,1271221801687222
gage1,1271197296673950
gage1,1271197274017158
gage1,1270707176861111
gage1,1270707182785702
gage1,1270707171221786
gage1,1270707100720048
gage1,1270707030141397
gage1,1270707014325719
gage1,1270727731392288
gage1,1270703333855955
gage1,1270702050684907
gage1,1270725153590653
gage1,1270725140422932
gage1,1271232696657884
gage1,1271232695079333
gage1,1271233995106772
gage1,1271232759675949
gage1,1271231403395675
gage1,1271231409998343
gage1,1271232803029982
gage1,1271232802540594
gage1,1271230081618204
gage1,1271228858502326
gage1,1271227480703048
gage1,1271227470833836
gage1,1271226088330029
gage1,1271226076426287
gage1,1271226096221343
gage1,1271226092864668
gage1,1271225880224224
gage1,1271225866656664
gage1,1271224566599165
gage1,1271224508734270
gage1,1271223228897669
gage1,1271223160520115
gage1,1271224461977783
gage1,1271224464505967
gage1,1271199946615614
gage1,1271199945621238
gage1,1271197423321424
gage1,1271197404385041
gage1,1271198473399194
gage1,1271198479046132
gage1,1271197230666263
gage1,1271197210804658
gage1,1270707189383378
gage1,1270707197116657
gage1,1271194767080915
gage1,1271194756718573
gage1,1270707109386568
gage1,1270703354749522
gage1,1270703354364377
gage1,1270702053084037
gage1,1270700799672962
gage1,1271233934733093
gage1,1271233924899481
gage1,1271231389888024
gage1,1271231412292003
gage1,1271232663090789
gage1,1271232880958384
gage1,1271232812637583
gage1,1271230100174074
gage1,1271230086784924
gage1,1271228789597951
gage1,1271228783630989
gage1,1271227506006320
gage1,1271228737640291
gage1,1271227485191101
gage1,1271227472490608
gage1,1271226104167123
gage1,1271227338932369
gage1,1271226105803039
gage1,1271226041440929
gage1,1271225891566559
gage1,1271225881652605
gage1,1271224404936087
gage1,1271224394233165
gage1,1271224483795726
gage1,1271224422145575
gage1,1271199893723359
gage1,1271198679298137
gage1,1271197406407535
gage1,1271197422240039
gage1,1271221766493553
gage1,1271198494842958
gage1,1271198496811791
gage1,1270707117907085
gage1,1270707108117463
gage1,1270702071526208
gage1,1270702061708090
gage1,1271233945249758
gage1,1271233954509713
gage1,1271231414780570
gage1,1271232640123896
gage1,1271234056773124
gage1,1271232827600370
gage1,1271230126874608
gage1,1271230116136747
gage1,1271230047304225
gage1,1271230039524905
gage1,1271227501106308
gage1,1271227336549845
gage1,1271226101655853
gage1,1271227347279878
gage1,1271227269783597
gage1,1271225816279186
gage1,1271225800245375
gage1,1271224429597108
gage1,1271224440222827
gage1,1271224341603472
gage1,1271224338002019
gage1,1271225728358844
gage1,1271224502669184
gage1,1271197430593190
gage1,1271197399311275
gage1,1271197408309037
gage1,1271198462970353
gage1,1271198440646264
gage1,1271194706762974
gage1,1270707052048613
gage1,1270707042777048
gage1,1270703314234968
gage1,1270703319792403
gage1,1270702014604909
gage1,1270701993566817
gage1,1271234028978363
gage1,1271234017267224
gage1,1271233982718353
gage1,1271233960093860
gage1,1271232591030352
gage1,1271232577579888
gage1,1271234075482528
gage1,1271234064570292
gage1,1271230059618375
gage1,1271230049565222
gage1,1271228678214192
gage1,1271228677213895
gage1,1271227355840251
gage1,1271227346962106
gage1,1271226167001455
gage1,1271226148143432
gage1,1271227387422037
gage1,1271227324690868
gage1,1271226043931794
gage1,1271227274656300
gage1,1271225825753832
gage1,1271225815649723
gage1,1271225665050392
gage1,1271225673679168
gage1,1271224359205586
gage1,1271224340002821
gage1,1271225751150845
gage1,1271225763492251
gage1,1271198610768976
gage1,1271198603617400
gage1,1271197339993247
gage1,1271199703536224
gage1,1271199687165551
gage1,1271194698562693
gage1,1270707063368598
gage1,1270703262103621
gage1,1270703241956559
gage1,1270701979957922
gage1,1270700797116419
gage1,1271235265054843
gage1,1271235203181804
gage1,1271235217255652
gage1,1271233977969366
gage1,1271233952953601
gage1,1271232631947107
gage1,1271231289166697
gage1,1271232585779977
gage1,1271234101638854
gage1,1271230072214142
gage1,1271230059174639
gage1,1271228764879990
gage1,1271228713088868
gage1,1271228702675957
gage1,1271228699022337
gage1,1271227428200924
gage1,1271227424096414
gage1,1271227402031971
gage1,1271227397157093
gage1,1271226162596611
gage1,1271228688151357
gage1,1271228636524729
gage1,1271228578025833
gage1,1271228545564483
gage1,1271226029700318
gage1,1271226042448443
gage1,1271225847772092
gage1,1271225828512512
gage1,1271225694379834
gage1,1271225680535238
gage1,1271225624545728
gage1,1271225617741563
gage1,1271201225456264
gage1,1271199980214076
gage1,1271197327489311
gage1,1271197338078123
gage1,1270703254441466
gage1,1270703189978033
gage1,1270701969022705
gage1,1270700735032354
gage1,1270700749340388
gage1,1270700687629036
gage1,1271235281344290
gage1,1271235283415146
gage1,1271235278759542
gage1,1271235228962993
gage1,1271235158208740
gage1,1271233883050220
gage1,1271232543323939
gage1,1271232530669191
gage1,1271235401695234
gage1,1271231307349246
gage1,1271231309508167
gage1,1271230073627294
gage1,1271230054726579
gage1,1271228718249226
gage1,1271228713996617
gage1,1271228646670993
gage1,1271225970122007
gage1,1271227208936294
gage1,1271225836810309
gage1,1271225769393364
gage1,1271225712472847
gage1,1271225641120331
gage1,1271225645924662
gage1,1271225639281887
gage1,1271199992041620
gage1,1271199984680320
gage1,1271197311479168
gage1,1270703277278151
gage1,1270703278468699
gage1,1270703205490386
gage1,1270703186609202
gage1,1270701919983144
gage1,1270701900599396
gage1,1270700712549625
gage1,1270700699345141
gage1,1270699514681346
gage1,1270699508183879
gage1,1271235287482347
gage1,1271235305072173
gage1,1271235195589160
gage1,1271235176951426
gage1,1271233895995114
gage1,1271232564877440
gage1,1271233820538488
gage1,1271232532042293
gage1,1271232516693051
gage1,1271231260090777
gage1,1271230001789636
gage1,1271229983270242
gage1,1271228734221153
gage1,1271228727603882
gage1,1271229960201828
gage1,1271229893703912
gage1,1271229952039040
gage1,1271228657475130
gage1,1271228656262117
gage1,1271227226406245
gage1,1271225981023706
gage1,1271227029739437
gage1,1271227022513597
gage1,1271225780315607
gage1,1271225767622210
gage1,1271226973736929
gage1,1271226895461702
gage1,1271226884812786
gage1,1271225659127871
gage1,1271226890379740
gage1,1271202504813971
gage1,1271201229602882
gage1,1271201219566907
gage1,1271198550250809
gage1,1270704515410078
gage1,1270704463062926
gage1,1270703173329072
gage1,1270703191470354
gage1,1270701890196580
gage1,1270700661727797
gage1,1271235312832372
gage1,1271235302706741
gage1,1271235149981332
gage1,1271233917920960
gage1,1271233796115363
gage1,1271232508701297
gage1,1271231242393113
gage1,1271230010706831
gage1,1271229836676336
gage1,1271229892455230
gage1,1271227245187032
gage1,1271227235438383
gage1,1271227047094644
gage1,1271226982330474
gage1,1271226931006401
gage1,1271226927400422
gage1,1271202539062999
gage1,1271202538627978
gage1,1271201255623224
gage1,1271201258168046
gage1,1271201167404407
gage1,1271201157913232
gage1,1271198621476999
gage1,1270704542150857
gage1,1270704550885141
gage1,1270705730616125
gage1,1270704492117520
gage1,1270701939854571
gage1,1270701940804258
gage1,1270704470644473
gage1,1270703154177814
gage1,1270700654673745
gage1,1270701889619880
gage1,1271236552047355
gage1,1271236558084460
gage1,1271236544036959
gage1,1271235259980632
gage1,1271235132758003
gage1,1271235184008223
gage1,1271233736912075
gage1,1271233811579966
gage1,1271231276995839
gage1,1271231212488501
gage1,1271231232010802
gage1,1271230003311235
gage1,1271229914049554
gage1,1271229919249253
gage1,1271227255397373
gage1,1271227167335073
gage1,1271227151698657
gage1,1271227066377482
gage1,1271226997828478
gage1,1271228227406296
gage1,1271226995988221
gage1,1271228165652090
gage1,1271226939695490
gage1,1271202500661185
gage1,1271201274689229
gage1,1271201173138421
gage1,1271201163099048
gage1,1271198634703969
gage1,1271198575643823
gage1,1270701871574248
gage1,1270701868259012
gage1,1270703160153852
gage1,1270703150252107
gage1,1270700684832132
gage1,1270701892280059
gage1,1270700663321767
gage1,1271236559368413
gage1,1271236556719243
gage1,1271236573939336
gage1,1271236582676430
gage1,1271236497830963
gage1,1271236490503687
gage1,1271232503157607
gage1,1271232500459248
gage1,1271233821262770
gage1,1271233755736738
gage1,1271231227874821
gage1,1271231230419650
gage1,1271231180027872
gage1,1271231185790461
gage1,1271229923798051
gage1,1271229868774600
gage1,1271228491005264
gage1,1271228498281222
gage1,1271227192106700
gage1,1271227169374195
gage1,1271228170706455
gage1,1271226932052511
gage1,1271201179479456
gage1,1271201178315206
gage1,1271199876476502
gage1,1271199820639991
gage1,1271198583896080
gage1,1270704397977237
gage1,1270703165013541
gage1,1270703130559519
gage1,1270703131760495
gage1,1270699450324789
gage1,1270699447887726
gage1,1270701845890268
gage1,1270701826499970
gage1,1270700581478128
gage1,1270700621611262
gage1,1271236627903531
gage1,1271236594897363
gage1,1271236646441428
gage1,1271236605835163
gage1,1271236596977636
gage1,1271236524314051
gage1,1271236520156981
gage1,1271236512332500
gage1,1271236433926772
gage1,1271233782124180
gage1,1271235075981190
gage1,1271233695473587
gage1,1271233679840183
gage1,1271231229187038
gage1,1271231219424068
gage1,1271231194646336
gage1,1271229943788776
gage1,1271229931348926
gage1,1271231174443502
gage1,1271231116300138
gage1,1271228507386098
gage1,1271228503669280
gage1,1271228424152178
gage1,1271228425959913
gage1,1271227102929552
gage1,1271227152303023
gage1,1271203793959823
gage1,1271201186020720
gage1,1271201203689882
gage1,1271198589875320
gage1,1271199746857353
gage1,1270704428032638
gage1,1270704417210866
gage1,1270703086503331
gage1,1270703071916885
gage1,1270703117115480
gage1,1270701831763431
gage1,1270700589487199
gage1,1271237842705849
gage1,1271237827155687
gage1,1271237824201106
gage1,1271237768165363
gage1,1271237770460168
gage1,1271236524819457
gage1,1271235013842226
gage1,1271235109120863
gage1,1271235124610668
gage1,1271232460844067
gage1,1271232396133436
gage1,1271228517276636
gage1,1271228524955619
gage1,1271228519084661
gage1,1271228460666150
gage1,1271201212210867
gage1,1271201208442044
gage1,1271199837416860
gage1,1271199830860224
gage1,1270704439843897
gage1,1270704422516537
gage1,1270703079561511
gage1,1270703063244976
gage1,1270703055174795
gage1,1270701878836665
gage1,1271237849732648
gage1,1271237801258109
gage1,1271237812178554
gage1,1271237819028644
gage1,1271236473328801
gage1,1271236459991424
gage1,1271235017092095
gage1,1271235019548834
gage1,1271232425203761
gage1,1271232417446291
gage1,1271228537005852
gage1,1271228539149268
gage1,1271228468415525
gage1,1271228453280718
gage1,1271202479984230
gage1,1271202459641653
gage1,1271202464848802
gage1,1271201108654529
gage1,1271201094466007
gage1,1271199791474348
gage1,1271201026899138
gage1,1270705667088465
gage1,1270705745143631
gage1,1270704383934700
gage1,1270705605885693
gage1,1270703091858108
gage1,1270703026863378
gage1,1270703044243648
gage1,1270701822093275
gage1,1270701791283009
gage1,1270701849630728
gage1,1271237859895678
gage1,1271237863962770
gage1,1271239113638008
gage1,1271239049098743
gage1,1271237701340239
gage1,1271237705544877
gage1,1271236468580959
gage1,1271236455245228
gage1,1271235023425742
gage1,1271235101024852
gage1,1271235018274449
gage1,1271235009016581
gage1,1271232446159251
gage1,1271232426844736
gage1,1271229836946378
gage1,1271229831048213
gage1,1271229787208121
gage1,1271229798813810
gage1,1271228470887986
gage1,1271228458496373
gage1,1271202487883501
gage1,1271203656798357
gage1,1271202427509521
gage1,1271201061667214
gage1,1271201053999520
gage1,1271199805767961
gage1,1271199774504305
gage1,1270705677213927
gage1,1270705643184519
gage1,1270705629351759
gage1,1270704342587142
gage1,1270704270788315
gage1,1270703031412642
gage1,1270703037206244
gage1,1270701811839522
gage1,1270701802507782
gage1,1270701771040551
gage1,1270701771487989
gage1,1270700543397820
gage1,1270701775846740
gage1,1271237874455261
gage1,1271237883390339
gage1,1271237725813581
gage1,1271237710209012
gage1,1271237739405289
gage1,1271237740355805
gage1,1271236476845526
gage1,1271236403016813
gage1,1271235031574820
gage1,1271235045325741
gage1,1271235133069542
gage1,1271236290875731
gage1,1271234969099838
gage1,1271234949344255
gage1,1271233717223021
gage1,1271229847377272
gage1,1271229801529599
gage1,1271231053833268
gage1,1271231041028026
gage1,1271228476883689
gage1,1271228406082308
gage1,1271203741819675
gage1,1271203719124829
gage1,1271201075176556
gage1,1271201080395849
gage1,1271199730940671
gage1,1271199804846221
gage1,1270705690534885
gage1,1270705685277405
gage1,1270706880878248
gage1,1270705657790334
gage1,1270705542064241
gage1,1270704307872157
gage1,1270704291627135
gage1,1270703005882989
gage1,1270703011349263
gage1,1270701804870553
gage1,1270701746929284
gage1,1271237662910620
gage1,1271237643925144
gage1,1271238990495318
gage1,1271238982939296
gage1,1271238998096093
gage1,1271239040425265
gage1,1271235066911998
gage1,1271236302404379
gage1,1271236387860720
gage1,1271236319770407
gage1,1271234988226380
gage1,1271234981480364
gage1,1271233722274024
gage1,1271229883074266
gage1,1271231114171865
gage1,1271229657517311
gage1,1271229646845201
gage1,1271228394501152
gage1,1271228376458940
gage1,1271202310296486
gage1,1271201142727165
gage1,1271202249380360
gage1,1271201081925565
gage1,1271200963125573
gage1,1271199730325393
gage1,1270705713123100
gage1,1270705700908318
gage1,1270705786088622
gage1,1270705708604467
gage1,1270706910949614
gage1,1270706821471256
gage1,1270706823627639
gage1,1270704252617819
gage1,1270704232605048
gage1,1270701757743919
gage1,1270702989220549
gage1,1270701727344852
gage1,1270701718099924
gage1,1271237677613055
gage1,1271237664874528
gage1,1271239016027543
gage1,1271239008822865
gage1,1271238934081294
gage1,1271238920653177
gage1,1271239078658185
gage1,1271239032901253
gage1,1271236288353986
gage1,1271236323531204
gage1,1271236345236393
gage1,1271236344699948
gage1,1271234960510307
gage1,1271234987510810
gage1,1271231139668074
gage1,1271231081476185
gage1,1271229757081192
gage1,1271229734854586
gage1,1271229665338957
gage1,1271229654540974
gage1,1271228341881888
gage1,1271228318896753
gage1,1271228362345739
gage1,1271228352760030
gage1,1271202319046129
gage1,1271202388213049
gage1,1271202390639080
gage1,1271202270152067
gage1,1271202240978198
gage1,1271200982092778
gage1,1271200968437148
gage1,1270706971509599
gage1,1270706946515249
gage1,1270707005201710
gage1,1270707003048971
gage1,1270706824835656
gage1,1270706842727762
gage1,1270705474609621
gage1,1270705487663241
gage1,1270704202685457
gage1,1270704200216015
gage1,1270702930710824
gage1,1270702976207100
gage1,1270701726381660
gage1,1270701726471000
gage1,1271237628578490
gage1,1271237621928043
gage1,1271239038380354
gage1,1271239034313430
gage1,1271238940287981
gage1,1271238933127110
gage1,1271236242658889
gage1,1271236232476670
gage1,1271237593123271
gage1,1271237579952227
gage1,1271234982784372
gage1,1271236166013274
gage1,1271231146264772
gage1,1271231094372643
gage1,1271230980998070
gage1,1271229755173464
gage1,1271229746001274
gage1,1271229739518617
gage1,1271229686636102
gage1,1271229681399453
gage1,1271202335349777
gage1,1271202321901032
gage1,1271202423309185
gage1,1271202414211271
gage1,1271202191784355
gage1,1271202223037664
gage1,1270707027990971
gage1,1270707031148301
gage1,1271194648786513
gage1,1271194642816997
gage1,1270706840762780
gage1,1270706899636965
gage1,1270706865240914
gage1,1270706854712215
gage1,1270705474015175
gage1,1270704237758842
gage1,1270704195376774
gage1,1270702973514919
gage1,1270702929449223
gage1,1270702919005497
gage1,1270701692005619
gage1,1270701676615697
gage1,1270701712514038
gage1,1270701707447346
gage1,1271237627456319
gage1,1271238853512665
gage1,1271240279701822
gage1,1271240275929451
gage1,1271238957115931
gage1,1271238965797274
gage1,1271236274644814
gage1,1271236280046672
gage1,1271236244389307
gage1,1271236241184977
gage1,1271237601990269
gage1,1271237610884480
gage1,1271234920133383
gage1,1271234914112832
gage1,1271232390796791
gage1,1271231150367733
gage1,1271229617660811
gage1,1271230849695049
gage1,1271230930247305
gage1,1271230921967796
gage1,1271202361529257
gage1,1271202360945945
gage1,1271202356480792
gage1,1271202327227346
gage1,1271203475436470
gage1,1270706930237383
gage1,1270706926415364
gage1,1271194497013413
gage1,1270705492570967
gage1,1270705472498939
gage1,1270704181198019
gage1,1270704162077904
gage1,1270702908243889
gage1,1270702899187888
gage1,1270702859229396
gage1,1270701627482921
gage1,1270701670975051
gage1,1270701659584074
gage1,1271238869064094
gage1,1271240288132257
gage1,1271240204225509
gage1,1271238970210754
gage1,1271237513521581
gage1,1271237506844421
gage1,1271237519068186
gage1,1271236256943826
gage1,1271236249613302
gage1,1271229587775040
gage1,1271229592280522
gage1,1271229626455063
gage1,1271230864588698
gage1,1271231028348218
gage1,1271231003291918
gage1,1271230940980282
gage1,1271230882625215
gage1,1271203606080646
gage1,1271202281109637
gage1,1271194565991952
gage1,1271194500974404
gage1,1271194499865630
gage1,1270705514651105
gage1,1270705501375870
gage1,1270705420226708
gage1,1270705415190999
gage1,1270704189650290
gage1,1270704154471855
gage1,1270702898275885
gage1,1271240243073011
gage1,1271240242577058
gage1,1271240215696495
gage1,1271240202744892
gage1,1271237600041433
gage1,1271237538045703
gage1,1271236282163972
gage1,1271236211017910
gage1,1271236197172427
gage1,1271236181250197
gage1,1271228287581850
gage1,1271228329762428
gage1,1271230786541770
gage1,1271230802983449
gage1,1271232258698210
gage1,1271231072622938
gage1,1271231062691685
gage1,1271230902056972
gage1,1271230901253202
gage1,1271203522365205
gage1,1271203534453913
gage1,1271194532494430
gage1,1271194514973230
gage1,1271194506099834
gage1,1271194437900005
gage1,1270706756243792
gage1,1270705520036979
gage1,1270705432389296
gage1,1270705346068919
gage1,1270704117603390
gage1,1270702884044507
gage1,1270702875188584
gage1,1271240188507691
gage1,1271240240805821
gage1,1271240153295059
gage1,1271240152843784
gage1,1271238789162325
gage1,1271238796714806
gage1,1271237514090529
gage1,1271237449263109
gage1,1271236214925333
gage1,1271236186671725
gage1,1271228264811865
gage1,1271228273627350
gage1,1271230788659412
gage1,1271230804842963
gage1,1271232270980158
gage1,1271232262228519
gage1,1271232140351418
gage1,1271232132706125
gage1,1271203535848280
gage1,1271203551465673
gage1,1271203556446002
gage1,1271203545741359
gage1,1271195846728246
gage1,1271194580255285
gage1,1271194537624008
gage1,1271194460765893
gage1,1270706807775587
gage1,1270706798723049
gage1,1270706700638410
gage1,1270705466854338
gage1,1270705385488905
gage1,1270705381936655
gage1,1271241434742311
gage1,1271241422105572
gage1,1271241473514276
gage1,1271240253815252
gage1,1271240161502142
gage1,1271240151536445
gage1,1271240138977828
gage1,1271237517318107
gage1,1271237461740268
gage1,1271237401003005
gage1,1271237462936315
gage1,1271228242739060
gage1,1271228235424896
gage1,1271228243926429
gage1,1271228250353157
gage1,1271230785243274
gage1,1271229544010009
gage1,1271232303357017
gage1,1271232305078920
gage1,1271232333581297
gage1,1271232320524414
gage1,1271232212411623
gage1,1271232156511233
gage1,1271232139048251
gage1,1271232154469901
gage1,1271203623627456
gage1,1271203619581354
gage1,1271204814931598
gage1,1271203576744514
gage1,1271203562304626
gage1,1271203507062937
gage1,1271194584748134
gage1,1271194612800740
gage1,1271195795328427
gage1,1271195720255597
gage1,1271194458408574
gage1,1271194485425618
gage1,1270706715905604
gage1,1270706705320551
gage1,1271241450004868
gage1,1271241391738269
gage1,1271240172957938
gage1,1271240173727894
gage1,1271240095740465
gage1,1271240079779877
gage1,1271237481318867
gage1,1271237543113724
gage1,1271237416599386
gage1,1271237412816510
gage1,1271230804216714
gage1,1271230790669095
gage1,1271232375421056
gage1,1271233603236596
gage1,1271233557726200
gage1,1271233555907321
gage1,1271232344703944
gage1,1271232357553322
gage1,1271231099195861
gage1,1271232235706969
gage1,1271233473491651
gage1,1271232142878337
gage1,1271232176940276
gage1,1271232182897799
gage1,1271203581566311
gage1,1271203519829941
gage1,1271203508769093
gage1,1271203505855529
gage1,1271194616897720
gage1,1271194657480976
gage1,1271195743950910
gage1,1271195732381518
gage1,1271194418343415
gage1,1270706751712341
gage1,1271194432003728
gage1,1270706649123172
gage1,1270706632910090
gage1,1271241345984998
gage1,1271240104259318
gage1,1271237496090806
gage1,1271237489520968
gage1,1271238797871949
gage1,1271238797048237
gage1,1271237438209953
gage1,1271237432750881
gage1,1271230732058782
gage1,1271230725844857
gage1,1271233601831628
gage1,1271232377146162
gage1,1271234887101807
gage1,1271233659021690
gage1,1271233418723638
gage1,1271233408054712
gage1,1271204829479747
gage1,1271204817057307
gage1,1271204763794728
gage1,1271204756884316
gage1,1271204736123878
gage1,1271203452268661
gage1,1271195865269237
gage1,1271195907327319
gage1,1271194739477618
gage1,1271194687970678
gage1,1271195878676222
gage1,1271195811470644
gage1,1271195652533520
gage1,1271194378616989
gage1,1271194385631065
gage1,1270706738366710
gage1,1270706735625403
gage1,1271241371240700
gage1,1271241370488684
gage1,1271237498669022
gage1,1271238727484913
gage1,1271238825174619
gage1,1271238840114444
gage1,1271238825827383
gage1,1271238757973684
gage1,1271238658370604
gage1,1271238662225881
gage1,1271230738289438
gage1,1271230730728399
gage1,1271229471904490
gage1,1271229490109354
gage1,1271233611601123
gage1,1271233614688476
gage1,1271233438606541
gage1,1271233444142969
gage1,1271233355736677
gage1,1271233372354398
gage1,1271204858695728
gage1,1271204789766088
gage1,1271204782552201
gage1,1271204774899871
gage1,1271195933195439
gage1,1271195933804437
gage1,1271197162579655
gage1,1271197153452166
gage1,1271195825105144
gage1,1271195753588394
gage1,1271194319797320
gage1,1270706678167451
gage1,1271241402751116
gage1,1271241398511357
gage1,1271238744072532
gage1,1271238749352438
gage1,1271238673831501
gage1,1271238676124302
gage1,1271230749701056
gage1,1271230767345387
gage1,1271206354953822
gage1,1271228210915886
gage1,1271228269013723
gage1,1271229460464159
gage1,1271229457836459
gage1,1271233631762475
gage1,1271233640709697
gage1,1271233449299909
gage1,1271233426365929
gage1,1271234688791745
gage1,1271233390692421
gage1,1271233348731220
gage1,1271233345051945
gage1,1271204799820693
gage1,1271206089606145
gage1,1271204798068067
gage1,1271204722047502
gage1,1271197206520280
gage1,1271195900174091
gage1,1271195964162995
gage1,1271195963898135
gage1,1271197064741398
gage1,1271197066580619
gage1,1271196997819297
gage1,1271195765004546
gage1,1271194327787886
gage1,1271194319031178
gage1,1271242571075519
gage1,1271241342299952
gage1,1271238766776813
gage1,1271238772301769
gage1,1271238705631283
gage1,1271238692404194
gage1,1271232007267911
gage1,1271206399617504
gage1,1271206363278061
gage1,1271206343957297
gage1,1271205075168449
gage1,1271228220808925
gage1,1271228206696413
gage1,1271233468708477
gage1,1271233514631233
gage1,1271233413313907
gage1,1271234705284242
gage1,1271234700815280
gage1,1271232060345827
gage1,1271232115403910
gage1,1271206030874896
gage1,1271206036400959
gage1,1271197092207418
gage1,1271197094913464
gage1,1271197019084810
gage1,1271196993137482
gage1,1271194311384113
gage1,1270706680373529
gage1,1271241331326663
gage1,1271241331858585
gage1,1271240014860205
gage1,1271238783792301
gage1,1271240022793550
gage1,1271239955187663
gage1,1271239950355882
gage1,1271239936807862
gage1,1271207634997128
gage1,1271207637296125
gage1,1271206375157314
gage1,1271206339394595
gage1,1271205105230143
gage1,1271205061299235
gage1,1271234758910864
gage1,1271234771278220
gage1,1271234645535134
gage1,1271234632999334
gage1,1271233284033244
gage1,1271232042902504
gage1,1271206056790051
gage1,1271206050751424
gage1,1271206065410663
gage1,1271206067593765
gage1,1271197115777567
gage1,1271197093855535
gage1,1271195705430383
gage1,1271196937013127
gage1,1270706647477190
gage1,1270706651422407
gage1,1271240048567664
gage1,1271239999567321
gage1,1271239956043147
gage1,1271239884638523
gage1,1271232035441250
gage1,1271207653423437
gage1,1271207649499488
gage1,1271207616183534
gage1,1271206325925216
gage1,1271206276548604
gage1,1271205036945579
gage1,1271205027168425
gage1,1271205085455489
gage1,1271203826354866
gage1,1271203812441357
gage1,1271234776132916
gage1,1271233531997191
gage1,1271234793858921
gage1,1271234729354661
gage1,1271234667376518
gage1,1271234654119404
gage1,1271208927737462
gage1,1271208917743359
gage1,1271207323212442
gage1,1271207243531392
gage1,1271198416023460
gage1,1271195703582808
gage1,1271198287727979
gage1,1271196953071312
gage1,1271239975940615
gage1,1271239988638127
gage1,1271239909282162
gage1,1271239920865987
gage1,1271207665483767
gage1,1271207664395800
gage1,1271207564523690
gage1,1271206328490744
gage1,1271205018674027
gage1,1271205002918381
gage1,1271205000691102
gage1,1271203766079929
gage1,1271234806209995
gage1,1271234819719083
gage1,1271233591156665
gage1,1271234738861465
gage1,1271234728514420
gage1,1271234680705199
gage1,1271234685871382
gage1,1271234607775607
gage1,1271234646606301
gage1,1271208947075649
gage1,1271208940472245
gage1,1271208576760699
gage1,1271207282502924
gage1,1271207255903397
gage1,1271207268327623
gage1,1271195631634847
gage1,1271196971859442
gage1,1271196948621468
gage1,1271241216052546
gage1,1271239931969203
gage1,1271241190589755
gage1,1271241171625418
gage1,1271208875740106
gage1,1271208850249533
gage1,1271207589080373
gage1,1271207585364859
gage1,1271207562386989
gage1,1271206324626660
gage1,1271204946586484
gage1,1271204943580644
gage1,1271203770404407
gage1,1271234877237410
gage1,1271234849659796
gage1,1271234817578335
gage1,1271235970806760
gage1,1271234813172585
gage1,1271234684712952
gage1,1271235921640742
gage1,1271235921105431
gage1,1271210201143743
gage1,1271234593735955
gage1,1271208555150849
gage1,1271208538541149
gage1,1271195633635768
gage1,1271195614159220
gage1,1271196990935102
gage1,1271196974502707
gage1,1271196882993942
gage1,1271241250188972
gage1,1271241243145169
gage1,1271241177374048
gage1,1271241182433848
gage1,1271242432831386
gage1,1271242461879742
gage1,1271210136548824
gage1,1271208864962755
gage1,1271208845195576
gage1,1271207535728342
gage1,1271207590744954
gage1,1271207558524934
gage1,1271206320613711
gage1,1271204929322477
gage1,1271203704078118
gage1,1271234830971882
gage1,1271234825110909
gage1,1271236061103378
gage1,1271235996245506
gage1,1271236052825917
gage1,1271235997375649
gage1,1271235934970131
gage1,1271235940368922
gage1,1271235933013615
gage1,1271234580752004
gage1,1271234583308551
gage1,1271195645393236
gage1,1271195571166694
gage1,1271194365289646
gage1,1271194349017338
gage1,1271198230235476
gage1,1271198235721009
gage1,1271198231671012
gage1,1271196985774971
gage1,1271196887615512
gage1,1271196881707515
gage1,1271241274865691
gage1,1271241264144700
gage1,1271208876981801
gage1,1271208808710116
gage1,1271207524970434
gage1,1271207515426833
gage1,1271206262379885
gage1,1271206245680244
gage1,1271234850588405
gage1,1271234905955035
gage1,1271236093959846
gage1,1271236031575431
gage1,1271236014935888
gage1,1271236066737631
gage1,1271236112221648
gage1,1271236027175068
gage1,1271235964656366
gage1,1271237192835957
gage1,1271237240435819
gage1,1271237184141174
gage1,1271235873608601
gage1,1271235854936952
gage1,1271196815191078
gage1,1271196808414187
gage1,1271195568526872
gage1,1271195547753239
gage1,1271194296068777
gage1,1271194276759023
gage1,1271199497466712
gage1,1271198265472703
gage1,1271198162457828
gage1,1271198149885630
gage1,1271242518431357
gage1,1271242453685693
gage1,1271210070298582
gage1,1271208825429552
gage1,1271206268444607
gage1,1271206257736403
gage1,1271206208128841
gage1,1271204986536119
gage1,1271234873526570
gage1,1271234922142318
gage1,1271237329611567
gage1,1271237314061003
gage1,1271236141434856
gage1,1271236120094834
gage1,1271236113808255
gage1,1271237293682113
gage1,1271237278558961
gage1,1271239822220935
gage1,1271239756330940
gage1,1271237219201276
gage1,1271237135439198
gage1,1271211487738356
gage1,1271211468019750
gage1,1271195505049173
gage1,1271195493040233
gage1,1271195539873245
gage1,1271195520410883
gage1,1271194201543036
gage1,1271199569772802
gage1,1271199597500559
gage1,1271198173156172
gage1,1271198200913729
gage1,1271198145949440
gage1,1271208831258140
gage1,1271207499605285
gage1,1271207489906609
gage1,1271207488215341
gage1,1271206262500665
gage1,1271206161023770
gage1,1271206148182392
gage1,1271204886018031
gage1,1271204953757394
gage1,1271237334060940
gage1,1271237314659704
gage1,1271236158053671
gage1,1271237386525105
gage1,1271238532703021
gage1,1271238535457745
gage1,1271237270042103
gage1,1271239851932091
gage1,1271237242465979
gage1,1271238467389103
gage1,1271237128216485
gage1,1271237151288665
gage1,1271210231115670
gage1,1271210228742408
gage1,1271195497620661
gage1,1271195475428015
gage1,1271195472822157
gage1,1271195471268265
gage1,1271195468455888
gage1,1271194216321427
gage1,1271194198385957
gage1,1271199635454037
gage1,1271199619589025
gage1,1271200853110906
gage1,1271199448724624
gage1,1271199447668665
gage1,1271196909955427
gage1,1271196915877852
gage1,1271210059263854
gage1,1271208830420970
gage1,1271207433156700
gage1,1271207429501721
gage1,1271206098457270
gage1,1271204863998182
gage1,1271238565181716
gage1,1271238611308018
gage1,1271237364475969
gage1,1271238480048862
gage1,1271238412648339
gage1,1271212751959715
gage1,1271237120237438
gage1,1271237172566393
gage1,1271195397636254
gage1,1271194217690880
gage1,1271194196431938
gage1,1271194246484628
gage1,1271199649366774
gage1,1271199631025588
gage1,1271199463742358
gage1,1271199467667004
gage1,1271196853858734
gage1,1271196841532387
gage1,1271210054938324
gage1,1271208819627602
gage1,1271207523232093
gage1,1271207445341600
gage1,1271239820117641
gage1,1271238582388121
gage1,1271238635516739
gage1,1271238622780504
gage1,1271238483647542
gage1,1271238425561245
gage1,1271238424950262
gage1,1271238427330350
gage1,1271212750932315
gage1,1271211519010177
gage1,1271212798963223
gage1,1270706550001510
gage1,1270706608664865
gage1,1271199670070389
gage1,1271199662183604
gage1,1271199472055036
gage1,1271199453090712
gage1,1271200706819687
gage1,1271199486379838
gage1,1271198025475211
gage1,1271196843108635
gage1,1271210077083868
gage1,1271210018493070
gage1,1271208754077694
gage1,1271208742087853
gage1,1271207546402094
gage1,1271207484428224
gage1,1271207450211277
gage1,1271207431394404
gage1,1271239894940095
gage1,1271239879502090
gage1,1271238447367563
gage1,1271238443213674
gage1,1271212758875849
gage1,1271212743697672
gage1,1271199677886051
gage1,1271200901785189
gage1,1271199397062090
gage1,1271199381303175
gage1,1271200751306011
gage1,1271200797504985
gage1,1271200727628283
gage1,1271200661971058
gage1,1271198041924974
gage1,1271198025707181
gage1,1271196823373121
gage1,1271196767526005
gage1,1271209985514929
gage1,1271208762644872
gage1,1271208719157616
gage1,1271208720975161
gage1,1271208643151628
gage1,1271207413909392
gage1,1271207362827390
gage1,1271239744853210
gage1,1271239682985586
gage1,1271214069905282
gage1,1271238442078405
gage1,1271212718789627
gage1,1271212709001275
gage1,1271211452732275
gage1,1271211501673206
gage1,1271200932769708
gage1,1271200922411613
gage1,1271200933869640
gage1,1271200930555260
gage1,1271199414818693
gage1,1271199398639333
gage1,1271199373647330
gage1,1271199361426321
gage1,1271200798300627
gage1,1271200785690877
gage1,1271200690773321
gage1,1271200696403989
gage1,1271197956873568
gage1,1271196729299858
gage1,1271196765426517
gage1,1271196753405695
gage1,1271209988156450
gage1,1271209925811057
gage1,1271207422972151
gage1,1271208641400523
gage1,1271207370901013
gage1,1271206126232319
gage1,1271239708752122
gage1,1271239701465526
gage1,1271212708573993
gage1,1271212698210132
gage1,1271211491252528
gage1,1271211478760037
gage1,1271199350100096
gage1,1271199385729443
gage1,1271200811069012
gage1,1271200864128549
gage1,1271201922889987
gage1,1271201925286522
gage1,1271200691793734
gage1,1271200685638914
gage1,1271197890695360
gage1,1271196664823004
gage1,1271196721448645
gage1,1271196708537905
gage1,1271196680843854
gage1,1271196679863811
gage1,1271210007528586
gage1,1271209951681425
gage1,1271208673676071
gage1,1271208656976784
gage1,1271207395881347
gage1,1271207334271089
gage1,1271239710602688
gage1,1271239707371633
gage1,1271212733815097
gage1,1271212717089277
gage1,1271212625989994
gage1,1271212616768603
gage1,1271211407820693
gage1,1271200577217503
gage1,1271200600073354
gage1,1271199318072908
gage1,1271199305417463
gage1,1271200821433186
gage1,1271202052443931
gage1,1271201987665933
gage1,1271200759665278
gage1,1271201967739958
gage1,1271201950865073
gage1,1271201858537379
gage1,1271196697821760
gage1,1271196688788735
gage1,1271209975402008
gage1,1271209953144015
gage1,1271208629828609
gage1,1271208633523261
gage1,1271208597164417
gage1,1271208584588338
gage1,1271239729996943
gage1,1271239726479842
gage1,1271239718979765
gage1,1271239699982420
gage1,1271212667534313
gage1,1271212670902566
gage1,1271212637736014
gage1,1271212621018202
gage1,1271211384756227
gage1,1271211374070878
gage1,1271211403181697
gage1,1271210172424955
gage1,1271200530214810
gage1,1271199295256644
gage1,1271199316618096
gage1,1271199317468124
gage1,1271200831294803
gage1,1271202004111772
gage1,1271201997219078
gage1,1271203277764816
gage1,1271203265558305
gage1,1271201965609034
gage1,1271201894372241
gage1,1271201856738303
gage1,1271196620612117
gage1,1271195453072997
gage1,1271211219313973
gage1,1271211151797682
gage1,1271209913157165
gage1,1271209890122561
gage1,1271209860661832
gage1,1271208619192134
gage1,1271208627404274
gage1,1271239739105005
gage1,1271239735486793
gage1,1271215352629809
gage1,1271215321207361
gage1,1271215320528546
gage1,1271213895430821
gage1,1271213908975060
gage1,1271212573174838
gage1,1271212558385246
gage1,1271211295366020
gage1,1271211350731705
gage1,1271210108237220
gage1,1271210157444682
gage1,1271200538805945
gage1,1271200531930624
gage1,1271199263855200
gage1,1271199253776426
gage1,1271199297895972
gage1,1271198077464426
gage1,1271202050611441
gage1,1271202063107186
gage1,1271202021577716
gage1,1271202014337721
gage1,1271203293361083
gage1,1271203300690524
gage1,1271203270113343
gage1,1271201982677899
gage1,1271203142282939
gage1,1271201919050059
gage1,1271196631606359
gage1,1271196619034445
gage1,1271195424677104
gage1,1271195369144982
gage1,1271211170316587
gage1,1271211166299907
gage1,1271209843188601
gage1,1271209891515910
gage1,1271239738491776
gage1,1271240968448208
gage1,1271215289461915
gage1,1271215321763451
gage1,1271215312813303
gage1,1271213917291251
gage1,1271213910505399
gage1,1271213942328781
gage1,1271213935028043
gage1,1271211287253417
gage1,1271211275488198
gage1,1271210047698128
gage1,1271211328388140
gage1,1271201796285282
gage1,1271200573092399
gage1,1271200472709620
gage1,1271200460565950
gage1,1271199242761136
gage1,1271199240335465
gage1,1271202063795550
gage1,1271200893254966
gage1,1271202078614383
gage1,1271202084125437
gage1,1271203295732378
gage1,1271203347343950
gage1,1271203177251082
gage1,1271203136543842
gage1,1271201829717469
gage1,1271196608077345
gage1,1271195416092328
gage1,1271195409044087
gage1,1271195373676424
gage1,1271195356990096
gage1,1271211091847886
gage1,1271209844495738
gage1,1271209819840408
gage1,1271209817301306
gage1,1271240974333231
gage1,1271240963706442
gage1,1271241049999228
gage1,1271241030806559
gage1,1271215266687117
gage1,1271215257058214
gage1,1271213933557455
gage1,1271213871555076
gage1,1271213845528189
gage1,1271215172483332
gage1,1271211237923081
gage1,1271211224782917
gage1,1271200481446146
gage1,1271199227409613
gage1,1271199215866935
gage1,1271199244803784
gage1,1271197950790147
gage1,1271198009693217
gage1,1271202079990023
gage1,1271202152146635
gage1,1271202113214798
gage1,1271200884877946
gage1,1271203332001822
gage1,1271203386402619
gage1,1271203311415348
gage1,1271203364611923
gage1,1271203351372668
gage1,1271203196677311
gage1,1271203189874426
gage1,1271195326803258
gage1,1271195310966749
gage1,1271209840157034
gage1,1271209824625784
gage1,1271241007091352
gage1,1271241019585778
gage1,1271216595138426
gage1,1271216587683156
gage1,1271241031749173
gage1,1271239806733023
gage1,1271215262705992
gage1,1271215240137737
gage1,1271213860301539
gage1,1271213834425549
gage1,1271211253293227
gage1,1271211252352400
gage1,1271200481250111
gage1,1271201736177736
gage1,1271199151151839
gage1,1271199167391305
gage1,1271197925914321
gage1,1271197993996151
gage1,1271202099100759
gage1,1271202091982800
gage1,1271202133208048
gage1,1271202117560058
gage1,1271200873433101
gage1,1271200872386452
gage1,1271204546274785
gage1,1271203327201059
gage1,1271203446665062
gage1,1271204616621902
gage1,1271204425263885
gage1,1271204487410859
gage1,1271203182576401
gage1,1271204417747362
gage1,1271241085205364
gage1,1271242242843533
gage1,1271216623727336
gage1,1271216626257406
gage1,1271216611826975
gage1,1271216595411110
gage1,1271241045384947
gage1,1271241036562044
gage1,1271239869740016
gage1,1271239791938479
gage1,1271215288012966
gage1,1271215276890510
gage1,1271213994793735
gage1,1271215052525679
gage1,1271213810423678
gage1,1271212536682421
gage1,1271212595378270
gage1,1271200499856918
gage1,1271200486474717
gage1,1271199139268837
gage1,1271199126654661
gage1,1271197927267804
gage1,1271197914608589
gage1,1271203402773335
gage1,1271203340774333
gage1,1271202110826296
gage1,1271202110452863
gage1,1271202192449994
gage1,1271202140781880
gage1,1271204454089327
gage1,1271204496383510
gage1,1271204506487449
gage1,1271203174673691
gage1,1271203159562473
gage1,1271204452574211
gage1,1271204428981547
gage1,1271242306020404
gage1,1271242311914979
gage1,1271242261686423
gage1,1271242270282158
gage1,1271241021248426
gage1,1271217870607348
gage1,1271217872614686
gage1,1271217811033042
gage1,1271217807216074
gage1,1271216549686779
gage1,1271216536148550
gage1,1271241084471127
gage1,1271241064160770
gage1,1271241121089547
gage1,1271241111682666
gage1,1271241102894074
gage1,1271241090313551
gage1,1271216452903081
gage1,1271215217723472
gage1,1271213815568401
gage1,1271213799757061
gage1,1271212509532284
gage1,1271213761034546
gage1,1271201738026342
gage1,1271200508940094
gage1,1271200421171264
gage1,1271200412305518
gage1,1271199096023020
gage1,1271199067350000
gage1,1271197868376731
gage1,1271197846156658
gage1,1271197897933892
gage1,1271203417608463
gage1,1271202192982993
gage1,1271204519698147
gage1,1271204528824337
gage1,1271203096367643
gage1,1271203074348525
gage1,1271204383384392
gage1,1271204369984034
gage1,1271242339381374
gage1,1271242277818381
gage1,1271217900215340
gage1,1271217842153680
gage1,1271217907562276
gage1,1271216567423027
gage1,1271217793747581
gage1,1271241144957357
gage1,1271241150144714
gage1,1271215207031694
gage1,1271215226063269
gage1,1271215049793634
gage1,1271213808068760
gage1,1271213773006298
gage1,1271213698989057
gage1,1271201754705991
gage1,1271201714673972
gage1,1271201688504921
gage1,1271200443935621
gage1,1271200354628278
gage1,1271200394528281
gage1,1271199044620528
gage1,1271199040434090
gage1,1271197867705310
gage1,1271197841479081
gage1,1271196594763008
gage1,1271196663086658
gage1,1271204540250476
gage1,1271204517566787
gage1,1271205703125581
gage1,1271205766973911
gage1,1271203107686221
gage1,1271203091804761
gage1,1271204412106048
gage1,1271204401526873
gage1,1271204381316907
gage1,1271242350539111
gage1,1271242332409946
gage1,1271242290291094
gage1,1271242288983749
gage1,1271706767439898
gage1,1271217854340261
gage1,1271219153353722
gage1,1271219137713876
gage1,1271216498011641
gage1,1271216485578697
gage1,1271217759837116
gage1,1271242380243953
gage1,1271242385516426
gage1,1271216405059672
gage1,1271216385784896
gage1,1271215014097649
gage1,1271215010481495
gage1,1271213757960816
gage1,1271213733103238
gage1,1271212459310452
gage1,1271213697872199
gage1,1271201718985327
gage1,1271201702589887
gage1,1271200445872464
gage1,1271200432785591
gage1,1271200339718092
gage1,1271200281520037
gage1,1271197795741669
gage1,1271197746960844
gage1,1271197879657328
gage1,1271197804606618
gage1,1271197827560525
gage1,1271196602773058
gage1,1271196565234634
gage1,1271196562285491
gage1,1271205843998694
gage1,1271205856230152
gage1,1271204583442629
gage1,1271204567055469
gage1,1271205795694123
gage1,1271205720539658
gage1,1271203032856557
gage1,1271203026447727
gage1,1271204335590210
gage1,1271204322497025
gage1,1271242361547255
gage1,1271243592836064
gage1,1271243522682344
gage1,1271243534729938
gage1,1271219082133175
gage1,1271219099028479
gage1,1271219170043289
gage1,1271219181991055
gage1,1271217761883490
gage1,1271217778056655
gage1,1271215165554728
gage1,1271215153009715
gage1,1271214943656790
gage1,1271214932828213
gage1,1271213741620849
gage1,1271213660704833
gage1,1271212448503968
gage1,1271212432912208
gage1,1271202899080905
gage1,1271201611916863
gage1,1271200370155460
gage1,1271200273487946
gage1,1271197882187773
gage1,1271196574063816
gage1,1271205866834843
gage1,1271205851519006
gage1,1271204604110635
gage1,1271204584942282
gage1,1271205809229366
gage1,1271205808513296
gage1,1271203028134749
gage1,1271203016828136
gage1,1271205570363510
gage1,1271204350546959
gage1,1271204320584591
gage1,1271204321471129
gage1,1271242415109837
gage1,1271243661705420
gage1,1271243538824346
gage1,1271243553472662
gage1,1271219036291359
gage1,1271219020588362
gage1,1271706766489745
gage1,1271219189472861
gage1,1271706846894391
gage1,1271217686343226
gage1,1271217738359979
gage1,1271219012287871
gage1,1271216326289546
gage1,1271215093546815
gage1,1271214971543592
gage1,1271214898999911
gage1,1271213655523068
gage1,1271212410674987
gage1,1271212364448470
gage1,1271212357645514
gage1,1271201630382343
gage1,1271201610359763
gage1,1271205883678173
gage1,1271207105402631
gage1,1271205927027252
gage1,1271205888227036
gage1,1271204646679587
gage1,1271207057637658
gage1,1271205753011645
gage1,1271205596391936
gage1,1271205651214617
gage1,1271205588283367
gage1,1271204348850748
gage1,1271204276761632
gage1,1271204254039598
gage1,1271204299299267
gage1,1271204308077779
gage1,1271243610264251
gage1,1271243551692139
gage1,1271219049596369
gage1,1271219051253715
gage1,1271706788048608
gage1,1271706787415864
gage1,1271217681662967
gage1,1271216506021973
gage1,1271219024485908
gage1,1271217724675408
gage1,1271216350827427
gage1,1271216327940019
gage1,1271213658055575
gage1,1271213667788509
gage1,1271212366261730
gage1,1271202887979312
gage1,1271201648997565
gage1,1271201554712841
gage1,1271201538834347
gage1,1271207118719090
gage1,1271207137342483
gage1,1271205912509726
gage1,1271205890139196
gage1,1271204651305612
gage1,1271204641694588
gage1,1271204630461238
gage1,1271206984025135
gage1,1271205758833591
gage1,1271205686585284
gage1,1271205622281792
gage1,1271205617433149
gage1,1271205603446772
gage1,1271205540030101
gage1,1271205536033354
gage1,1271204217398072
gage1,1271204194990454
gage1,1271204294535850
gage1,1271203069464790
gage1,1271243629175840
gage1,1271243564611827
gage1,1271706690283171
gage1,1271219067190423
gage1,1271706801261529
gage1,1271706796924184
gage1,1271218972745901
gage1,1271217710674701
gage1,1271216371979833
gage1,1271216300788302
gage1,1271216339299183
gage1,1271216273826991
gage1,1271213602485119
gage1,1271213654402763
gage1,1271212368690634
gage1,1271212359193621
gage1,1271202883733132
gage1,1271201593332991
gage1,1271201578254412
gage1,1271201556297980
gage1,1271201540941063
gage1,1271200315154083
gage1,1271200312954600
gage1,1271207129037481
gage1,1271207174537242
gage1,1271205977971870
gage1,1271205962366568
gage1,1271204665087282
gage1,1271204720077229
gage1,1271204695015657
gage1,1271204630010791
gage1,1271207012853016
gage1,1271206996472601
gage1,1271206983174784
gage1,1271206859891673
gage1,1271205629096626
gage1,1271205554555760
gage1,1271204206740830
gage1,1271204189930106
gage1,1271204225574218
gage1,1271202994993047
gage1,1271243639769813
gage1,1271243634299578
gage1,1271243580219921
gage1,1271243579688849
gage1,1271706722113753
gage1,1271706717970396
gage1,1271706699528309
gage1,1271706697989072
gage1,1271707971090617
gage1,1271218973736597
gage1,1271217709719270
gage1,1271217696832379
gage1,1271217610652013
gage1,1271217606683924
gage1,1271217541380794
gage1,1271216306048692
gage1,1271216229682693
gage1,1271216214345359
gage1,1271213614305659
gage1,1271213588831745
gage1,1271213577363394
gage1,1271202912126222
gage1,1271202847362689
gage1,1271202839549607
gage1,1271202820913836
gage1,1271201528914682
gage1,1271201506053340
gage1,1271207151444623
gage1,1271207202036852
gage1,1271207179734879
gage1,1271204720952173
gage1,1271204699275644
gage1,1271204699367000
gage1,1271207005518865
gage1,1271207022383378
gage1,1271206933262944
gage1,1271206923831257
gage1,1271206872118529
gage1,1271206877731729
gage1,1271206828692647
gage1,1271206788383134
gage1,1271205448104064
gage1,1271205447133020
gage1,1271204120456082
gage1,1271204101923143
gage1,1271204161665803
gage1,1271202988836014
gage1,1271202971513520
gage1,1271731269487161
gage1,1271731272149332
gage1,1271731289690513
gage1,1271731280175946
gage1,1271731223786412
gage1,1271731210212366
gage1,1271706629793800
gage1,1271707980324220
gage1,1271707973411125
gage1,1271218933735589
gage1,1271218926668916
gage1,1271218944723984
gage1,1271218886228661
gage1,1271217631354100
gage1,1271217628233269
gage1,1271217567558318
gage1,1271217540456958
gage1,1271216314782315
gage1,1271216234392504
gage1,1271216224211743
gage1,1271213623586205
gage1,1271213616206718
gage1,1271212345746201
gage1,1271212333434772
gage1,1271212348538970
gage1,1271202783166962
gage1,1271202773205594
gage1,1271208396629857
gage1,1271207229124828
gage1,1271207021532636
gage1,1271207014558490
gage1,1271208262182853
gage1,1271208258441875
gage1,1271206938533983
gage1,1271206928656459
gage1,1271206819619261
gage1,1271206800168823
gage1,1271205403515601
gage1,1271205381414455
gage1,1271204060367569
gage1,1271204106060580
gage1,1271731344614323
gage1,1271731331772053
gage1,1271731292399134
gage1,1271731295052684
gage1,1271732553682500
gage1,1271731260345443
gage1,1271731317047215
gage1,1271731309716077
gage1,1271731261593490
gage1,1271706879712903
gage1,1271706668431049
gage1,1271706641888902
gage1,1271707996749767
gage1,1271708002400953
gage1,1271218938205420
gage1,1271218925353550
gage1,1271218897697826
gage1,1271218887478856
gage1,1271217572705944
gage1,1271217519959195
gage1,1271217536405043
gage1,1271216168729292
gage1,1271216155103624
gage1,1271214883848593
gage1,1271213564704467
gage1,1271213538124801
gage1,1271213525719579
gage1,1271212259061720
gage1,1271212394058336
gage1,1271212325148947
gage1,1271208476928193
gage1,1271208469058244
gage1,1271208467982167
gage1,1271208358440627
gage1,1271208262619471
gage1,1271206974858591
gage1,1271208201207187
gage1,1271208340028487
gage1,1271208324222742
gage1,1271206954128805
gage1,1271206886346003
gage1,1271206751695586
gage1,1271206745042307
gage1,1271205435629274
gage1,1271205430491160
gage1,1271205382989174
gage1,1271204151090305
gage1,1271204037199949
gage1,1271202809281825
gage1,1271243707059557
gage1,1271731370110041
gage1,1271731318221029
gage1,1271732573114773
gage1,1271732508041468
gage1,1271732568482751
gage1,1271732571301546
gage1,1271708121068106
gage1,1271706659878521
gage1,1271706569312379
gage1,1271708077217259
gage1,1271708065226740
gage1,1271708024786868
gage1,1271708017221318
gage1,1271218840376459
gage1,1271217594753433
gage1,1271217487508487
gage1,1271216187508086
gage1,1271216180291805
gage1,1271214789163865
gage1,1271213553881715
gage1,1271213514972901
gage1,1271212303364347
gage1,1271212290311823
gage1,1271208488925384
gage1,1271210892075947
gage1,1271209652238125
gage1,1271208225740013
gage1,1271208285589417
gage1,1271208195900919
gage1,1271208215877758
gage1,1271208373077835
gage1,1271208348082096
gage1,1271206891453432
gage1,1271208004881998
gage1,1271206747275081
gage1,1271206597137301
gage1,1271205337439596
gage1,1271205326473072
gage1,1271204095303992
gage1,1271204051300428
gage1,1271204032886561
gage1,1271243705305253
gage1,1271243695130572
gage1,1271731374132329
gage1,1271731383872494
gage1,1271732524033601
gage1,1271732526063600
gage1,1271732600304381
gage1,1271706617561283
gage1,1271706610720574
gage1,1271708078609602
gage1,1271708076066268
gage1,1271709269882883
gage1,1271709262608317
gage1,1271217486191328
gage1,1271217502256255
gage1,1271217419475932
gage1,1271216127489419
gage1,1271216108691897
gage1,1271214830614858
gage1,1271214804530538
gage1,1271213564814856
gage1,1271213542737318
gage1,1271208508145686
gage1,1271210881043430
gage1,1271210883544829
gage1,1271208172520591
gage1,1271208155748535
gage1,1271209540624306
gage1,1271208301580944
gage1,1271209618752082
gage1,1271209673672717
gage1,1271208413753043
gage1,1271208394288853
gage1,1271206755814850
gage1,1271206736432545
gage1,1271206612663021
gage1,1271206615199960
gage1,1271205325290785
gage1,1271204089918439
gage1,1271203970861895
gage1,1271202748448653
gage1,1271243761306826
gage1,1271243679659828
gage1,1271243676015070
gage1,1271731385239157
gage1,1271731362611662
gage1,1271732623441847
gage1,1271732621836597
gage1,1271732598607964
gage1,1271732540088681
gage1,1271709381709281
gage1,1271708149765040
gage1,1271707916834303
gage1,1271707904106067
gage1,1271706609462605
gage1,1271706604208051
gage1,1271709321548349
gage1,1271708147798029
gage1,1271709289310289
gage1,1271709288723032
gage1,1271217524252467
gage1,1271217446305363
gage1,1271217361363326
gage1,1271217351364197
gage1,1271216085105098
gage1,1271214826066271
gage1,1271214800298909
gage1,1271213503267260
gage1,1271210890973793
gage1,1271210890018391
gage1,1271208190071839
gage1,1271208171254338
gage1,1271208138240640
gage1,1271209490295941
gage1,1271209558776495
gage1,1271209686921945
gage1,1271209638131696
gage1,1271208433380104
gage1,1271208442647404
gage1,1271206715972660
gage1,1271206696996762
gage1,1271206653716103
gage1,1271206646524045
gage1,1271205334587286
gage1,1271205266415673
gage1,1271204005154644
gage1,1271243745382951
gage1,1271243722005774
gage1,1271732677103046
gage1,1271731448595240
gage1,1271731422984562
gage1,1271731393389456
gage1,1271732646324478
gage1,1271732665007606
gage1,1271732647675795
gage1,1271732640253078
gage1,1271733769105629
gage1,1271733831465443
gage1,1271707936508062
gage1,1271707871593263
gage1,1271706601906232
gage1,1271706602553254
gage1,1271709346642994
gage1,1271709405366958
gage1,1271709366824074
gage1,1271709354659563
gage1,1271218768984960
gage1,1271217460888332
gage1,1271217366561429
gage1,1271217292553171
gage1,1271216043903935
gage1,1271216008990510
gage1,1271210907232488
gage1,1271210921922903
gage1,1271209369279695
gage1,1271209358882245
gage1,1271208167153704
gage1,1271210833344076
gage1,1271209535405150
gage1,1271209721963758
gage1,1271209660790989
gage1,1271208446946069
gage1,1271208509640948
gage1,1271207977069060
gage1,1271207956654245
gage1,1271207823569767
gage1,1271207816720214
gage1,1271205350447323
gage1,1271205279804765
gage1,1271205261707170
gage1,1271205252371906
gage1,1271732681343020
gage1,1271732739552083
gage1,1271731494964419
gage1,1271732727067468
gage1,1271732714616578
gage1,1271733902019835
gage1,1271733897800072
gage1,1271733788369171
gage1,1271733786928886
gage1,1271707880705811
gage1,1271707870907045
gage1,1271706542615598
gage1,1271706527438166
gage1,1271710602289103
gage1,1271710550246218
gage1,1271710597587144
gage1,1271218692310064
gage1,1271218691270683
gage1,1271217314326893
gage1,1271217304214563
gage1,1271216027947444
gage1,1271216018066268
gage1,1271216011068303
gage1,1271210923605642
gage1,1271210941847077
gage1,1271209327546807
gage1,1271208115037696
gage1,1271208106839486
gage1,1271210780211428
gage1,1271210760882833
gage1,1271210958229293
gage1,1271209726279839
gage1,1271209747618121
gage1,1271209682520940
gage1,1271207992328387
gage1,1271207965663905
gage1,1271205295241467
gage1,1271205282237909
gage1,1271205248200640
gage1,1271204019287732
gage1,1271732734802858
gage1,1271733960316545
gage1,1271732715794444
gage1,1271732706362797
gage1,1271733928719024
gage1,1271733934631986
gage1,1271733871671383
gage1,1271733855270623
gage1,1271733814119644
gage1,1271733816353590
gage1,1271709420129477
gage1,1271707896698410
gage1,1271707886233645
gage1,1271707869969776
gage1,1271707854641640
gage1,1271706523438549
gage1,1271706511191867
gage1,1271710643656942
gage1,1271710575178892
gage1,1271218714585979
gage1,1271218655523599
gage1,1271217405686339
gage1,1271217393561349
gage1,1271217316601459
gage1,1271217309015348
gage1,1271216035923689
gage1,1271216025829698
gage1,1271212162587355
gage1,1271212162128258
gage1,1271212196404443
gage1,1271212202190695
gage1,1271209293782812
gage1,1271210876828176
gage1,1271210865200038
gage1,1271210779396848
gage1,1271210759660379
gage1,1271210985153810
gage1,1271210977725160
gage1,1271211008463405
gage1,1271209717815487
gage1,1271209774328131
gage1,1271207984426205
gage1,1271207906091993
gage1,1271205311811354
gage1,1271205303117931
gage1,1271205215909136
gage1,1271205198762003
gage1,1271205188757926
gage1,1271203944821955
gage1,1271203932733210
gage1,1271733938675887
gage1,1271735184527373
gage1,1271735119649022
gage1,1271735108331849
gage1,1271735049461479
gage1,1271733875789651
gage1,1271735050439688
gage1,1271733821692736
gage1,1271710657339637
gage1,1271709129039582
gage1,1271709131934507
gage1,1271707833469867
gage1,1271707866054981
gage1,1271707859995452
gage1,1271706500782585
gage1,1271706501340193
gage1,1271711819812040
gage1,1271711819496603
gage1,1271218663361193
gage1,1271218585558053
gage1,1271217389012366
gage1,1271215990350606
gage1,1271215983216981
gage1,1271212250010486
gage1,1271213446903287
gage1,1271209273310053
gage1,1271209263816004
gage1,1271210807044775
gage1,1271210719654568
gage1,1271210706685780
gage1,1271210990891677
gage1,1271211003475426
gage1,1271209235918094
gage1,1271209176486120
gage1,1271209152541255
gage1,1271207855802258
gage1,1271206469845815
gage1,1271735142713989
gage1,1271735071215803
gage1,1271735069228869
gage1,1271710681323144
gage1,1271709196954771
gage1,1271709155050609
gage1,1271709147429329
gage1,1271709137402711
gage1,1271707814273270
gage1,1271707794763009
gage1,1271706515331063
gage1,1271706499235429
gage1,1271218864975233
gage1,1271218675827869
gage1,1271218601435954
gage1,1271218567455802
gage1,1271218568273772
gage1,1271217221407672
gage1,1271212220701448
gage1,1271212268884656
gage1,1271212056435073
gage1,1271212065505214
gage1,1271210744985264
gage1,1271210711456463
gage1,1271210688893199
gage1,1271211062910719
gage1,1271212227142116
gage1,1271209268038010
gage1,1271209270677610
gage1,1271209204931703
gage1,1271209201081775
gage1,1271209098892590
gage1,1271207870240964
gage1,1271206485491695
gage1,1271206472110706
gage1,1271735165993124
gage1,1271736387767877
gage1,1271735099407982
gage1,1271735088969452
gage1,1271710696890282
gage1,1271710687116096
gage1,1271709207552718
gage1,1271709191460849
gage1,1271709174257914
gage1,1271709155696913
gage1,1271709145911629
gage1,1271707829306144
gage1,1271707819294760
gage1,1271706452700158
gage1,1271706443134183
gage1,1271218806120955
gage1,1271218795891089
gage1,1271706311612566
gage1,1271706259044885
gage1,1271218615790514
gage1,1271218603456772
gage1,1271212125303499
gage1,1271212110052042
gage1,1271213316900539
gage1,1271211970978306
gage1,1271210655615233
gage1,1271210700982799
gage1,1271210439356230
gage1,1271210432185878
gage1,1271209120604867
gage1,1271209110672845
gage1,1271207801413671
gage1,1271207846946133
gage1,1271206501476134
gage1,1271206494348901
gage1,1271736401999492
gage1,1271736389519533
gage1,1271736338438451
gage1,1271736343561340
gage1,1271711944486166
gage1,1271710686678190
gage1,1271710673423560
gage1,1271709215029060
gage1,1271709205884066
gage1,1271707967448140
gage1,1271707957137824
gage1,1271709241982291
gage1,1271709180181879
gage1,1271709093418873
gage1,1271709083591220
gage1,1271709057742740
gage1,1271707838434981
gage1,1271707827580164
gage1,1271707805242644
gage1,1271218813793970
gage1,1271218803834239
gage1,1271706287278377
gage1,1271706286387309
gage1,1271706253607670
gage1,1271706250360168
gage1,1271218611959082
gage1,1271218602497317
gage1,1271212142019428
gage1,1271212129741960
gage1,1271213339100503
gage1,1271213323958553
gage1,1271211987156326
gage1,1271210681004753
gage1,1271210660662586
gage1,1271210460900160
gage1,1271210387035333
gage1,1271209149808435
gage1,1271210310331830
gage1,1271209077233809
gage1,1271209047810611
gage1,1271206526097705
gage1,1271206496565221
gage1,1271736416225603
gage1,1271736367093743
gage1,1271711974302992
gage1,1271710705676299
gage1,1271710705188223
gage1,1271710620675879
gage1,1271710611054222
gage1,1271710466221404
gage1,1271710483866173
gage1,1271710421758998
gage1,1271710420483223
gage1,1271709101292501
gage1,1271709004779301
gage1,1271708997446163
gage1,1271707743469686
gage1,1271707736227471
gage1,1271706370689115
gage1,1271706188628552
gage1,1271706181673248
gage1,1271218543778270
gage1,1271218527406005
gage1,1271213389607056
gage1,1271213384634868
gage1,1271213365827715
gage1,1271213346513439
gage1,1271213328044845
gage1,1271212005771545
gage1,1271211928789341
gage1,1271211927262802
gage1,1271210672234753
gage1,1271210604694119
gage1,1271207765116166
gage1,1271207767632811
gage1,1271736442152321
gage1,1271736383639159
gage1,1271736427109406
gage1,1271736371301621
gage1,1271711980497645
gage1,1271711937416465
gage1,1271711946204009
gage1,1271710655105499
gage1,1271710636330990
gage1,1271710541882310
gage1,1271710544237789
gage1,1271710503901790
gage1,1271710525413732
gage1,1271710450782960
gage1,1271710386904130
gage1,1271710361121406
gage1,1271709020271368
gage1,1271709016064699
gage1,1271707744621826
gage1,1271707731826704
gage1,1271706207264691
gage1,1271706203047592
gage1,1271213438716803
gage1,1271213422378107
gage1,1271213370718530
gage1,1271214594155344
gage1,1271212024673351
gage1,1271212001374131
gage1,1271211855700731
gage1,1271210617015270
gage1,1271737613837552
gage1,1271737619297796
gage1,1271713218190154
gage1,1271711982908330
gage1,1271710569618858
gage1,1271710492728992
gage1,1271711755809487
gage1,1271710524092364
gage1,1271710463680529
gage1,1271710449937333
gage1,1271710392042639
gage1,1271710385601250
gage1,1271710350363324
gage1,1271707757733795
gage1,1271707756979791
gage1,1271706490499216
gage1,1271707725170631
gage1,1271214665499933
gage1,1271213497891092
gage1,1271214598440826
gage1,1271214611907394
gage1,1271214688265817
gage1,1271213252801522
gage1,1271213265877080
gage1,1271211876507000
gage1,1271211841917864
gage1,1271210616232879
gage1,1271711985801283
gage1,1271711988620706
gage1,1271711750379624
gage1,1271711811992848
gage1,1271711763254313
gage1,1271711704715905
gage1,1271711621260532
gage1,1271711633464743
gage1,1271710394210267
gage1,1271710313569301
gage1,1271708934137969
gage1,1271707708002775
gage1,1271707691973488
gage1,1271707721716107
gage1,1271706415757994
gage1,1271214693885375
gage1,1271214755804721
gage1,1271213476263299
gage1,1271213472701777
gage1,1271214634360683
gage1,1271214562919101
gage1,1271214717700252
gage1,1271214707749056
gage1,1271213257822177
gage1,1271213265006480
gage1,1271213287860326
gage1,1271213285087686
gage1,1271211866379477
gage1,1271210615180156
gage1,1271711783217845
gage1,1271711775181578
gage1,1271711641456671
gage1,1271711650803271
gage1,1271711655316142
gage1,1271711586951133
gage1,1271711572955312
gage1,1271710298980888
gage1,1271710283191799
gage1,1271707693823519
gage1,1271707683518557
gage1,1271707659327693
gage1,1271706431659548
gage1,1271214781312949
gage1,1271214651678903
gage1,1271214650027522
gage1,1271214577867246
gage1,1271215956653223
gage1,1271215950657406
gage1,1271213201103968
gage1,1271213198990516
gage1,1271213267558870
gage1,1271213264443218
gage1,1271213301683660
gage1,1271211788387403
gage1,1271210552726223
gage1,1271711834561343
gage1,1271711693867345
gage1,1271712899024051
gage1,1271712898151647
gage1,1271711677554080
gage1,1271711605482117
gage1,1271710252682166
gage1,1271710246009736
gage1,1271709039312864
gage1,1271707664369269
gage1,1271707589675104
gage1,1271706420346096
gage1,1271706411561591
gage1,1271215884118997
gage1,1271215887884389
gage1,1271215845695484
gage1,1271215910879758
gage1,1271215821187536
gage1,1271215808350642
gage1,1271213145338780
gage1,1271213138708349
gage1,1271213267317157
gage1,1271214533702359
gage1,1271214542976888
gage1,1271211812692800
gage1,1271211793756336
gage1,1271210538275271
gage1,1271210526331623
gage1,1271712915079295
gage1,1271712974368370
gage1,1271711605225309
gage1,1271712840371016
gage1,1271711490423247
gage1,1271710267251291
gage1,1271710241478657
gage1,1271710225745905
gage1,1271707597834158
gage1,1271707587565667
gage1,1271706337602756
gage1,1271706345302517
gage1,1271706394648901
gage1,1271706385398547
gage1,1271215868202162
gage1,1271215864303791
gage1,1271215926175142
gage1,1271215755945689
gage1,1271215782134358
gage1,1271213156675347
gage1,1271213141378709
gage1,1271213214963886
gage1,1271213205971788
gage1,1271211802620741
gage1,1271211779333067
gage1,1271712930798568
gage1,1271712929657624
gage1,1271713000517195
gage1,1271712988237301
gage1,1271711607423724
gage1,1271711601217774
gage1,1271712869559288
gage1,1271712862542730
gage1,1271711561742449
gage1,1271711502421775
gage1,1271711498125564
gage1,1271710246712147
gage1,1271710233628439
gage1,1271710214968863
gage1,1271708986470236
gage1,1271706384138544
gage1,1271706378501288
gage1,1271217168041076
gage1,1271217100123754
gage1,1271217058609214
gage1,1271215807131877
gage1,1271214410359370
gage1,1271213174511067
gage1,1271213156137804
gage1,1271213137151414
gage1,1271214468714956
gage1,1271214468111396
gage1,1271213204833991
gage1,1271213202223746
gage1,1271212994496044
gage1,1271211808041033
gage1,1271210490925922
gage1,1271210475229418
gage1,1271712950200015
gage1,1271712945821912
gage1,1271713010122340
gage1,1271713001538386
gage1,1271711803342939
gage1,1271712842182519
gage1,1271711551650178
gage1,1271712894696529
gage1,1271712871454778
gage1,1271711519054508
gage1,1271711528161737
gage1,1271711452539413
gage1,1271711445740252
gage1,1271710186983523
gage1,1271710148397354
gage1,1271708926167606
gage1,1271708916979982
gage1,1271708958704386
gage1,1271708957463472
gage1,1271217192277621
gage1,1271217172789393
gage1,1271217203634466
gage1,1271217134902571
gage1,1271217031462457
gage1,1271217035469102
gage1,1271214345103001
gage1,1271213109269415
gage1,1271214506975774
gage1,1271214444640619
gage1,1271211742083097
gage1,1271211774107917
gage1,1271714181184406
gage1,1271714249899307
gage1,1271714248561078
gage1,1271714244768972
gage1,1271713072848833
gage1,1271714307669955
gage1,1271711856838297
gage1,1271712786846238
gage1,1271714145669470
gage1,1271714139254529
gage1,1271712883456334
gage1,1271712873773823
gage1,1271711465188539
gage1,1271711470904562
gage1,1271711457255968
gage1,1271711450572743
gage1,1271710133835492
gage1,1271710114814415
gage1,1271708837793261
gage1,1271708883243140
gage1,1271708895208141
gage1,1271708881767283
gage1,1271217257854930
gage1,1271217248714756
gage1,1271218506138970
gage1,1271217273751191
gage1,1271218373339262
gage1,1271218385154196
gage1,1271217052853460
gage1,1271216988466788
gage1,1271214363452570
gage1,1271213114187605
gage1,1271215685525181
gage1,1271214459649581
gage1,1271211657089585
gage1,1271211718898386
gage1,1271213037645088
gage1,1271212956731180
gage1,1271212943646561
gage1,1271714210103987
gage1,1271714200137267
gage1,1271714283083515
gage1,1271714272518137
gage1,1271714309284766
gage1,1271713074502835
gage1,1271714274639740
gage1,1271714131455458
gage1,1271714059968357
gage1,1271711546491565
gage1,1271711481208272
gage1,1271711384768364
gage1,1271711459451471
gage1,1271710110502480
gage1,1271710100165871
gage1,1271707579440569
gage1,1271707560620897
gage1,1271707639316956
gage1,1271707633725489
gage1,1271217256163843
gage1,1271218467966104
gage1,1271218392330541
gage1,1271217062919848
gage1,1271217020649536
gage1,1271217000006274
gage1,1271216983894750
gage1,1271214379985094
gage1,1271214368996459
gage1,1271215693177610
gage1,1271214455495819
gage1,1271211652532170
gage1,1271210417424517
gage1,1271212978733160
gage1,1271212965242927
gage1,1271714218948309
gage1,1271714202103849
gage1,1271714387715486
gage1,1271714406643860
gage1,1271713098544530
gage1,1271713115108257
gage1,1271714166690471
gage1,1271714085882759
gage1,1271714088031998
gage1,1271712719772167
gage1,1271712715783626
gage1,1271711410721064
gage1,1271711472348092
gage1,1271710135547000
gage1,1271710115326080
gage1,1271708793500454
gage1,1271710034757830
gage1,1271707623089496
gage1,1271707548594175
gage1,1271218550798045
gage1,1271218556977952
gage1,1271218414999483
gage1,1271218414552947
gage1,1271217070400287
gage1,1271217060559124
gage1,1271218258867229
gage1,1271218251530540
gage1,1271217021126131
gage1,1271216998735901
gage1,1271214384083121
gage1,1271214303873166
gage1,1271215634157066
gage1,1271211596468275
gage1,1271211586881912
gage1,1271214215887660
gage1,1271212984686370
gage1,1271212950740682
gage1,1271212932333072
gage1,1271715456575980
gage1,1271714159853265
gage1,1271714395140731
gage1,1271714385843628
gage1,1271715661179770
gage1,1271715586538301
gage1,1271711867859794
gage1,1271711851636126
gage1,1271715330200935
gage1,1271715329251428
gage1,1271712804154844
gage1,1271712798035662
gage1,1271712734278260
gage1,1271712721063571
gage1,1271712647258886
gage1,1271712642014594
gage1,1271711298672850
gage1,1271710072566797
gage1,1271708776470796
gage1,1271708767425560
gage1,1271218431181694
gage1,1271706115421194
gage1,1271706049043110
gage1,1271218416528349
gage1,1271218277644141
gage1,1271218270772201
gage1,1271216936228081
gage1,1271216924082248
gage1,1271214306484046
gage1,1271214293412648
gage1,1271215643381882
gage1,1271215599345812
gage1,1271211607275252
gage1,1271210353890439
gage1,1271214244287339
gage1,1271214230876597
gage1,1271212898313744
gage1,1271212876102062
gage1,1271715417284474
gage1,1271715419858033
gage1,1271714405605101
gage1,1271714393369711
gage1,1271715681149494
gage1,1271715690400212
gage1,1271715599001324
gage1,1271715591568476
gage1,1271715355306129
gage1,1271715345390385
gage1,1271712734186613
gage1,1271712729855769
gage1,1271712662673463
gage1,1271712581852518
gage1,1271708773177445
gage1,1271708763223349
gage1,1271708810017936
gage1,1271706131651564
gage1,1271706069994642
gage1,1271706136630734
gage1,1271706120463105
gage1,1271706077152143
gage1,1271706060948370
gage1,1271218345933284
gage1,1271218336838670
gage1,1271218277048334
gage1,1271218269244180
gage1,1271214316008204
gage1,1271214305355200
gage1,1271215658993148
gage1,1271216877944938
gage1,1271216871021773
gage1,1271215489328600
gage1,1271214269681923
gage1,1271214178399651
gage1,1271214152134212
gage1,1271212871739305
gage1,1271211640465747
gage1,1271715432077276
gage1,1271715424779763
gage1,1271714486508940
gage1,1271714477755212
gage1,1271714452093764
gage1,1271714441811179
gage1,1271715614583358
gage1,1271715629656132
gage1,1271714303882996
gage1,1271712741070824
gage1,1271712750104014
gage1,1271712623762879
gage1,1271712613864325
gage1,1271711344745811
gage1,1271708788216940
gage1,1271708762681951
gage1,1271708739540830
gage1,1271708741218276
gage1,1271706161528812
gage1,1271706152283818
gage1,1271706192283474
gage1,1271706127509556
gage1,1271706103228007
gage1,1271706094814764
gage1,1271218290754178
gage1,1271218289719325
gage1,1271218209865368
gage1,1271218193101794
gage1,1271215557993946
gage1,1271214324985097
gage1,1271214265448007
gage1,1271214255558943
gage1,1271215677742223
gage1,1271216896419863
gage1,1271215425875919
gage1,1271214196726932
gage1,1271214099042738
gage1,1271214082654637
gage1,1271211635767155
gage1,1271212864867253
gage1,1271715446431364
gage1,1271715382279437
gage1,1271715731238356
gage1,1271715676079633
gage1,1271715717003246
gage1,1271714485533943
gage1,1271714443665364
gage1,1271713203232717
gage1,1271713210441691
gage1,1271715640019699
gage1,1271715641495350
gage1,1271715554937405
gage1,1271715560780921
gage1,1271713986214763
gage1,1271712819354825
gage1,1271712765802039
gage1,1271712761914020
gage1,1271713874111712
gage1,1271713920103548
gage1,1271712621800717
gage1,1271712593039203
gage1,1271710022794652
gage1,1271709954769597
gage1,1271708703593465
gage1,1271708684439443
gage1,1271707509947496
gage1,1271707499297724
gage1,1271706170128896
gage1,1271706111845304
gage1,1271705987920390
gage1,1271705921978859
gage1,1271705921058172
gage1,1271218130596361
gage1,1271215563239797
gage1,1271215553296096
gage1,1271216912570533
gage1,1271215451354188
gage1,1271215434045638
gage1,1271214127951250
gage1,1271212858614407
gage1,1271212842882197
gage1,1271211580135638
gage1,1271212802966372
gage1,1271716955262838
gage1,1271715704797185
gage1,1271715742507280
gage1,1271715729384639
gage1,1271715714837690
gage1,1271715737321247
gage1,1271714453522389
gage1,1271714441286621
gage1,1271713201883624
gage1,1271713191680704
gage1,1271716891289242
gage1,1271716877456761
gage1,1271715532120317
gage1,1271715576214746
gage1,1271715543022610
gage1,1271714022072821
gage1,1271714001341596
gage1,1271714007206694
gage1,1271712702535761
gage1,1271712696769104
gage1,1271713908327727
gage1,1271713889852676
gage1,1271712636855067
gage1,1271712620930674
gage1,1271712521120532
gage1,1271710051881249
gage1,1271709989915713
gage1,1271709969595980
gage1,1271708734081908
gage1,1271708686130608
gage1,1271708674147118
gage1,1271707539542434
gage1,1271707487196725
gage1,1271705995329037
gage1,1271706001110226
gage1,1271705940567433
gage1,1271705937974220
gage1,1271705871658451
gage1,1271705897228406
gage1,1271215582672661
gage1,1271215585404188
gage1,1271215575027234
gage1,1271215497456428
gage1,1271216879675806
gage1,1271216866591351
gage1,1271215365329561
gage1,1271214126158240
gage1,1271188467006295
gage1,1271188450740293
gage1,1271718219649803
gage1,1271718212387417
gage1,1271715771513542
gage1,1271715764236791
gage1,1271715789627641
gage1,1271714550829618
gage1,1271717057071350
gage1,1271715822698211
gage1,1271714496773009
gage1,1271713271078348
gage1,1271713183609433
gage1,1271713166928683
gage1,1271716963655845
gage1,1271716914999165
gage1,1271716899773601
gage1,1271716841063275
gage1,1271716814886455
gage1,1271716804334848
gage1,1271714032521711
gage1,1271714019267428
gage1,1271715155843428
gage1,1271715084782211
gage1,1271713881755316
gage1,1271713807294246
gage1,1271712564753972
gage1,1271712549238201
gage1,1271711243271426
gage1,1271710001419469
gage1,1271708733029299
gage1,1271708710654252
gage1,1271708684821043
gage1,1271708617450941
gage1,1271707446943047
gage1,1271707438523566
gage1,1271707458566747
gage1,1271707467252361
gage1,1271705966932845
gage1,1271705965959088
gage1,1271705882743545
gage1,1271705867168333
gage1,1271705917582455
gage1,1271705901766949
gage1,1271215551740144
gage1,1271215535717757
gage1,1271215370952176
gage1,1271215360947586
gage1,1271189743936696
gage1,1271189727961903
gage1,1271717023541541
gage1,1271717022435736
gage1,1271715804052549
gage1,1271715791006009
gage1,1271714555825736
gage1,1271714542178131
gage1,1271741440744214
gage1,1271717065082103
gage1,1271713275115344
gage1,1271713265616498
gage1,1271711915044121
gage1,1271711916302240
gage1,1271716916717104
gage1,1271716915945781
gage1,1271716810168339
gage1,1271715577727580
gage1,1271715265105484
gage1,1271715274212563
gage1,1271713973380516
gage1,1271713946930832
gage1,1271713829268141
gage1,1271713812566451
gage1,1271712508583241
gage1,1271712495995323
gage1,1271712466799887
gage1,1271712529280929
gage1,1271711206115081
gage1,1271711183949591
gage1,1271709987669713
gage1,1271709900112074
gage1,1271708668097054
gage1,1271708635715371
gage1,1271707421271206
gage1,1271707421844892
gage1,1271706237500794
gage1,1271706231752780
gage1,1271705977322210
gage1,1271705964740252
gage1,1271707200680503
gage1,1271705971479162
gage1,1271705865831359
gage1,1271218236805090
gage1,1271707080805581
gage1,1271705854941015
gage1,1271216854521514
gage1,1271216802882455
gage1,1271216772885433
gage1,1271215537493197
gage1,1271215386799480
gage1,1271215379523114
gage1,1271189746360298
gage1,1271189733743821
gage1,1271189707730892
gage1,1271189708247604
gage1,1271717114694425
gage1,1271717091641414
gage1,1271717054268884
gage1,1271718279061064
gage1,1271740187110184
gage1,1271740160284955
gage1,1271714549446822
gage1,1271714527155598
gage1,1271741448202157
gage1,1271740223559157
gage1,1271713266269864
gage1,1271718165792430
gage1,1271718156773600
gage1,1271718160479174
gage1,1271718147251370
gage1,1271718083040233
gage1,1271716832975808
gage1,1271716826092280
gage1,1271715519989082
gage1,1271715282164225
gage1,1271715266397561
gage1,1271715307184629
gage1,1271715302760629
gage1,1271715214721505
gage1,1271715201467844
gage1,1271715073682276
gage1,1271713834290933
gage1,1271713759830894
gage1,1271712501068450
gage1,1271712478866564
gage1,1271712455936277
gage1,1271711294561582
gage1,1271712512698642
gage1,1271711186681623
gage1,1271711182888966
gage1,1271709917926627
gage1,1271709902066209
gage1,1271706175960997
gage1,1271707227752540
gage1,1271707280848283
gage1,1271706046266260
gage1,1271706026801642
gage1,1271707213641729
gage1,1271707158255672
gage1,1271705813246283
gage1,1271705797487408
gage1,1271218152125327
gage1,1271218146365629
gage1,1271707075927277
gage1,1271705847146479
gage1,1271216814162213
gage1,1271216800263328
gage1,1271215487224512
gage1,1271215529652473
gage1,1271215408852663
gage1,1271215401908439
gage1,1271191003853926
gage1,1271190994136262
gage1,1271189736280939
gage1,1271189722966197
gage1,1271718338716329
gage1,1271718302472901
gage1,1271718290833004
gage1,1271718317666080
gage1,1271718243030695
gage1,1271738925358832
gage1,1271738896705272
gage1,1271741470606203
gage1,1271741456949323
gage1,1271718184102323
gage1,1271718187853793
gage1,1271718108564261
gage1,1271718097495489
gage1,1271716786801496
gage1,1271716842043734
gage1,1271716741479727
gage1,1271715509639900
gage1,1271715311882576
gage1,1271715369985744
gage1,1271716559396076
gage1,1271716611517210
gage1,1271716548213446
gage1,1271716547796877
gage1,1271715242889669
gage1,1271715232912309
gage1,1271715210076169
gage1,1271713978129183
gage1,1271713778429407
gage1,1271713758659461
gage1,1271712431886937
gage1,1271712467872953
gage1,1271711195026207
gage1,1271711178269531
gage1,1271707255997389
gage1,1271707252318537
gage1,1271707298093332
gage1,1271707291748305
gage1,1271707331332396
gage1,1271706044772220
gage1,1271706028021139
gage1,1271706015010007
gage1,1271707172975182
gage1,1271707157296527
gage1,1271705818651968
gage1,1271705820961024
gage1,1271705802681041
gage1,1271218141315892
gage1,1271218125433550
gage1,1271707091428400
gage1,1271707020391195
gage1,1271218050720003
gage1,1271216809980168
gage1,1271217989446994
gage1,1271216711872353
gage1,1271215485389501
gage1,1271191019971117
gage1,1271191013039085
gage1,1271190992766872
gage1,1271190980144535
gage1,1271189706205114
gage1,1271718380830910
gage1,1271718328506668
gage1,1271719572828647
gage1,1271738943142449
gage1,1271738933309946
gage1,1271738887949874
gage1,1271741482640825
gage1,1271741488680208
gage1,1271718204408541
gage1,1271719425608039
gage1,1271718266330543
gage1,1271718247426239
gage1,1271718205090927
gage1,1271718132551803
gage1,1271718125891305
gage1,1271718031830841
gage1,1271718030853902
gage1,1271716744048215
gage1,1271715511506711
gage1,1271715489954974
gage1,1271715481080720
gage1,1271716577881294
gage1,1271716576867686
gage1,1271716484833996
gage1,1271716481093253
gage1,1271715235293981
gage1,1271715225705925
gage1,1271715017411218
gage1,1271713787984420
gage1,1271713741056355
gage1,1271713738270174
gage1,1271711167879099
gage1,1271711145531015
gage1,1271708488346305
gage1,1271708494179595
gage1,1271707382667701
gage1,1271707369870720
gage1,1271707353831915
gage1,1271707185183984
gage1,1271707132321450
gage1,1271705804920545
gage1,1271705792136661
gage1,1271218069984080
gage1,1271707104505535
gage1,1271707025339813
gage1,1271705790079468
gage1,1271218048020369
gage1,1271216827273744
gage1,1271218039393467
gage1,1271218026319470
gage1,1271216742413148
gage1,1271216661708460
gage1,1271215416647802
gage1,1271192263402893
gage1,1271191018333745
gage1,1271190924087370
gage1,1271189692697763
gage1,1271740243989148
gage1,1271740182307569
gage1,1271719449195059
gage1,1271719445346860
gage1,1271719499134415
gage1,1271719506448961
gage1,1271719381123550
gage1,1271719386880413
gage1,1271718035811450
gage1,1271718046229436
gage1,1271716762753281
gage1,1271716745966356
gage1,1271715436748278
gage1,1271717828993777
gage1,1271716602970376
gage1,1271716494774512
gage1,1271716516209437
gage1,1271715180585309
gage1,1271715170321342
gage1,1271715104961752
gage1,1271715107650273
gage1,1271715016277400
gage1,1271713789971469
gage1,1271713666768111
gage1,1271712443548308
gage1,1271712401476955
gage1,1271712395407854
gage1,1271711153850506
gage1,1271708504703810
gage1,1271708495748865
gage1,1271708512483925
gage1,1271708499226124
gage1,1271708619339393
gage1,1271707365063338
gage1,1271707355218390
gage1,1271708421111669
gage1,1271707197535333
gage1,1271705742781586
gage1,1271218104621033
gage1,1271706975981244
gage1,1271707020819638
gage1,1271705767101008
gage1,1271705757054426
gage1,1271218080087909
gage1,1271218018527279
gage1,1271705687605543
gage1,1271705683871031
gage1,1271705612521811
gage1,1271217982734551
gage1,1271217930968772
gage1,1271216682178090
gage1,1271216669368332
gage1,1271192245078247
gage1,1271192229164872
gage1,1271190975071108
gage1,1271190952655075
gage1,1271190935254545
gage1,1271189688539820
gage1,1271189672895076
gage1,1271719529630843
gage1,1271719520752268
gage1,1271719529448071
gage1,1271719407768026
gage1,1271719456739747
gage1,1271719423311655
gage1,1271720661174362
gage1,1271717983198835
gage1,1271717966954852
gage1,1271718066245437
gage1,1271718068559289
gage1,1271716729144951
gage1,1271716703654914
gage1,1271717847707502
gage1,1271716505290234
gage1,1271716514282327
gage1,1271715196181863
gage1,1271715188994697
gage1,1271715041127527
gage1,1271715031393570
gage1,1271714947043565
gage1,1271713782719386
gage1,1271712413900084
gage1,1271712393755564
gage1,1271708537265792
gage1,1271709765053917
gage1,1271708580681518
gage1,1271708525251718
gage1,1271708466733909
gage1,1271708429778793
gage1,1271708432195266
gage1,1271706980855706
gage1,1271706975338717
gage1,1271706962255671
gage1,1271705720201676
gage1,1271705634213814
gage1,1271705630425241
gage1,1271705603433850
gage1,1271217968215307
gage1,1271193566813988
gage1,1271192313246441
gage1,1271192290357560
gage1,1271192280903830
gage1,1271192274968822
gage1,1271192202130237
gage1,1271190967336733
gage1,1271720771558626
gage1,1271719481431801
gage1,1271719538238034
gage1,1271719525047812
gage1,1271720714413071
gage1,1271720716806615
gage1,1271720752347659
gage1,1271720690880170
gage1,1271718005373959
gage1,1271717998382154
gage1,1271717962350985
gage1,1271719329298412
gage1,1271719310751496
gage1,1271716692795955
gage1,1271716683106092
gage1,1271716530798516
gage1,1271716533500043
gage1,1271716427830139
gage1,1271716423870134
gage1,1271716416046579
gage1,1271715181159923
gage1,1271715071241604
gage1,1271715057437586
gage1,1271714988253053
gage1,1271714972112466
gage1,1271714945787637
gage1,1271713717521707
gage1,1271709836835593
gage1,1271709791700284
gage1,1271709809624103
gage1,1271709802722578
gage1,1271708604581558
gage1,1271708656079561
gage1,1271709763394448
gage1,1271709698480750
gage1,1271708454638686
gage1,1271708380281946
gage1,1271706976581349
gage1,1271706966947897
gage1,1271705656831260
gage1,1271705652763808
gage1,1271681234487839
gage1,1271681221729576
gage1,1271192305575718
gage1,1271192298515087
gage1,1271192166120316
gage1,1271192155837752
gage1,1271720813998389
gage1,1271720798261759
gage1,1271720842129477
gage1,1271719603587277
gage1,1271720721628028
gage1,1271720715801588
gage1,1271721991865831
gage1,1271720759231387
gage1,1271719246797934
gage1,1271718003804411
gage1,1271717984106070
gage1,1271719354908458
gage1,1271719351193604
gage1,1271716704376009
gage1,1271716688048322
gage1,1271717824113730
gage1,1271716543085858
gage1,1271716439502609
gage1,1271716445178967
gage1,1271716354042450
gage1,1271715128455385
gage1,1271715116610130
gage1,1271715113411128
gage1,1271716299069227
gage1,1271716288696975
gage1,1271714983361893
gage1,1271714970201266
gage1,1271713725780116
gage1,1271713713727527
gage1,1271709831010627
gage1,1271709843969077
gage1,1271711054528107
gage1,1271711044302498
gage1,1271709734186044
gage1,1271709721022503
gage1,1271708468743564
gage1,1271708459434481
gage1,1271708402225467
gage1,1271708392147382
gage1,1271681250461097
gage1,1271681240368088
gage1,1271193543727704
gage1,1271193536595902
gage1,1271192184768687
gage1,1271192180385983
gage1,1271720818554573
gage1,1271720812376030
gage1,1271720728728359
gage1,1271720737748705
gage1,1271722006085569
gage1,1271721989906660
gage1,1271719265761288
gage1,1271719271372535
gage1,1271717945029479
gage1,1271717938160280
gage1,1271717902285336
gage1,1271716670690449
gage1,1271719359167927
gage1,1271720587371028
gage1,1271720527710117
gage1,1271720514725023
gage1,1271717782289982
gage1,1271717771643411
gage1,1271716455949239
gage1,1271716461911593
gage1,1271716402820460
gage1,1271716392560897
gage1,1271716320856991
gage1,1271716307404431
gage1,1271714954220227
gage1,1271714895793511
gage1,1271713709550052
gage1,1271713693425151
gage1,1271709858036290
gage1,1271709863199555
gage1,1271710982225451
gage1,1271709751882663
gage1,1271709641104660
gage1,1271709637226169
gage1,1271708372787454
gage1,1271708378727267
gage1,1271681264572225
gage1,1271681245079194
gage1,1271193561834114
gage1,1271193493741817
gage1,1271193418484145
gage1,1271193414973680
gage1,1271722090113614
gage1,1271722068038994
gage1,1271720451140679
gage1,1271719218857754
gage1,1271719179502649
gage1,1271717949680658
gage1,1271717943057035
gage1,1271717907327939
gage1,1271717888269584
gage1,1271720653496714
gage1,1271720656170251
gage1,1271720619392910
gage1,1271720621329946
gage1,1271720542811575
gage1,1271720520570668
gage1,1271717797059068
gage1,1271717789972304
gage1,1271717697080875
gage1,1271717703240037
gage1,1271717640932664
gage1,1271717633622644
gage1,1271716393858075
gage1,1271716372121520
gage1,1271716331120734
gage1,1271716337433781
gage1,1271716313648285
gage1,1271716245537480
gage1,1271714907352670
gage1,1271714891267557
gage1,1271713705707228
gage1,1271713637572319
gage1,1271713611163566
gage1,1271713602331379
gage1,1271709862337650
gage1,1271711105012033
gage1,1271711107603148
gage1,1271711068907237
gage1,1271711000247022
gage1,1271709731535118
gage1,1271709709431883
gage1,1271709656099059
gage1,1271709640148020
gage1,1271708397280470
gage1,1271708371516834
gage1,1271681214940600
gage1,1271681191884826
gage1,1271681176380237
gage1,1271193516735792
gage1,1271193516201729
gage1,1271193502349515
gage1,1271193492793792
gage1,1271193486473822
gage1,1271193425222265
gage1,1271193440769186
gage1,1271722110318098
gage1,1271722101074477
gage1,1271722085306314
gage1,1271722072847249
gage1,1271720462656252
gage1,1271719230653327
gage1,1271719106847435
gage1,1271717874657118
gage1,1271720639708371
gage1,1271721857787417
gage1,1271720567264353
gage1,1271720571491531
gage1,1271717819091618
gage1,1271717816220258
gage1,1271717804835585
gage1,1271717811593525
gage1,1271717710507868
gage1,1271717704320656
gage1,1271717729336999
gage1,1271717722051790
gage1,1271717669130871
gage1,1271717659242012
gage1,1271717638677543
gage1,1271716348510822
gage1,1271716275006151
gage1,1271716261535900
gage1,1271716244401582
gage1,1271716231774135
gage1,1271713655410693
gage1,1271713626529416
gage1,1271713632410979
gage1,1271711133352432
gage1,1271709682111044
gage1,1271709690184258
gage1,1271709632996645
gage1,1271709606245056
gage1,1271709576386130
gage1,1271708312996169
gage1,1271707068353993
gage1,1271682443511291
gage1,1271682448780345
gage1,1271681203420915
gage1,1271681193740337
gage1,1271193534246215
gage1,1271193521529834
gage1,1271193507326380
gage1,1271193488775300
gage1,1271193425963154
gage1,1271193438523225
gage1,1271193463209943
gage1,1271193459978732
gage1,1271720449037615
gage1,1271719227354647
gage1,1271719124539705
gage1,1271717883192781
gage1,1271717869988899
gage1,1271717867106434
gage1,1271721933472100
gage1,1271721935541245
gage1,1271721862818705
gage1,1271721869876614
gage1,1271721801678148
gage1,1271720500878876
gage1,1271719051459408
gage1,1271719050619752
gage1,1271718997185499
gage1,1271717686327597
gage1,1271717682528259
gage1,1271717687245283
gage1,1271717671353391
gage1,1271717579195620
gage1,1271717577967495
gage1,1271717509537643
gage1,1271717505668994
gage1,1271716243636527
gage1,1271716237551244
gage1,1271713651608468
gage1,1271713648260963
gage1,1271711146552260
gage1,1271711152181127
gage1,1271709757070312
gage1,1271710913943098
gage1,1271710865457995
gage1,1271710848939642
gage1,1271709609791939
gage1,1271709600702705
gage1,1271709577660018
gage1,1271708322143984
gage1,1271708311749220
gage1,1271707070847172
gage1,1271681147949517
gage1,1271681128596444
gage1,1271193532946961
gage1,1271681155896845
gage1,1271193464587979
gage1,1271193467541350
gage1,1271193430171289
gage1,1271193423930719
gage1,1271720470539623
gage1,1271720395758504
gage1,1271719226036041
gage1,1271719213741765
gage1,1271721959086777
gage1,1271721960181646
gage1,1271721892021360
gage1,1271721820630326
gage1,1271721824302777
gage1,1271721756185913
gage1,1271719068610409
gage1,1271719068112303
gage1,1271719078889186
gage1,1271719036046193
gage1,1271718969467785
gage1,1271719038517258
gage1,1271718927837414
gage1,1271718926472820
gage1,1271717608847221
gage1,1271717667208008
gage1,1271717541877230
gage1,1271717538185175
gage1,1271717520192808
gage1,1271717504622245
gage1,1271716265660453
gage1,1271716190758163
gage1,1271716168939728
gage1,1271715005084630
gage1,1271711096996375
gage1,1271710989988178
gage1,1271710929047653
gage1,1271710931435120
gage1,1271710877232861
gage1,1271710805837163
gage1,1271710792334361
gage1,1271708323423299
gage1,1271708307420472
gage1,1271707069131967
gage1,1271707050686543
gage1,1271682369113633
gage1,1271681133834668
gage1,1271720434742114
gage1,1271720427930494
gage1,1271719162289531
gage1,1271719157882836
gage1,1271721982948392
gage1,1271721978353866
gage1,1271721904741883
gage1,1271723075067674
gage1,1271721765486234
gage1,1271721775100404
gage1,1271720320844630
gage1,1271720333536237
gage1,1271720294188145
gage1,1271720303282452
gage1,1271720283357575
gage1,1271720276129333
gage1,1271718954871925
gage1,1271718935077807
gage1,1271717614530294
gage1,1271717601424356
gage1,1271717554046275
gage1,1271717546770064
gage1,1271717473653553
gage1,1271717461183756
gage1,1271716220020417
gage1,1271716210354118
gage1,1271716195754285
gage1,1271716185676860
gage1,1271716167204123
gage1,1271714928632951
gage1,1271710932630916
gage1,1271710944976151
gage1,1271710895900554
gage1,1271710895289996
gage1,1271710900019236
gage1,1271710831454395
gage1,1271710808094595
gage1,1271710797159644
gage1,1271708248840522
gage1,1271708232797947
gage1,1271681145660369
gage1,1271720439173083
gage1,1271720420105936
gage1,1271720338221418
gage1,1271720334601921
gage1,1271723273535649
gage1,1271722036242641
gage1,1271723136927848
gage1,1271721905949145
gage1,1271723092580287
gage1,1271723062216411
gage1,1271721757766749
gage1,1271721770842949
gage1,1271721787614860
gage1,1271721791920430
gage1,1271720298347392
gage1,1271720288208320
gage1,1271718957192637
gage1,1271718937600433
gage1,1271717561645487
gage1,1271717490968591
gage1,1271717482480096
gage1,1271716222504407
gage1,1271716212021733
gage1,1271710952189260
gage1,1271710934025110
gage1,1271710969681415
gage1,1271710908638691
gage1,1271710845926807
gage1,1271710846543970
gage1,1271710734254318
gage1,1271708271545779
gage1,1271708261362125
gage1,1271720370893315
gage1,1271720373308866
gage1,1271723157079613
gage1,1271723159286706
gage1,1271724324423569
gage1,1271724340169310
gage1,1271721673030776
gage1,1271721698048648
gage1,1271721779417423
gage1,1271721718300910
gage1,1271723010056044
gage1,1271723013068314
gage1,1271720219503126
gage1,1271720242713653
gage1,1271720143893944
gage1,1271720134275321
gage1,1271718876221441
gage1,1271718862960167
gage1,1271718731866361
gage1,1271717453950677
gage1,1271717453385105
gage1,1271710975594553
gage1,1271712203244030
gage1,1271712129107050
gage1,1271712142696540
gage1,1271710783374291
gage1,1271712091246286
gage1,1271712074935634
gage1,1271708267538264
gage1,1271708247680109
gage1,1271723164591321
gage1,1271723177378759
gage1,1271723181248125
gage1,1271723188183272
gage1,1271725590698104
gage1,1271725510118049
gage1,1271722949823946
gage1,1271721721249571
gage1,1271723040883576
gage1,1271723034632600
gage1,1271720233946754
gage1,1271720221043796
gage1,1271721473846691
gage1,1271721476560602
gage1,1271718895101674
gage1,1271718885191717
gage1,1271712285221743
gage1,1271712265992889
gage1,1271712234800241
gage1,1271712230981037
gage1,1271712102230942
gage1,1271712092152792
gage1,1271712166964832
gage1,1271710778244974
gage1,1271712001317177
gage1,1271712083670126
gage1,1271712015706865
gage1,1271708283187966
gage1,1271708280708527
gage1,1271708191990115
gage1,1271708243266805
gage1,1271723239193244
gage1,1271723223725568
gage1,1271724425827082
gage1,1271724354952254
gage1,1271724506064217
gage1,1271723257683762
gage1,1271725625744416
gage1,1271725563778119
gage1,1271722952348948
gage1,1271721720230645
gage1,1271724291932062
gage1,1271723004730905
gage1,1271721482256563
gage1,1271721478963658
gage1,1271720136542250
gage1,1271720142496382
gage1,1271718887696721
gage1,1271718877455552
gage1,1271712314647468
gage1,1271713546867345
gage1,1271712279207858
gage1,1271712260068301
gage1,1271712245270548
gage1,1271712251027298
gage1,1271712171783404
gage1,1271712163000833
gage1,1271687644165041
gage1,1271687627875977
gage1,1271712037864885
gage1,1271712031442437
gage1,1271712036882681
gage1,1271712036147124
gage1,1271709524956324
gage1,1271709524208083
gage1,1271708222404153
gage1,1271708196325872
gage1,1271708171839966
gage1,1271706943827009
gage1,1271724492065546
gage1,1271723250021521
gage1,1271724441846552
gage1,1271724369771234
gage1,1271726817482762
gage1,1271726804665365
gage1,1271722968388178
gage1,1271722957627511
gage1,1271721718760257
gage1,1271724229269202
gage1,1271724270785438
gage1,1271721426941857
gage1,1271721410960624
gage1,1271720162332331
gage1,1271720165067802
gage1,1271718903244393
gage1,1271718889832328
gage1,1271718806249211
gage1,1271712293342516
gage1,1271712302639936
gage1,1271712267767318
gage1,1271711028797807
gage1,1271713479254562
gage1,1271713411070938
gage1,1271687659226410
gage1,1271687648847674
gage1,1271712047414254
gage1,1271709542694183
gage1,1271709526595484
gage1,1271709466490771
gage1,1271685075047896
gage1,1271683823119794
gage1,1271708167346896
gage1,1271708168141895
gage1,1271723325006286
gage1,1271723309176954
gage1,1271724451797545
gage1,1271724456270484
gage1,1271722969976274
gage1,1271722966457503
gage1,1271721653142745
gage1,1271721624246232
gage1,1271724244293802
gage1,1271724231600950
gage1,1271721438666830
gage1,1271721432519072
gage1,1271721424742317
gage1,1271721413038444
gage1,1271720141228973
gage1,1271720069936278
gage1,1271718833697460
gage1,1271718814514631
gage1,1271712371537655
gage1,1271712345765150
gage1,1271713495932985
gage1,1271713507678317
gage1,1271713425706374
gage1,1271713414784763
gage1,1271709493281831
gage1,1271709489429346
gage1,1271685081342872
gage1,1271685057869475
gage1,1271683827468481
gage1,1271683811800708
gage1,1271683781066164
gage1,1271706929778941
gage1,1271706938495348
gage1,1271724573658994
gage1,1271724557955310
gage1,1271723310267046
gage1,1271723297884410
gage1,1271724467499352
gage1,1271724405623798
gage1,1271725770287121
gage1,1271724535266870
gage1,1271722980064400
gage1,1271722924459177
gage1,1271722905072747
gage1,1271722910964079
gage1,1271722881569248
gage1,1271721648906595
gage1,1271720378331872
gage1,1271724262626097
gage1,1271724197982840
gage1,1271720176519237
gage1,1271720124134213
gage1,1271720084891214
gage1,1271720078899007
gage1,1271720008913820
gage1,1271718767645417
gage1,1271713518834488
gage1,1271713461589609
gage1,1271713454226507
gage1,1271713434015682
gage1,1271713359749008
gage1,1271712123501170
gage1,1271712119863511
gage1,1271685093448837
gage1,1271685099561641
gage1,1271685066349912
gage1,1271684996670288
gage1,1271683745700916
gage1,1271683726318372
gage1,1271683776369149
gage1,1271682492558933
gage1,1271706918847852
gage1,1271706909958908
gage1,1271724583878054
gage1,1271724558999999
gage1,1271723327425605
gage1,1271723305005556
gage1,1271725700017109
gage1,1271725708874716
gage1,1271725659093330
gage1,1271725635711280
gage1,1271725830429550
gage1,1271724534151506
gage1,1271724162065676
gage1,1271724179330872
gage1,1271722912811389
gage1,1271722932047443
gage1,1271721586512189
gage1,1271721576841288
gage1,1271725441731303
gage1,1271724223695678
gage1,1271720097488086
gage1,1271720100376655
gage1,1271718756941545
gage1,1271713528931448
gage1,1271713581325367
gage1,1271714696973034
gage1,1271714692727524
gage1,1271713376656708
gage1,1271713360574310
gage1,1271686341080065
gage1,1271685105382889
gage1,1271683747523776
gage1,1271683728362623
gage1,1271682477149858
gage1,1271682478976151
gage1,1271682507488967
gage1,1271706905797058
gage1,1271724588340550
gage1,1271724624759616
gage1,1271723383507276
gage1,1271723377100324
gage1,1271723361564724
gage1,1271723357380304
gage1,1271725706654284
gage1,1271724477989919
gage1,1271725628471839
gage1,1271725599824837
gage1,1271722902604763
gage1,1271722837931195
gage1,1271722879192832
gage1,1271722866747246
gage1,1271721572427945
gage1,1271721563162625
gage1,1271725395137648
gage1,1271725378646625
gage1,1271725517054469
gage1,1271725455604290
gage1,1271721344921308
gage1,1271720054255350
gage1,1271714757502586
gage1,1271713597519971
gage1,1271713595351603
gage1,1271713599236897
gage1,1271714780949208
gage1,1271714725125279
gage1,1271714707307839
gage1,1271714630389404
gage1,1271713307902744
gage1,1271713298402495
gage1,1271686364384813
gage1,1271686373162742
gage1,1271686337208606
gage1,1271685105368050
gage1,1271683766746979
gage1,1271683702026495
gage1,1271683676192997
gage1,1271683656733025
gage1,1271682463074193
gage1,1271725728960768
gage1,1271725733895086
gage1,1271726874212219
gage1,1271726849262037
gage1,1271725594844413
gage1,1271725585797948
gage1,1271722836573424
gage1,1271722829281405
gage1,1271724107590799
gage1,1271724110024748
gage1,1271721503900609
gage1,1271721587606981
gage1,1271721552874702
gage1,1271725416189539
gage1,1271725393442086
gage1,1271725468586759
gage1,1271725477127882
gage1,1271721377123236
gage1,1271721292291056
gage1,1271721288044717
gage1,1271714777281331
gage1,1271714776485902
gage1,1271714865838664
gage1,1271714840170056
gage1,1271714804095752
gage1,1271716032393628
gage1,1271715979159247
gage1,1271714742934959
gage1,1271714651488343
gage1,1271714638807720
gage1,1271713397388449
gage1,1271713402769411
gage1,1271713300448113
gage1,1271713291519934
gage1,1271686356149942
gage1,1271686355373815
gage1,1271685052623624
gage1,1271685097649016
gage1,1271683690873417
gage1,1271683661818372
gage1,1271682426807816
gage1,1271682414489586
gage1,1271725745015404
gage1,1271725745466017
gage1,1271725810761554
gage1,1271725790578171
gage1,1271724115478088
gage1,1271724105888950
gage1,1271721522038719
gage1,1271721502448140
gage1,1271725415291091
gage1,1271725405456906
gage1,1271725565649410
gage1,1271725497324440
gage1,1271725499036637
gage1,1271725482461112
gage1,1271721331111558
gage1,1271721317714702
gage1,1271721309949797
gage1,1271721303053487
gage1,1271714864569951
gage1,1271714793463010
gage1,1271714814570993
gage1,1271716039793640
gage1,1271716007689817
gage1,1271715998403370
gage1,1271715919952575
gage1,1271715977762016
gage1,1271714678960257
gage1,1271714653412270
gage1,1271713293461540
gage1,1271713287892114
gage1,1271686368787494
gage1,1271686306916932
gage1,1271686226546143
gage1,1271686279693578
gage1,1271685035134342
gage1,1271684869246516
gage1,1271683637915879
gage1,1271682367322332
gage1,1271682410145469
gage1,1271682416051545
gage1,1271726979641952
gage1,1271725744403421
gage1,1271725759080206
gage1,1271726987171452
gage1,1271727105084924
gage1,1271725879879676
gage1,1271724060653822
gage1,1271724057134698
gage1,1271721530597306
gage1,1271725430420615
gage1,1271725356426037
gage1,1271726727546618
gage1,1271726736120078
gage1,1271716097571351
gage1,1271716057065644
gage1,1271716068715262
gage1,1271716027388723
gage1,1271716020567285
gage1,1271715938838572
gage1,1271715938369773
gage1,1271714594696449
gage1,1271714575117795
gage1,1271688921191075
gage1,1271688914843279
gage1,1271712062202493
gage1,1271712057757530
gage1,1271686319163778
gage1,1271686312479966
gage1,1271684978914022
gage1,1271685027282243
gage1,1271684880166543
gage1,1271684867476945
gage1,1271683611153315
gage1,1271683588063251
gage1,1271682365730817
gage1,1271682338397181
gage1,1271726927665661
gage1,1271726920723068
gage1,1271727056577629
gage1,1271727048043400
gage1,1271727022853671
gage1,1271727016955141
gage1,1271724086349561
gage1,1271724069641866
gage1,1271724058906502
gage1,1271724040031757
gage1,1271722755731530
gage1,1271722694235663
gage1,1271726604202950
gage1,1271726596769311
gage1,1271725353991682
gage1,1271725345152031
gage1,1271726730877794
gage1,1271726735408328
gage1,1271726698846996
gage1,1271726686073982
gage1,1271716132436150
gage1,1271716119167547
gage1,1271716081617919
gage1,1271716081491775
gage1,1271716029384649
gage1,1271717261948873
gage1,1271715959083996
gage1,1271715966410164
gage1,1271714609843145
gage1,1271714593857247
gage1,1271688917556217
gage1,1271688907253984
gage1,1271687567747350
gage1,1271687560270783
gage1,1271686327173409
gage1,1271686308120210
gage1,1271684981039648
gage1,1271684944952209
gage1,1271682343979297
gage1,1271682337616063
gage1,1271726940754145
gage1,1271726926332075
gage1,1271727084065753
gage1,1271727089421398
gage1,1271728261345252
gage1,1271728267087597
gage1,1271727030228774
gage1,1271724091176597
gage1,1271724086719844
gage1,1271724006085506
gage1,1271723983792295
gage1,1271722775036371
gage1,1271722710393083
gage1,1271722698342745
gage1,1271721466995319
gage1,1271726543950690
gage1,1271726540547660
gage1,1271726753468804
gage1,1271726745997089
gage1,1271727949619255
gage1,1271727952117124
gage1,1271726645734744
gage1,1271726629902849
gage1,1271716091157790
gage1,1271716091918945
gage1,1271717277849510
gage1,1271717288672261
gage1,1271715899713266
gage1,1271715880398545
gage1,1271717194993109
gage1,1271717210095102
gage1,1271714595744052
gage1,1271714586837873
gage1,1271688909419734
gage1,1271687579787854
gage1,1271687572952235
gage1,1271686267823073
gage1,1271687490813073
gage1,1271686215744462
gage1,1271686209698359
gage1,1271684900750269
gage1,1271684890682971
gage1,1271682330252149
gage1,1271682331272299
gage1,1271728198255274
gage1,1271726962526746
gage1,1271726886055751
gage1,1271726876748735
gage1,1271727133908879
gage1,1271727120599103
gage1,1271728335521723
gage1,1271727164944797
gage1,1271728346058097
gage1,1271728340002213
gage1,1271728302611927
gage1,1271728289327906
gage1,1271725266436250
gage1,1271725268608965
gage1,1271724014999668
gage1,1271724010962315
gage1,1271722735199164
gage1,1271722724930430
gage1,1271721398141646
gage1,1271721456736481
gage1,1271726530125649
gage1,1271725311103955
gage1,1271726779887503
gage1,1271728001883725
gage1,1271727941393345
gage1,1271728003292424
gage1,1271727882854145
gage1,1271726646889051
gage1,1271717322609362
gage1,1271717392129316
gage1,1271717393010059
gage1,1271717289857286
gage1,1271717296923449
gage1,1271717130689143
gage1,1271715898429922
gage1,1271717204674899
gage1,1271718487448888
gage1,1271717225726203
gage1,1271690230367507
gage1,1271714582625473
gage1,1271690178911683
gage1,1271687582187830
gage1,1271687584086887
gage1,1271687505014031
gage1,1271686266317859
gage1,1271686227818750
gage1,1271686211419086
gage1,1271682318645910
gage1,1271728288079803
gage1,1271728227100611
gage1,1271728206282384
gage1,1271726973977158
gage1,1271726875894634
gage1,1271728410652902
gage1,1271728398126641
gage1,1271729603871882
gage1,1271728374767947
gage1,1271728364253977
gage1,1271728369855344
gage1,1271729555156865
gage1,1271729560264083
gage1,1271725189900289
gage1,1271725251813994
gage1,1271722733778228
gage1,1271722726418796
gage1,1271721406995517
gage1,1271726529543439
gage1,1271725293170372
gage1,1271727904907537
gage1,1271727894415303
gage1,1271726577436182
gage1,1271726568849238
gage1,1271717345251235
gage1,1271717334838499
gage1,1271717414907791
gage1,1271717356754257
gage1,1271717309418066
gage1,1271691519313054
gage1,1271691494333530
gage1,1271715875873834
gage1,1271718412178195
gage1,1271717166440442
gage1,1271714620946253
gage1,1271691458144987
gage1,1271690210001827
gage1,1271690187571007
gage1,1271688938921482
gage1,1271688933091170
gage1,1271687591828479
gage1,1271687599298358
gage1,1271687521832633
gage1,1271687449476232
gage1,1271687445620550
gage1,1271686168623447
gage1,1271686152301113
gage1,1271728294635927
gage1,1271728239877480
gage1,1271728225568143
gage1,1271728218519714
gage1,1271728136950848
gage1,1271726905480883
gage1,1271728430624572
gage1,1271729589542100
gage1,1271729595607590
gage1,1271723974733334
gage1,1271722671660284
gage1,1271722658208653
gage1,1271722644855649
gage1,1271726547763832
gage1,1271726528142103
gage1,1271727920451023
gage1,1271727849550545
gage1,1271717360955980
gage1,1271717364829592
gage1,1271718661025394
gage1,1271717439272357
gage1,1271718672283262
gage1,1271718544566704
gage1,1271718498959621
gage1,1271691514620624
gage1,1271691493153079
gage1,1271718453628291
gage1,1271718449329446
gage1,1271718406569713
gage1,1271692793536920
gage1,1271691482905402
gage1,1271691479296472
gage1,1271690231386545
gage1,1271690211333395
gage1,1271690201955636
gage1,1271690183250789
gage1,1271688954847043
gage1,1271687604144483
gage1,1271687551655991
gage1,1271688847302816
gage1,1271687460306445
gage1,1271687444724552
gage1,1271686183156612
gage1,1271686167454396
gage1,1271729549239049
gage1,1271729474792869
gage1,1271728244085065
gage1,1271728224346413
gage1,1271728131760351
gage1,1271726906917080
gage1,1271723951150943
gage1,1271723925227966
gage1,1271722685610066
gage1,1271722672909032
gage1,1271722649988371
gage1,1271722634075253
gage1,1271726566492906
gage1,1271726511833596
gage1,1271726490975417
gage1,1271726468566620
gage1,1271727838979768
gage1,1271727851851341
gage1,1271718593639328
gage1,1271718687737312
gage1,1271718690338814
gage1,1271718711518894
gage1,1271718688829667
gage1,1271718554317602
gage1,1271718555239096
gage1,1271719691883978
gage1,1271719700827656
gage1,1271719718756173
gage1,1271692795460193
gage1,1271692782424199
gage1,1271691404571773
gage1,1271690175722616
gage1,1271690124507153
gage1,1271690179576619
gage1,1271688839730248
gage1,1271688783815901
gage1,1271688797039546
gage1,1271688784401075
gage1,1271687540217877
gage1,1271687446410726
gage1,1271687434631354
gage1,1271686108576966
gage1,1271686095696576
gage1,1271729578644494
gage1,1271730754772938
gage1,1271729482890700
gage1,1271729492543079
gage1,1271728246413053
gage1,1271728168812421
gage1,1271726841013880
gage1,1271725201014093
gage1,1271725197301282
gage1,1271723940162206
gage1,1271723929774024
gage1,1271726480795693
gage1,1271726422087667
gage1,1271727831693668
gage1,1271727822455812
gage1,1271729093313451
gage1,1271727860363643
gage1,1271718596876440
gage1,1271718607150809
gage1,1271718706801270
gage1,1271718774442428
gage1,1271719947701003
gage1,1271719960698573
gage1,1271718578148561
gage1,1271718586267764
gage1,1271696582374852
gage1,1271694026528343
gage1,1271692784531758
gage1,1271692746731557
gage1,1271691406570401
gage1,1271690168713542
gage1,1271690132764309
gage1,1271690122505509
gage1,1271688891991428
gage1,1271688886163853
gage1,1271688862488111
gage1,1271688852927288
gage1,1271688808742031
gage1,1271688804663314
gage1,1271689986285925
gage1,1271689995048874
gage1,1271688709406042
gage1,1271688725313607
gage1,1271687383578779
gage1,1271687367699324
gage1,1271730848078086
gage1,1271729436106461
gage1,1271729419775995
gage1,1271728177534953
gage1,1271728171353695
gage1,1271726427117893
gage1,1271727830600368
gage1,1271727753277209
gage1,1271729111651838
gage1,1271729098116561
gage1,1271718615831996
gage1,1271718605589905
gage1,1271720006746125
gage1,1271719983411200
gage1,1271719973919890
gage1,1271719839739616
gage1,1271719845379316
gage1,1271719828415167
gage1,1271719827692185
gage1,1271696597847427
gage1,1271696603141532
gage1,1271693974241137
gage1,1271694028884773
gage1,1271692715882990
gage1,1271692700643017
gage1,1271691393219189
gage1,1271690157693323
gage1,1271688884412450
gage1,1271688884685824
gage1,1271688870282682
gage1,1271688866864419
gage1,1271688827306562
gage1,1271688816881043
gage1,1271688724645132
gage1,1271688714011251
gage1,1271687389088746
gage1,1271687321068730
gage1,1271729468623374
gage1,1271729461449554
gage1,1271728189976378
gage1,1271728170358276
gage1,1271727784012386
gage1,1271727757929109
gage1,1271726526015936
gage1,1271726522429490
gage1,1271729039173680
gage1,1271729049184567
gage1,1271718653438632
gage1,1271718634199666
gage1,1271719858721191
gage1,1271719867806895
gage1,1271719772776893
gage1,1271719762575007
gage1,1271721002369993
gage1,1271697870098484
gage1,1271697872549525
gage1,1271694051273885
gage1,1271693982255100
gage1,1271692717303810
gage1,1271692639693140
gage1,1271691454710472
gage1,1271692677655251
gage1,1271691345919692
gage1,1271691330689801
gage1,1271690095257940
gage1,1271690088763000
gage1,1271690051747202
gage1,1271690048513629
gage1,1271688734963689
gage1,1271688733339958
gage1,1271688651827118
gage1,1271688645657838
gage1,1271687307447206
gage1,1271730708945074
gage1,1271730706625725
gage1,1271729411637457
gage1,1271728127943480
gage1,1271728108403340
gage1,1271728098588130
gage1,1271727782911182
gage1,1271727767132765
gage1,1271729037043070
gage1,1271729024741777
gage1,1271729072485440
gage1,1271729083326180
gage1,1271719883400391
gage1,1271719877636393
gage1,1271721097593063
gage1,1271721113135219
gage1,1271719846988848
gage1,1271719772248278
gage1,1271721021492636
gage1,1271721021328283
gage1,1271694071155470
gage1,1271694015049641
gage1,1271693922656949
gage1,1271693915948202
gage1,1271692665199135
gage1,1271692652257359
gage1,1271691384021737
gage1,1271691378389954
gage1,1271691447009667
gage1,1271691437281538
gage1,1271691504042588
gage1,1271690110461293
gage1,1271690076964327
gage1,1271690012194981
gage1,1271688680984344
gage1,1271688674133358
gage1,1271688653237764
gage1,1271687418832364
gage1,1271730724279643
gage1,1271730717103786
gage1,1271730785410831
gage1,1271730735831320
gage1,1271729433945919
gage1,1271729417849015
gage1,1271728097301748
gage1,1271728078516829
gage1,1271727701815796
gage1,1271727688741599
gage1,1271728968974799
gage1,1271727730497900
gage1,1271730255943498
gage1,1271730242627478
gage1,1271719893067872
gage1,1271719952108557
gage1,1271721026719547
gage1,1271721095253605
gage1,1271719789310311
gage1,1271719771395628
gage1,1271695307023672
gage1,1271695242971278
gage1,1271695185959062
gage1,1271693930709510
gage1,1271693920885216
gage1,1271693908356830
gage1,1271692657082771
gage1,1271692647929415
gage1,1271690044658801
gage1,1271690040935914
gage1,1271690029247316
gage1,1271690016723787
gage1,1271688690193694
gage1,1271688698841269
gage1,1271688590881247
gage1,1271688590424783
gage1,1271687346674787
gage1,1271687359698035
gage1,1271730740067843
gage1,1271730734328590
gage1,1272218436715608
gage1,1271729401531010
gage1,1271729400361627
gage1,1271729377723615
gage1,1271729358685414
gage1,1271728070871205
gage1,1271726842544331
gage1,1271728973859937
gage1,1271727741430729
gage1,1271730258709642
gage1,1271730251455787
gage1,1271719908883999
gage1,1271719915988014
gage1,1271719982102895
gage1,1271719975391507
gage1,1271721048535306
gage1,1271721047327207
gage1,1271720968763800
gage1,1271695262798511
gage1,1271695268041932
gage1,1271695216288222
gage1,1271695171676406
gage1,1271693877425406
gage1,1271693852169450
gage1,1271693839522084
gage1,1271692640699022
gage1,1271692634549178
gage1,1271689924706457
gage1,1271689925759389
gage1,1271689868298541
gage1,1271688639426951
gage1,1271688580580109
gage1,1271687342276478
gage1,1272218316675300
gage1,1272218373339543
gage1,1272218375751606
gage1,1271730629216647
gage1,1271729405897980
gage1,1271729314501088
gage1,1271729311573543
gage1,1271728122751796
gage1,1271728125063788
gage1,1271728940506046
gage1,1271728927324587
gage1,1271728907438380
gage1,1271727663112149
gage1,1271730275923486
gage1,1271730256835099
gage1,1271721157928325
gage1,1271719926192709
gage1,1271719988886223
gage1,1271721055654999
gage1,1271721061155519
gage1,1271720994359455
gage1,1271720985032696
gage1,1271696526756935
gage1,1271695331476720
gage1,1271696463520007
gage1,1271695228457998
gage1,1271695132323424
gage1,1271695114534832
gage1,1271695055359098
gage1,1271693857638808
gage1,1271693834977501
gage1,1271692606934327
gage1,1271692578712301
gage1,1271692571854801
gage1,1271692550198877
gage1,1271692553051830
gage1,1271689956400963
gage1,1271689950455729
gage1,1271689879701075
gage1,1271689866807862
gage1,1271688638037814
gage1,1272218325100136
gage1,1272218324071039
gage1,1272218415275668
gage1,1272218401385921
gage1,1271730647623130
gage1,1271730572405124
gage1,1271729316619514
gage1,1271729306933213
gage1,1271729281965673
gage1,1271728052819469
gage1,1271728919285049
gage1,1271728922698079
gage1,1271730194867138
gage1,1271721251308172
gage1,1271721235384633
gage1,1271721189311025
gage1,1271721136785122
gage1,1271721074828369
gage1,1271721079889680
gage1,1271721069939315
gage1,1271696571675263
gage1,1271696570486669
gage1,1271695326271068
gage1,1271696498029940
gage1,1271696487441371
gage1,1271696452038231
gage1,1271695134200621
gage1,1271695133006111
gage1,1271695082326820
gage1,1271695065979576
gage1,1271693853246656
gage1,1271692543975089
gage1,1271692566693047
gage1,1271692554251618
gage1,1271691307730946
gage1,1271691297519839
gage1,1271691200480773
gage1,1271689907077867
gage1,1272218341285692
gage1,1272218346964739
gage1,1272218255560931
gage1,1272219725621753
gage1,1272219728293335
gage1,1272219649518804
gage1,1272218426260765
gage1,1271730604659323
gage1,1271730577992140
gage1,1271729309013997
gage1,1271729257169728
gage1,1271729287314580
gage1,1271728055138303
gage1,1271728958146410
gage1,1271728925135053
gage1,1271730209695546
gage1,1271722435120225
gage1,1271721205534989
gage1,1271721245553384
gage1,1271721230048411
gage1,1271721201393113
gage1,1271722374900554
gage1,1271722393699507
gage1,1271722308031275
gage1,1271722328048365
gage1,1271697813489350
gage1,1271697825022441
gage1,1271697811482305
gage1,1271697730686806
gage1,1271697686127280
gage1,1271696444331426
gage1,1271696454523130
gage1,1271695157386113
gage1,1271695166478104
gage1,1271695084222399
gage1,1271695101243110
gage1,1271695023236778
gage1,1271694992878044
gage1,1271693791373872
gage1,1271693775733292
gage1,1271692534047460
gage1,1271692503934041
gage1,1271692504690989
gage1,1271691253714555
gage1,1271691309039448
gage1,1271691141133791
gage1,1271689909437567
gage1,1272218358755275
gage1,1272218281245683
gage1,1272219736264915
gage1,1272219745390402
gage1,1272219675923934
gage1,1272219668627087
gage1,1272219664215914
gage1,1272218242902765
gage1,1271730596277587
gage1,1271730583169828
gage1,1271729268487439
gage1,1271729251549978
gage1,1271727998827790
gage1,1271727983486004
gage1,1271730224341886
gage1,1271730156133052
gage1,1271728882782042
gage1,1271728881478412
gage1,1271722454325235
gage1,1271722447174342
gage1,1271721271729823
gage1,1271721243614467
gage1,1271721224341765
gage1,1271722392344691
gage1,1271722382303515
gage1,1271723593542918
gage1,1271722427258806
gage1,1271722320649906
gage1,1271721085074587
gage1,1271722363442455
gage1,1271722353740096
gage1,1271697852960260
gage1,1271699008567898
gage1,1271698953326516
gage1,1271696427184209
gage1,1271696446313491
gage1,1271695098981427
gage1,1271696268076911
gage1,1271695038534407
gage1,1271694955202532
gage1,1271693801863377
gage1,1271693715124517
gage1,1271692542189348
gage1,1271692539691456
gage1,1271692505886659
gage1,1271692435175727
gage1,1271691239705089
gage1,1271691235801775
gage1,1271691234561685
gage1,1271691221591917
gage1,1271689914719585
gage1,1272219604292560
gage1,1272219538581210
gage1,1272218279529279
gage1,1272218267078151
gage1,1272219698549617
gage1,1272220929998185
gage1,1272219686817111
gage1,1272219631998535
gage1,1271730608130333
gage1,1271730530899034
gage1,1271729233010365
gage1,1271729157864952
gage1,1271730123642661
gage1,1271728891449286
gage1,1271722479981242
gage1,1271722473122063
gage1,1271722462287212
gage1,1271722442932562
gage1,1271722523320077
gage1,1271722514055722
gage1,1271723687737137
gage1,1271723696149441
gage1,1271722346286535
gage1,1271722332803762
gage1,1271721014062876
gage1,1271721010315842
gage1,1271723607379227
gage1,1271723608485316
gage1,1271699032024935
gage1,1271699037142676
gage1,1271696416402708
gage1,1271696413454550
gage1,1271697670755016
gage1,1271696432261121
gage1,1271696269183193
gage1,1271696262453371
gage1,1271693745334789
gage1,1271693718752888
gage1,1271692528619887
gage1,1271692466687436
gage1,1271692423556726
gage1,1271692421891217
gage1,1271691176780307
gage1,1271691173424773
gage1,1272219632891279
gage1,1272219561385949
gage1,1272219557481115
gage1,1272220995470281
gage1,1272220959952255
gage1,1272220934943437
gage1,1272220873316912
gage1,1271730558868642
gage1,1271730548561181
gage1,1271730523946172
gage1,1271729201097664
gage1,1271729191006088
gage1,1271730132440571
gage1,1271730122648979
gage1,1271723727283799
gage1,1271722488934938
gage1,1271722490511899
gage1,1271722473940964
gage1,1271723780915118
gage1,1271722548552860
gage1,1271722537196688
gage1,1271722576081593
gage1,1271724952067177
gage1,1271723710785376
gage1,1271722284229671
gage1,1271722261274896
gage1,1271723564711439
gage1,1271723635974001
gage1,1271724875039080
gage1,1271723646997319
gage1,1271699047715932
gage1,1271699001380780
gage1,1271696348234811
gage1,1271696397426467
gage1,1271697612510465
gage1,1271696378727866
gage1,1271696363983835
gage1,1271696223608741
gage1,1271696206367479
gage1,1271694914827160
gage1,1271693655658387
gage1,1271693639958225
gage1,1271692464878433
gage1,1271692448231494
gage1,1271691126217025
gage1,1272219570230833
gage1,1272219563765806
gage1,1272221005832435
gage1,1272220964710543
gage1,1272220963436084
gage1,1272220885074729
gage1,1272220872173329
gage1,1272218193192801
gage1,1272218179912496
gage1,1271730491762385
gage1,1271730468805355
gage1,1271730508990017
gage1,1271730507800328
gage1,1271729206533240
gage1,1271729151288417
gage1,1271730144903418
gage1,1271730069511826
gage1,1271723755833460
gage1,1271723751650408
gage1,1271723809237900
gage1,1271723802295269
gage1,1271722550257418
gage1,1271722596354999
gage1,1271722300059207
gage1,1271722290072443
gage1,1271723572634214
gage1,1271724876927629
gage1,1271724812005943
gage1,1271724920105401
gage1,1271724922293110
gage1,1271724885164331
gage1,1271724889299881
gage1,1271697628242534
gage1,1271697620860385
gage1,1271696300427935
gage1,1271694919536697
gage1,1271693636115053
gage1,1271692388828669
gage1,1271692366802245
gage1,1272220806101718
gage1,1272219583086367
gage1,1272219577259914
gage1,1272219556149272
gage1,1272219581631168
gage1,1272222222279574
gage1,1272222218634187
gage1,1272220916728735
gage1,1272218218788319
gage1,1272218208645942
gage1,1271730388463574
gage1,1271730381584724
gage1,1271730173873498
gage1,1271730102330003
gage1,1271723763967974
gage1,1271725009244469
gage1,1271725059779836
gage1,1271725069687420
gage1,1271723843362621
gage1,1271722608939103
gage1,1271722302065870
gage1,1271722286538693
gage1,1271724836537044
gage1,1271724819856790
gage1,1271724977181322
gage1,1271724921581279
gage1,1271697712678836
gage1,1271698950576875
gage1,1271697632363420
gage1,1271697560863918
gage1,1272220805665396
gage1,1272220820947107
gage1,1272219493503360
gage1,1272219481316167
gage1,1272220755074258
gage1,1272220751038625
gage1,1272222185329577
gage1,1272222165644352
gage1,1272222164249101
gage1,1272222160746683
gage1,1272219457500299
gage1,1272218232747301
gage1,1272218150336427
gage1,1272218136945689
gage1,1271730335335776
gage1,1271730322104490
gage1,1272217732741788
gage1,1271725038593684
gage1,1271725013575109
gage1,1271725100815539
gage1,1271726273682431
gage1,1271723859474040
gage1,1271722623022656
gage1,1271722613115746
gage1,1271723543669170
gage1,1271722291851626
gage1,1271722275546973
gage1,1271726088654608
gage1,1271726081116193
gage1,1271700425424402
gage1,1271726231006773
gage1,1271726220827959
gage1,1271698951878334
gage1,1271700243876922
gage1,1271700162662661
gage1,1271697661116645
gage1,1271697583257736
gage1,1271697537698054
gage1,1271697536148261
gage1,1272220883440506
gage1,1272220824726795
gage1,1272220852288281
gage1,1272220854528114
gage1,1272219508059527
gage1,1272219495307067
gage1,1272220785217231
gage1,1272220762660791
gage1,1272222193304827
gage1,1272222183967171
gage1,1272219466904884
gage1,1272218239673484
gage1,1272218165849578
gage1,1272218152751085
gage1,1272217685666643
gage1,1272217731502538
gage1,1271726272307139
gage1,1271725040055041
gage1,1271723872090213
gage1,1271723872508983
gage1,1271697916125924
gage1,1271697874632261
gage1,1271726179670257
gage1,1271726108366756
gage1,1271726106359244
gage1,1271726093344339
gage1,1271726181781221
gage1,1271726165671249
gage1,1271701505379926
gage1,1271700200207368
gage1,1271700190065381
gage1,1271698906892696
gage1,1271698925424433
gage1,1271698828977705
gage1,1271697578702215
gage1,1271696299174518
gage1,1271696246989474
gage1,1272220912691889
gage1,1272220853990690
gage1,1272220846838550
gage1,1272222084360451
gage1,1272222102643286
gage1,1272222043013732
gage1,1272222016900536
gage1,1272220687524400
gage1,1272219455363462
gage1,1272219407728577
gage1,1272219410344468
gage1,1272218161590498
gage1,1272218144523910
gage1,1272217709554114
gage1,1271726264619817
gage1,1271726226520489
gage1,1271725058963520
gage1,1271723888182873
gage1,1271699158938513
gage1,1271697911970081
gage1,1271727437637197
gage1,1271726129243687
gage1,1271726125545465
gage1,1271726177657019
gage1,1271726164851822
gage1,1271700215770224
gage1,1271700217553544
gage1,1271700204938133
gage1,1271700198467839
gage1,1271698929483943
gage1,1271700111314675
gage1,1271698809441662
gage1,1271698760361167
gage1,1271697509903362
gage1,1271696175897812
gage1,1272222088391387
gage1,1272222100066827
gage1,1272222066746554
gage1,1272222053480023
gage1,1272222002899102
gage1,1272220706859276
gage1,1272220699562598
gage1,1272219392221414
gage1,1272218098621551
gage1,1272218059674115
gage1,1272218060682639
gage1,1271727436499186
gage1,1271727426612296
gage1,1271725097355574
gage1,1271725083781360
gage1,1271725134610007
gage1,1271725124046174
gage1,1271699128310371
gage1,1271699132396391
gage1,1271697904482945
gage1,1271727374262815
gage1,1271727367198131
gage1,1271701450719778
gage1,1271701530243591
gage1,1271698804570708
gage1,1271698808537823
gage1,1271697507890488
gage1,1271698758992604
gage1,1272222092717967
gage1,1272222123813954
gage1,1272222132418661
gage1,1272222075828873
gage1,1272222071542783
gage1,1272220712494630
gage1,1272220712282549
gage1,1272219366135712
gage1,1272219361875780
gage1,1272219341716977
gage1,1272218106506598
gage1,1272218055340317
gage1,1271730429650555
gage1,1271730414044051
gage1,1271730415637742
gage1,1271726338510601
gage1,1271725106520480
gage1,1271725153090158
gage1,1271699120635006
gage1,1271700365119915
gage1,1271700461887956
gage1,1271700367392938
gage1,1271727415349172
gage1,1271727392574713
gage1,1271702988611537
gage1,1271698813384882
gage1,1271700040463252
gage1,1271697461710011
gage1,1271697451481705
gage1,1271698732162783
gage1,1272223323922686
gage1,1272223310093773
gage1,1272220720905586
gage1,1272220731179668
gage1,1272220715153155
gage1,1272219446943723
gage1,1272219385328519
gage1,1272219363339978
gage1,1272219282765302
gage1,1272218047627795
gage1,1272218048114833
gage1,1271730358179426
gage1,1271726372578818
gage1,1271726373310783
gage1,1271725175788566
gage1,1271726416682552
gage1,1271699107425684
gage1,1271700290054142
gage1,1271701730044381
gage1,1271700392606730
gage1,1271700379346003
gage1,1271698699393330
gage1,1271698691817910
gage1,1271697452877403
gage1,1272223315256270
gage1,1272223302574784
gage1,1272221972598516
gage1,1272221958984897
gage1,1272220681755182
gage1,1272220616494943
gage1,1272219307489239
gage1,1272219297514389
gage1,1272218046808085
gage1,1272218040896251
gage1,1272218037262895
gage1,1272217994961818
gage1,1272217992170962
gage1,1271726396834146
gage1,1271726332782293
gage1,1271727633350245
gage1,1271727623254101
gage1,1271726452274792
gage1,1271726451882859
gage1,1271701752494553
gage1,1271701664844999
gage1,1271701656649103
gage1,1271700403216809
gage1,1271700322580475
gage1,1271698649586795
gage1,1271697390869106
gage1,1272223269332249
gage1,1272223246248458
gage1,1272221994996169
gage1,1272220642094860
gage1,1272220625728543
gage1,1272219284075974
gage1,1272218046219771
gage1,1271730353221737
gage1,1271730346040500
gage1,1271726335920303
gage1,1271726321722845
gage1,1271727677259011
gage1,1271727654486175
gage1,1271701684425419
gage1,1271701680073620
gage1,1271701676655014
gage1,1271701575661213
gage1,1271700314689099
gage1,1271700307811153
gage1,1272223288265135
gage1,1272223278081481
gage1,1272223180068783
gage1,1272222006537070
gage1,1272220640867861
gage1,1272220630735763
gage1,1272219257283200
gage1,1272219241277077
gage1,1272219264454563
gage1,1272218032453552
gage1,1271727563862945
gage1,1271727576751107
gage1,1271702924942934
gage1,1271702916350764
gage1,1271701611610059
gage1,1271701607105521
gage1,1271701535677346
gage1,1271700323474997
gage1,1272223289950681
gage1,1272223274121902
gage1,1272223185196013
gage1,1272220607924192
gage1,1272220598028741
gage1,1272220574900154
gage1,1272220558621418
gage1,1272219224321000
gage1,1272217980105350
gage1,1272217957372567
gage1,1272217951748745
gage1,1271727578224226
gage1,1271727562255298
gage1,1271727605339097
gage1,1271727601014317
gage1,1271702866050024
gage1,1271702859436002
gage1,1271702927519011
gage1,1271702944778855
gage1,1271701560960505
gage1,1271701549676537
gage1,1272224485911780
gage1,1272224463313220
gage1,1272223230142750
gage1,1272223205596185
gage1,1272221914333628
gage1,1272221897720931
gage1,1272220600004566
gage1,1272220593559228
gage1,1272220563904906
gage1,1272220481275832
gage1,1272219251615594
gage1,1272219220227771
gage1,1272219204034154
gage1,1272217936846557
gage1,1272217937967364
gage1,1271727521482441
gage1,1271727506154965
gage1,1271728839146617
gage1,1271727548476479
gage1,1271702871264965
gage1,1271702848542803
gage1,1271702993210492
gage1,1271702970247785
gage1,1271704197143590
gage1,1272224509902455
gage1,1272224496426857
gage1,1272224464814609
gage1,1272224402243315
gage1,1272221940693848
gage1,1272221931892034
gage1,1272221855684738
gage1,1272221863423567
gage1,1272220599657917
gage1,1272220586076151
gage1,1272220431916444
gage1,1272220419010460
gage1,1272219171138566
gage1,1272219157710256
gage1,1272217900137154
gage1,1272217903985019
gage1,1272217865225581
gage1,1271727465297599
gage1,1271727516841780
gage1,1271728864401272
gage1,1271728802485971
gage1,1271728794902297
gage1,1271728775677378
gage1,1271704201938721
gage1,1271702908265659
gage1,1271704278659794
gage1,1271704271617503
gage1,1272225673522823
gage1,1272225666914741
gage1,1272224417242844
gage1,1272224426212660
gage1,1272221942473833
gage1,1272223106134852
gage1,1272223048973382
gage1,1272221813207464
gage1,1272221849635425
gage1,1272220543955342
gage1,1272220508098136
gage1,1272220498858867
gage1,1272219166538518
gage1,1272219156730463
gage1,1272217882870635
gage1,1272217866655592
gage1,1272217857701140
gage1,1271727476546129
gage1,1271727463539031
gage1,1271730048874641
gage1,1271728824029969
gage1,1271728803569981
gage1,1271728722789368
gage1,1271704169358728
gage1,1271704159235181
gage1,1271702905668627
gage1,1271702825349119
gage1,1271704308930721
gage1,1271704307765283
gage1,1272225692424373
gage1,1272225688695977
gage1,1272225680423230
gage1,1272225602269868
gage1,1272223141937574
gage1,1272223127928929
gage1,1272223053343635
gage1,1272221818327636
gage1,1272221806132518
gage1,1272221771238439
gage1,1272220536002259
gage1,1272219187733376
gage1,1272219109974542
gage1,1272219084405555
gage1,1272219142404023
gage1,1271729987017409
gage1,1271728757713003
gage1,1271728727182894
gage1,1271728705168410
gage1,1271704188779016
gage1,1271705410155455
gage1,1271704173702572
gage1,1271704154448905
gage1,1271704065437927
gage1,1271702823205497
gage1,1271702787957082
gage1,1271729936514750
gage1,1271705562900269
gage1,1271705565167820
gage1,1272225723397865
gage1,1272225700715224
gage1,1272225712524502
gage1,1272225620342497
gage1,1272224373000174
gage1,1272223165613395
gage1,1272223084416900
gage1,1272222991325779
gage1,1272222981545494
gage1,1272221795390094
gage1,1272220518788428
gage1,1272220537865598
gage1,1272220426308006
gage1,1272220358362046
gage1,1272219089435544
gage1,1272219079043613
gage1,1272217854964366
gage1,1272217836541360
gage1,1271729989071181
gage1,1271728759783396
gage1,1271728664955181
gage1,1271728652260560
gage1,1271705476586896
gage1,1271705430071159
gage1,1271705359826061
gage1,1271704117628251
gage1,1271704101458754
gage1,1271704064127422
gage1,1271702748146846
gage1,1271705586585427
gage1,1271705589188875
gage1,1271705529235521
gage1,1272226944709341
gage1,1272225650961659
gage1,1272225653500447
gage1,1272224375390612
gage1,1272224358656914
gage1,1272224345180172
gage1,1272224322431909
gage1,1272224320453265
gage1,1272223091760277
gage1,1272223013173283
gage1,1272223015816470
gage1,1272221707999838
gage1,1272220478323261
gage1,1272220442931852
gage1,1272220433591001
gage1,1272220373728424
gage1,1272220360426764
gage1,1272219012364671
gage1,1272219010508469
gage1,1272217831273321
gage1,1272217823156247
gage1,1271730004802634
gage1,1271730000894750
gage1,1271729984059660
gage1,1271728749188857
gage1,1271705509600065
gage1,1271705508662693
gage1,1271705465230482
gage1,1271705467791272
gage1,1271705348402155
gage1,1271704119369809
gage1,1271704100114434
gage1,1271704083880770
gage1,1272217604009153
gage1,1272193233142363
gage1,1272224319330607
gage1,1272225619421208
gage1,1272224280201180
gage1,1272224340680825
gage1,1272224266231548
gage1,1272224260254824
gage1,1272221741122437
gage1,1272221724894482
gage1,1272221644475208
gage1,1272220455140193
gage1,1272220408886976
gage1,1272220388574889
gage1,1272220296671856
gage1,1272219110862136
gage1,1272218959496284
gage1,1272218952611292
gage1,1272217762488284
gage1,1272217752527432
gage1,1271730024719589
gage1,1271730017252175
gage1,1271729932299302
gage1,1271729921860818
gage1,1272193097106849
gage1,1271705295711005
gage1,1271704044636951
gage1,1271704034563530
gage1,1272217621337606
gage1,1272193238636307
gage1,1272225536545312
gage1,1272225583583028
gage1,1272225564003415
gage1,1272224288897857
gage1,1272222982626260
gage1,1272222933291502
gage1,1272221688458225
gage1,1272221672051645
gage1,1272220400039728
gage1,1272220380846515
gage1,1272218982269207
gage1,1272219036856342
gage1,1272217668916651
gage1,1272217674098055
gage1,1271729957521496
gage1,1271729934202202
gage1,1272226897004645
gage1,1272225576231117
gage1,1272222970962612
gage1,1272222938718372
gage1,1272222921953668
gage1,1272221689762389
gage1,1272221670694670
gage1,1272221587187355
gage1,1272221580321885
gage1,1272220334462197
gage1,1272220315854987
gage1,1272217641413334
gage1,1272226979416649
gage1,1272226964062697
gage1,1272225559084142
gage1,1272221588868415
gage1,1272221581591051
gage1,1272220324716554
gage1,1272220304506557
gage1,1272226984494774
gage1,1272221618103937
gage1,1272221611261158
gage1,1272221542296267
gage1,1272220336268470
gage1,1272220316907060
gage1,1272220228853464
gage1,1272219000580457
gage1,1272222853206206
gage1,1272221630440719
gage1,1272221519458610
gage1,1272220267382665
gage1,1272220241873725
gage1,1074155275904714
gage1,1073150551842661
gage1,1073150580383205
gage1,1073150554041134
gage1,1073151841677945
gage1,1073639499564298
gage1,1073639534807838
gage1,1073640799122368
gage1,1073640782885581
gage1,1074643562416981
gage1,1074643546640263
gage1,1074643526999590
gage1,1270231749310335
gage1,1270231750783399
gage1,1270230506076019
gage1,1270231769935109
gage1,1270230437978849
gage1,1270230443886765
gage1,1270230483507525
gage1,1270230486773400
gage1,1270230431101988
gage1,1270230446861648
gage1,1270230457076063
gage1,1270230474099850
gage1,1270230470594244
gage1,1270230494135732
gage1,1270230415159241
gage1,1270230408399905
gage1,1270230451965280
gage1,1270230443334486
gage1,1270231698993792
gage1,1270231692251372
gage1,1270230467898324
gage1,1270230474244160
gage1,1270230495032141
gage1,1270230472667617
gage1,1270230405796180
gage1,1270229178611837
gage1,1270229166642376
gage1,1270230385370292
gage1,1270230396312417
gage1,1270230439734007
gage1,1270230433551766
gage1,1270231776617234
gage1,1270231720689396
gage1,1270231698178091
gage1,1270231684463770
gage1,1270229242283755
gage1,1270229245512493
gage1,1270230477319213
gage1,1270230471616237
gage1,1270229183753506
gage1,1270229167502386
gage1,1270230353257248
gage1,1270230362084222
gage1,1270231627436050
gage1,1270231624997403
gage1,1270231724678639
gage1,1270231742242430
gage1,1270231732679811
gage1,1270231704710865
gage1,1270231707526368
gage1,1270229235973070
gage1,1270229242896802
gage1,1270229238823243
gage1,1270229242120660
gage1,1270230338068549
gage1,1270230303455676
gage1,1270230349626892
gage1,1270231655372436
gage1,1270231632495959
gage1,1270231631558042
gage1,1270231700244822
gage1,1270229235719607
gage1,1270229232750002
gage1,1270229229263404
gage1,1270229232572429
gage1,1270230321255285
gage1,1270230308357514
gage1,1270229117220493
gage1,1270229098134625
gage1,1270231625745710
gage1,1270231641316593
gage1,1270231640404092
gage1,1270231720207440
gage1,1270229235705069
gage1,1270229229671794
gage1,1270229216713846
gage1,1270230323485514
gage1,1270230310546693
gage1,1270230286177880
gage1,1270231638591626
gage1,1270231574008208
gage1,1270231651092256
gage1,1270229217215151
gage1,1270229229767356
gage1,1270229204287371
gage1,1270229194271016
gage1,1270230265495376
gage1,1270230271783148
gage1,1270231715254330
gage1,1270231719023951
gage1,1270229198481031
gage1,1270229204914395
gage1,1270231499921940
gage1,1270230264869815
gage1,1270231565281847
gage1,1270231516154530
gage1,1270231718478554
gage1,1270231722068770
gage1,1270229186042047
gage1,1270229185635424
gage1,1270229198589809
gage1,1270229205645156
gage1,1270231492068732
gage1,1270230263868099
gage1,1270230219929303
gage1,1270231575585386
gage1,1270231541106303
gage1,1270231536740203
gage1,1270231657436633
gage1,1270231721749254
gage1,1270231731612611
gage1,1270231728586280
gage1,1270231728509264
gage1,1270227960470709
gage1,1270227963267812
gage1,1270230262866097
gage1,1270228952635741
gage1,1270228948903118
gage1,1270231592637171
gage1,1270231600981772
gage1,1270232706958083
gage1,1270231483560913
gage1,1270231666455063
gage1,1270231666788583
gage1,1270231666591703
gage1,1270231673284680
gage1,1270227960275409
gage1,1270227953868170
gage1,1270231426272045
gage1,1270230194280472
gage1,1270228956682706
gage1,1270227710807926
gage1,1270228932598782
gage1,1270228892570109
gage1,1270232836934019
gage1,1270231613312246
gage1,1270232790629088
gage1,1270232745122706
gage1,1270232733603845
gage1,1270232729674173
gage1,1270231675791225
gage1,1270231669418012
gage1,1270227931361303
gage1,1270227944489130
gage1,1270231450739430
gage1,1270230202627235
gage1,1270230170711450
gage1,1270229025929077
gage1,1270228992435110
gage1,1270228869011895
gage1,1270232793305729
gage1,1270232907991978
gage1,1270232899988663
gage1,1270231675252432
gage1,1270231672196889
gage1,1270227911868593
gage1,1270227905223750
gage1,1270227918686792
gage1,1270227931989366
gage1,1270231456291566
gage1,1270231384593592
gage1,1270230133015533
gage1,1270230195244625
gage1,1270228925290010
gage1,1270227752095894
gage1,1270227646447977
gage1,1270227631357894
gage1,1270232883601248
gage1,1270232825281815
gage1,1270226680355703
gage1,1270226669713324
gage1,1270231398518878
gage1,1270231305182774
gage1,1270230096758771
gage1,1270230041568187
gage1,1270227725150755
gage1,1270227632767885
gage1,1270227627015303
gage1,1270226661829157
gage1,1270226661691005
gage1,1270226665349908
gage1,1270226601048929
gage1,1270226653101856
gage1,1270231354812644
gage1,1270231329135207
gage1,1270230083771644
gage1,1270230039490444
gage1,1270230026374790
gage1,1270227554472710
gage1,1270227576215336
gage1,1270227602103107
gage1,1270227598596215
gage1,1270227857430292
gage1,1270226606285059
gage1,1270231289431732
gage1,1270232521184071
gage1,1270231256663203
gage1,1270231309061926
gage1,1270230048092754
gage1,1270229970984071
gage1,1270228731231658
gage1,1270228722743915
gage1,1270227540984689
gage1,1270227525690163
gage1,1270227667873121
gage1,1270227652920747
gage1,1270226358387742
gage1,1270227853082461
gage1,1270226589033870
gage1,1270231251277079
gage1,1270230013426129
gage1,1270230015853740
gage1,1270227552739964
gage1,1270226291377485
gage1,1270226352076327
gage1,1270226284202809
gage1,1270226394770706
gage1,1270226387305487
gage1,1270226555669902
gage1,1270227797307544
gage1,1270231237145914
gage1,1270228741964013
gage1,1270227518313215
gage1,1270226274838587
gage1,1270226261376028
gage1,1270226389502080
gage1,1270226306335443
gage1,1270227812432338
gage1,1270228773791209
gage1,1270226329634394
gage1,1270226266574901
gage1,1270225015204002
gage1,1270226399576552
gage1,1270225076741077
gage1,1270225077578259
gage1,1270228781661667
gage1,1270228760248526
gage1,1270224952227241
gage1,1270224940162662
gage1,1270225078417629
gage1,1270225113691446
gage1,1270225060658699
gage1,1270226199479709
gage1,1270226183454347
gage1,1270225036979810
gage1,1270225034595416
gage1,1270226221218524
gage1,1270226149492646
gage1,1270223742734007
gage1,1270223805006617
gage1,1270223789899085
gage1,1270226169387471
gage1,1270227398081154
gage1,1270223731489376
gage1,1270223712440086
gage1,1270223768205979
gage1,1270223769023622
gage1,1270227413843206
gage1,1270227421774471
gage1,1270223631874023
gage1,1270223628150484
gage1,1270222523593255
gage1,1270222527753192
gage1,1270223844295473
gage1,1270227453731305
gage1,1270227453071579
gage1,1270222458004678
gage1,1270223621017921
gage1,1270222496878989
gage1,1270222497473029
gage1,1270223813808949
gage1,1270222571059038
gage1,1270223870149742
gage1,1270223851750730
gage1,1270228636376494
gage1,1270227381559030
gage1,1270222449585247
gage1,1270222438118337
gage1,1270222481190364
gage1,1270222475176841
gage1,1270223849325210
gage1,1270223894506263
gage1,1270228664535520
gage1,1270228660880818
gage1,1270221239239923
gage1,1270221238852925
gage1,1270222472984238
gage1,1270223904706659
gage1,1270223910488923
gage1,1270221217387231
gage1,1270221203752837
gage1,1270221179885091
gage1,1270223896515731
gage1,1270223915204004
gage1,1270223862044671
gage1,1270221204934648
gage1,1270221197734717
gage1,1270222405006041
gage1,1270221166577404
gage1,1270223950222355
gage1,1270225158012987
gage1,1270223990639419
gage1,1270225161689008
gage1,1270225100350581
gage1,1270221196790398
gage1,1270221196182707
gage1,1075173491136282
gage1,1270222432773393
gage1,1270222410340247
gage1,1270221133046570
gage1,1270221161965927
gage1,1270222700753229
gage1,1270222699253854
gage1,1270225186484143
gage1,1270225238671006
gage1,1270221284490385
gage1,1270221249048144
gage1,1075173629242550
gage1,1075173486421100
gage1,1075173444347342
gage1,1270222351364714
gage1,1270222373262808
gage1,1270221063926488
gage1,1075173449718821
gage1,1270221268951164
gage1,1270221276549948
gage1,1075173627246433
gage1,1075173620709400
gage1,1270222375581020
gage1,1270221117824914
gage1,1075173615944164
gage1,1075173602674496
gage1,1270222397148306
gage1,1270222319872502
gage1,1075173693488699
gage1,1075173693305904
gage1,1075173667743631
gage1,1075173657880313
gage1,1270223557583291
gage1,1270223577004149
gage1,1270222303218168
gage1,1270222302952988
gage1,1075173641830309
gage1,1075173655430126
gage1,1270223593101772
gage1,1270223575865686
gage1,1270222298901717
gage1,1270222276966395
gage1,1075172410423127
gage1,1075172393984692
gage1,1075173659418786
gage1,1270223677134228
gage1,1270224837818993
gage1,1270223539128917
gage1,1270223522974963
gage1,1270222329858678
gage1,1270222311028808
gage1,1075172309574442
gage1,1075172303604584
gage1,1075173657069216
gage1,1075173669238340
gage1,1270224915292083
gage1,1270224935759081
gage1,1270224865330984
gage1,1270224858308369
gage1,1270222304017564
gage1,1270222226247864
gage1,1075172314655411
gage1,1075170981716719
gage1,1075171062165218
gage1,1075173722311973
gage1,1075173702971984
gage1,1270221320650044
gage1,1270224869683066
gage1,1270224877488416
gage1,1270224793074810
gage1,1270222255673515
gage1,1270222250046455
gage1,1270220991306938
gage1,1270220980876443
gage1,1075172326640012
gage1,1075171052170257
gage1,1075171097703018
gage1,1075172474565815
gage1,1270221349619401
gage1,1270221342801490
gage1,1270223458270351
gage1,1270223429430557
gage1,1270220973821685
gage1,1270220955675688
gage1,1075172264315565
gage1,1075171044221010
gage1,1075171023702614
gage1,1075171078922947
gage1,1075172472271829
gage1,1075172455980859
gage1,1270221424181402
gage1,1270221372070273
gage1,1270224705605966
gage1,1270223476121833
gage1,1270223443714844
gage1,1270223425182750
gage1,1270220985978504
gage1,1270220911686488
gage1,1270220937417044
gage1,1270220933224861
gage1,1075172250008388
gage1,1075172237920766
gage1,1075171022132805
gage1,1075169852923166
gage1,1075169853796847
gage1,1075173705182312
gage1,1075172479467113
gage1,1075172434349438
gage1,1075172446945128
gage1,1270221413124018
gage1,1270222617392953
gage1,1270222610525503
gage1,1270224731486979
gage1,1270224719438576
gage1,1270224652786144
gage1,1270224645830031
gage1,1270222198828617
gage1,1270222180169885
gage1,1270222152784127
gage1,1270220923962428
gage1,1270220900489937
gage1,1270220881806492
gage1,1270221002742039
gage1,1075173311859685
gage1,1075169777846873
gage1,1075171074143234
gage1,1075169834956453
gage1,1075173779367394
gage1,1075172490229681
gage1,1270224754049573
gage1,1270224746348688
gage1,1270224655158773
gage1,1270224645274255
gage1,1075173225872273
gage1,1075173361935593
gage1,1075173363167536
gage1,1075173300663540
gage1,1075173289585938
gage1,1075171149024737
gage1,1075169823107400
gage1,1075169819296411
gage1,1075173789488738
gage1,1075171263292814
gage1,1075172510425094
gage1,1270226058277798
gage1,1270225998595673
gage1,1270224674369526
gage1,1270224667067466
gage1,1270224641020378
gage1,1270223415961646
gage1,1075173269718460
gage1,1075173318793652
gage1,1075171149340460
gage1,1075171136906841
gage1,1075169888201367
gage1,1075169734110995
gage1,1075169806726305
gage1,1075172554310219
gage1,1075172539845624
gage1,1270226017886212
gage1,1270226013971859
gage1,1270224693480099
gage1,1270224690487516
gage1,1270224683013749
gage1,1270224675409876
gage1,1270223417719248
gage1,1270223411769618
gage1,1075173264856857
gage1,1075173259571007
gage1,1075172088109764
gage1,1075172071517929
gage1,1075168571370076
gage1,1075168569058117
gage1,1075173843364102
gage1,1270226034338249
gage1,1270226033181746
gage1,1270200303293128
gage1,1270199009949028
gage1,1270223395938853
gage1,1075173221836993
gage1,1075173212113098
gage1,1075172029876481
gage1,1075172021244733
gage1,1075172089594287
gage1,1075172069689591
gage1,1075168624616256
gage1,1075168620924648
gage1,1270225970986262
gage1,1270227203124291
gage1,1270201544326884
gage1,1270223379836677
gage1,1270223364434666
gage1,1075173214112701
gage1,1075173189954091
gage1,1075171944086059
gage1,1075171991605009
gage1,1075171992495734
gage1,1075173383843034
gage1,1075172155281932
gage1,1075172096505635
gage1,1075170808638620
gage1,1075169876736366
gage1,1075168608615717
gage1,1075168618751119
gage1,1270201559917852
gage1,1270201546793256
gage1,1270222128495777
gage1,1270222116380002
gage1,1075171903410083
gage1,1075171873688606
gage1,1075171912878527
gage1,1075171972919952
gage1,1075170749681318
gage1,1075170780477042
gage1,1075170835974634
gage1,1075169906915378
gage1,1075169906489021
gage1,1075168584181070
gage1,1075168524655913
gage1,1075168614148460
gage1,1075168623340053
gage1,1270201497483988
gage1,1270197751601870
gage1,1270197721595506
gage1,1270222100619903
gage1,1075170738204019
gage1,1075170724089273
gage1,1075170708775170
gage1,1075167323747898
gage1,1075167408090903
gage1,1075167273028999
gage1,1075167284615163
gage1,1075168667287453
gage1,1075168679402698
gage1,1075169859146107
gage1,1270222083839042
gage1,1270220849236886
gage1,1075170657967715
gage1,1075170649319928
gage1,1075169450642874
gage1,1075169451978814
gage1,1075166077539024
gage1,1075167396056894
gage1,1075167405679274
gage1,1075167247342654
gage1,1075167250233839
gage1,1075168521888665
gage1,1075168681258670
gage1,1075168675054802
gage1,1270220857679932
gage1,1270196469801036
gage1,1270220813706787
gage1,1270220811664917
gage1,1075167377126316
gage1,1075167390299639
gage1,1075167406973592
gage1,1075167238088496
gage1,1075167242564185
gage1,1075167239598800
gage1,1075168730347660
gage1,1075168724100277
gage1,1270196431182373
gage1,1270196422081293
gage1,1075173182684933
gage1,1075167361873257
gage1,1075167374746292
gage1,1075167401445066
gage1,1075167468923761
gage1,1075167193384992
gage1,1075167176728590
gage1,1075166007684404
gage1,1075173175362967
gage1,1075173166825847
gage1,1075167365659360
gage1,1075166133171575
gage1,1075167172000050
gage1,1075167174802100
gage1,1075165995063946
gage1,1075173133837488
gage1,1075173141452967
gage1,1075166116948713
gage1,1075166121493074
gage1,1075166107988017
gage1,1075167106495546
gage1,1075165923982839
gage1,1075167132571023
gage1,1075166187277401
gage1,1075166196441230
gage1,1075166086208244
gage1,1075165879092421
gage1,1075165862983497
gage1,1075165899429446
gage1,1075164667258857
gage1,1075166182171295
gage1,1075166194639069
gage1,1075167107452394
gage1,1075165810209848
gage1,1075165787774463
gage1,1075164658831574
gage1,1075164638950169
gage1,1075167061857566
gage1,1075167063097469
gage1,1075165734033725
gage1,1075167043409455
gage1,1075164730004743
gage1,1075164717132496
gage1,1075167090450092
gage1,1075167076695716
gage1,1075167038880074
gage1,1075168265390355
gage1,1075164466108893
gage1,1075165956507569
gage1,1075164701123454
gage1,1075164691359832
gage1,1075168332578741
gage1,1075168337501834
gage1,1075168283551130
gage1,1075168266915599
gage1,1075164439851132
gage1,1075164438008678
gage1,1075164678552050
gage1,1075164617444572
gage1,1075169686482168
gage1,1075168360196533
gage1,1075168275874518
gage1,1075168262441754
gage1,1075164490194280
gage1,1075163385308643
gage1,1075163384574663
gage1,1075169606853583
gage1,1075168380840551
gage1,1075168295265092
gage1,1075168297619145
gage1,1075168209490515
gage1,1075166971295231
gage1,1075163434514726
gage1,1075163440355151
gage1,1075163433898552
gage1,1075163380140162
gage1,1075163373998521
gage1,1075169542862543
gage1,1075169477749655
gage1,1075168221173312
gage1,1075168227718980
gage1,1075166954019269
gage1,1075166958863794
gage1,1075163441669772
gage1,1075163432099578
gage1,1075164553343789
gage1,1075163324236322
gage1,1075163366867965
gage1,1075163358984302
gage1,1075169577700567
gage1,1075169502631998
gage1,1075166903850806
gage1,1075166885295871
gage1,1075163435687816
gage1,1075164577927504
gage1,1075164561111687
gage1,1075163316313146
gage1,1075163307662431
gage1,1075163301282520
gage1,1075163409062917
gage1,1075163343857196
gage1,1075170816056390
gage1,1075170754373173
gage1,1075166844519346
gage1,1075168160401301
gage1,1075163289967654
gage1,1075163300345234
gage1,1075162168915139
gage1,1075162171397506
gage1,1075166824831337
gage1,1075166871107999
gage1,1075161964891091
gage1,1075163212655830
gage1,1075163287641343
gage1,1075163280721986
gage1,1075162153126115
gage1,1075162164523574
gage1,1075162152412664
gage1,1075166825983385
gage1,1075161823595301
gage1,1075161977403804
gage1,1075162208662518
gage1,1075162198994564
gage1,1075162136253889
gage1,1075141118740034
gage1,1075166766144919
gage1,1075162028804178
gage1,1075162017162080
gage1,1075162225026912
gage1,1075162183431096
gage1,1075161937834128
gage1,1075161993594845
gage1,1075160750227068
gage1,1075160976130821
gage1,1075162181292686
gage1,1075160729931610
gage1,1075160727087540
gage1,1075159703915840
gage1,1075158456352010
gage1,1075162262752440
gage1,1075160681014116
gage1,1075160680640094
gage1,1075160720843007
gage1,1075160671584319
gage1,1075159698824805
gage1,1075159767353236
gage1,1075158523787144
gage1,1075162291783339
gage1,1075160686433597
gage1,1075160682303254
gage1,1075160672274477
gage1,1075159466796172
gage1,1075160715252438
gage1,1075160679647778
gage1,1075160669278715
gage1,1075158521471597
gage1,1075163523806091
gage1,1075160685732449
gage1,1075160610997675
gage1,1075160616447460
gage1,1075159452794036
gage1,1075159433209263
gage1,1075160609487072
gage1,1075158569743526
gage1,1075158583518410
gage1,1075163533397109
gage1,1075160613098788
gage1,1075160615524737
gage1,1075160630868155
gage1,1075159510491687
gage1,1075158250341259
gage1,1075158172527438
gage1,1075159817295414
gage1,1075158630756691
gage1,1075163543156079
gage1,1075160621917992
gage1,1075160621786111
gage1,1075160572522003
gage1,1075161813688298
gage1,1075158251480494
gage1,1075158229022652
gage1,1075156924637796
gage1,1075158153323533
gage1,1075159908195695
gage1,1075158606926276
gage1,1075163544906499
gage1,1075161834436715
gage1,1075161817693458
gage1,1075158267936846
gage1,1075156983766586
gage1,1075158223910406
gage1,1075156957718651
gage1,1075159919787130
gage1,1075161160857901
gage1,1075157375925235
gage1,1075163607657508
gage1,1075163076779524
gage1,1075163072118771
gage1,1075161746367539
gage1,1075161748981894
gage1,1075158292533156
gage1,1075156946232910
gage1,1075155760033309
gage1,1075159998737861
gage1,1075157359899766
gage1,1075157384377009
gage1,1075164879312299
gage1,1075163122428560
gage1,1075163121054013
gage1,1075163026527834
gage1,1075163016430518
gage1,1075161764086181
gage1,1075161744831079
gage1,1075158298830157
gage1,1075158302724734
gage1,1075155711899704
gage1,1075156946645846
gage1,1075155649779855
gage1,1075166218123180
gage1,1075166212214985
gage1,1075164375459424
gage1,1075164382093626
gage1,1075164313138884
gage1,1075163034783925
gage1,1075163070153911
gage1,1075161789665054
gage1,1075162946967940
gage1,1075161702306992
gage1,1075161682910707
gage1,1075158318074231
gage1,1075158306871502
gage1,1075155738086161
gage1,1075155714230784
gage1,1075156937478068
gage1,1075157012618924
gage1,1075154429627946
gage1,1075163053151859
gage1,1075162981857143
gage1,1075164331223695
gage1,1075161681631405
gage1,1075161666273742
gage1,1075155719273785
gage1,1075154474072507
gage1,1075155787382956
gage1,1075155768715118
gage1,1075157006490181
gage1,1075157098160028
gage1,1075161680825315
gage1,1075160427773363
gage1,1075154477667096
gage1,1075154475057225
gage1,1075154392339460
gage1,1075155831975677
gage1,1075157075737579
gage1,1075161609410228
gage1,1075161699873156
gage1,1075160408321495
gage1,1075154383652760
gage1,1075154448089334
gage1,1075154446756109
gage1,1075154385468036
gage1,1075154382580744
gage1,1075157088894764
gage1,1075157080184167
gage1,1075161601256872
gage1,1075161618074623
gage1,1075162944613837
gage1,1075138534419798
gage1,1075160391894637
gage1,1075154373542469
gage1,1075154434049191
gage1,1075154378910502
gage1,1075135999112639
gage1,1075161609921500
gage1,1075162898686079
gage1,1075162989302224
gage1,1075159159902500
gage1,1075154334416634
gage1,1075153212546185
gage1,1075153205420181
gage1,1075135975192551
gage1,1075162920611367
gage1,1075162916471685
gage1,1075159146905715
gage1,1075153007239645
gage1,1075153267646269
gage1,1075153178282802
gage1,1075153193220077
gage1,1075135900608276
gage1,1075159128107943
gage1,1075153261222299
gage1,1075153236887836
gage1,1075135873134568
gage1,1075159105201834
gage1,1075157887534532
gage1,1075151986898029
gage1,1075151977096572
gage1,1075134581308729
gage1,1075157807967505
gage1,1075157910436324
gage1,1075151957959464
gage1,1075134580542633
gage1,1075157804296901
gage1,1075157791536302
gage1,1075156669468038
gage1,1075156598288269
gage1,1075152007085577
gage1,1075151942311802
gage1,1075134508578016
gage1,1075157819795818
gage1,1075156650389959
gage1,1075156641126169
gage1,1075152008649228
gage1,1075152017872619
gage1,1075150710395887
gage1,1075150778106759
gage1,1075135752123551
gage1,1075157815399134
gage1,1075156637218614
gage1,1075156546822992
gage1,1075156615809105
gage1,1075152093126859
gage1,1075150762131517
gage1,1075150779847812
gage1,1075150736940923
gage1,1075135774712067
gage1,1075135773734347
gage1,1075157811291200
gage1,1075156627468361
gage1,1075156556286133
gage1,1075155386555811
gage1,1075152092163375
gage1,1075150757907500
gage1,1075150658392608
gage1,1075149414035722
gage1,1075135803865306
gage1,1075136981013971
gage1,1075135798962988
gage1,1075133417093271
gage1,1075155313540248
gage1,1075155310266134
gage1,1075155358283121
gage1,1075150844299610
gage1,1075152075366257
gage1,1075150751178179
gage1,1075150754413504
gage1,1075150668934451
gage1,1075149425410076
gage1,1075149456186425
gage1,1075137091291516
gage1,1075138253245428
gage1,1075137034793418
gage1,1075155293720366
gage1,1075155303089705
gage1,1075155336674961
gage1,1075155331538090
gage1,1075150825151103
gage1,1075150821638816
gage1,1075152065087238
gage1,1075150731839550
gage1,1075150784709099
gage1,1075150626210046
gage1,1075137104488475
gage1,1075137105530701
gage1,1075138212730825
gage1,1075138223438282
gage1,1075155286586781
gage1,1075155280058787
gage1,1075155257084781
gage1,1075155289701372
gage1,1075154008648146
gage1,1075154012768785
gage1,1075150880186733
gage1,1075149557788018
gage1,1075149603320918
gage1,1075150638733261
gage1,1075137111983247
gage1,1075137121151741
gage1,1075135864811012
gage1,1075138134230413
gage1,1075138300906980
gage1,1075156519900974
gage1,1075156493775769
gage1,1075155202103095
gage1,1075155211740296
gage1,1075154070746796
gage1,1075150864798588
gage1,1075150792281790
gage1,1075149558204893
gage1,1075149610124667
gage1,1075149581617679
gage1,1075151814147407
gage1,1075150637319236
gage1,1075137122595634
gage1,1075137150028067
gage1,1075137146533668
gage1,1075135913815627
gage1,1075138059724337
gage1,1075139566399767
gage1,1075153949960111
gage1,1075153954319047
gage1,1075155207536501
gage1,1075150859268373
gage1,1075149591929828
gage1,1075149594831652
gage1,1074661941559186
gage1,1075138385926102
gage1,1075138395311514
gage1,1075138378404522
gage1,1075140834073619
gage1,1075140790275819
gage1,1075129538535087
gage1,1075152691603276
gage1,1075149626727603
gage1,1074661910382437
gage1,1074661909134251
gage1,1075138476884353
gage1,1075138393384165
gage1,1075138424515141
gage1,1075138397218351
gage1,1075140857556666
gage1,1075142016690692
gage1,1075140774686704
gage1,1075129549727048
gage1,1075152656963546
gage1,1074660727161041
gage1,1074660652674867
gage1,1074660651904499
gage1,1075139653756699
gage1,1075139599916531
gage1,1075142174134562
gage1,1075142111051162
gage1,1075129574953258
gage1,1075151387389940
gage1,1075151422962465
gage1,1074660623570521
gage1,1074660623944411
gage1,1074660642028295
gage1,1075139644018512
gage1,1075143451238166
gage1,1075143430107338
gage1,1075143424835739
gage1,1075142138334424
gage1,1075142059641679
gage1,1075150176325078
gage1,1075151447986432
gage1,1075150200607434
gage1,1074660675332577
gage1,1074659385288378
gage1,1075140885795015
gage1,1075150148662530
gage1,1075150191927602
gage1,1074659378100915
gage1,1075140963410750
gage1,1075150244487320
gage1,1075150260124148
gage1,1074659358588643
gage1,1074659340668204
gage1,1075140974737552
gage1,1075142209073745
gage1,1075148991267797
gage1,1075148991156468
gage1,1075148988197781
gage1,1074659384041953
gage1,1074659348517916
gage1,1074659342347509
gage1,1074658161239525
gage1,1075141024393532
gage1,1075142235447119
gage1,1075148965962806
gage1,1075149008203267
gage1,1074659276528993
gage1,1074658109374983
gage1,1074658158720176
gage1,1074661370163936
gage1,1074659296637071
gage1,1074659271155063
gage1,1074658031725378
gage1,1074658005242165
gage1,1074658156378351
gage1,1074661373787925
gage1,1074661322261804
gage1,1074658035270602
gage1,1074656754378591
gage1,1074656735006505
gage1,1074658221316725
gage1,1074658212418744
gage1,1074660061402723
gage1,1074657960865098
gage1,1074655504014682
gage1,1074655477020980
gage1,1074658224996987
gage1,1074658213697116
gage1,1074658186494008
gage1,1074660045222689
gage1,1074657978530749
gage1,1074657959415083
gage1,1074654187926105
gage1,1074654168826939
gage1,1074655457181880
gage1,1074655456967842
gage1,1074658223450226
gage1,1074658235778792
gage1,1074658260026827
gage1,1074658813552970
gage1,1074660418494444
gage1,1074659216224292
gage1,1074657903376303
gage1,1074657948811286
gage1,1074654149356040
gage1,1074652989038859
gage1,1074655450696781
gage1,1074655447109738
gage1,1074658276896353
gage1,1074659523357517
gage1,1074659521253847
gage1,1074658254347312
gage1,1074658804280820
gage1,1074657455927054
gage1,1074660448129250
gage1,1074657911950679
gage1,1074652920121690
gage1,1074655440260777
gage1,1074659527376766
gage1,1074657020660857
gage1,1074658795866982
gage1,1074660396654847
gage1,1074660471328794
gage1,1074652894789736
gage1,1074652916587286
gage1,1074655379024851
gage1,1074655413212148
gage1,1074657086581052
gage1,1074657051157239
gage1,1074658848452623
gage1,1074658851301764
gage1,1074660411680261
gage1,1074661698910531
gage1,1074651642843332
gage1,1074652903531312
gage1,1074656676087373
gage1,1074656660943250
gage1,1074657078355559
gage1,1074655805679090
gage1,1074655803259013
gage1,1074658845633852
gage1,1074658836724464
gage1,1074661658873655
gage1,1074661642502487
gage1,1074661770831629
gage1,1074661783248437
gage1,1074651623228921
gage1,1074652896024450
gage1,1074656681643041
gage1,1074656598255032
gage1,1074657137265562
gage1,1074658372616496
gage1,1074655793488162
gage1,1074655792374600
gage1,1074655788095569
gage1,1074658821225099
gage1,1074658824522238
gage1,1074661615900802
gage1,1074661574277015
gage1,1074651597325612
gage1,1074658395338721
gage1,1074658402339860
gage1,1074655774884760
gage1,1074655727298778
gage1,1074655721579170
gage1,1074658819032910
gage1,1074658821751860
gage1,1075149253224819
gage1,1074661570186964
gage1,1074658422274239
gage1,1074658399918701
gage1,1074655746015112
gage1,1074655740460072
gage1,1074655724337738
gage1,1074655714693298
gage1,1074658885395547
gage1,1074657651876189
gage1,1075149286776950
gage1,1074659656621351
gage1,1074659691873959
gage1,1074658458304573
gage1,1074655732563346
gage1,1074655719878284
gage1,1074655697508556
gage1,1074655692769608
gage1,1074658964196367
gage1,1074657628841161
gage1,1074657622867827
gage1,1074660901864763
gage1,1074658446899283
gage1,1074655647986129
gage1,1074655637339697
gage1,1074654396656246
gage1,1074654518830732
gage1,1074654515331164
gage1,1074657554504182
gage1,1074657603739743
gage1,1075149762892675
gage1,1074662237184378
gage1,1074657199635349
gage1,1074658450888706
gage1,1074654393618656
gage1,1074655576900977
gage1,1074654433070574
gage1,1074654338240274
gage1,1074657542881305
gage1,1074656371080443
gage1,1074657255084686
gage1,1074657180738341
gage1,1074659716329979
gage1,1074654302293732
gage1,1074655591306959
gage1,1074655608026346
gage1,1074653171258635
gage1,1074653045764001
gage1,1074656219204117
gage1,1074656278536354
gage1,1074656499218162
gage1,1074657256462206
gage1,1074657170937870
gage1,1074657164496106
gage1,1074659756648165
gage1,1074659766744614
gage1,1074655610081981
gage1,1074653031616930
gage1,1074656171759047
gage1,1074656162416929
gage1,1074656260203780
gage1,1074656256809565
gage1,1074656411646133
gage1,1074656399519387
gage1,1074657230662477
gage1,1074657167654576
gage1,1074657160617668
gage1,1074653014556516
gage1,1074656186824350
gage1,1074654894642879
gage1,1074655023369110
gage1,1074656394790803
gage1,1074656452077162
gage1,1074655931938871
gage1,1074655929407332
gage1,1074657175753269
gage1,1074657172223981
gage1,1074653001854286
gage1,1074652949590522
gage1,1074653623798199
gage1,1074653737228356
gage1,1074656387760184
gage1,1074655152899049
gage1,1074655908716062
gage1,1074655962528753
gage1,1074651699078640
gage1,1074652939545370
gage1,1074653607132498
gage1,1074652321989424
gage1,1074653726771934
gage1,1074653885962648
gage1,1074655946800396
gage1,1074651679578547
gage1,1074651710655363
gage1,1074651107322330
gage1,1074651105272864
gage1,1074653725673765
gage1,1074653826912217
gage1,1074654711286565
gage1,1074654718639966
gage1,1074651682086817
gage1,1074651672560690
gage1,1074651128382523
gage1,1074653718603420
gage1,1074652628967667
gage1,1074654713704806
gage1,1074654633333362
gage1,1074654699411553
gage1,1074654709791235
gage1,1074651119959156
gage1,1074653644027909
gage1,1074653706311201
gage1,1074651371386893
gage1,1074651440070259
gage1,1074654629170819
gage1,1074655873977089
gage1,1074654690577649
gage1,1074654686743351
gage1,1074680323473361
gage1,1074651169490104
gage1,1074653655905263
gage1,1074650107300540
gage1,1074651425246485
gage1,1074654621153908
gage1,1074654595849442
gage1,1074654668244674
gage1,1074680390699484
gage1,1074651153411194
gage1,1074650088747216
gage1,1074654588572787
gage1,1074654565687801
gage1,1074653292451977
gage1,1074653432740112
gage1,1074653423586600
gage1,1074681688371000
gage1,1074681683040093
gage1,1074651146769673
gage1,1074650150511219
gage1,1074654584045816
gage1,1074654564790908
gage1,1074653265899129
gage1,1074653425061854
gage1,1074677792043846
gage1,1074682981738470
gage1,1074649917170526
gage1,1074649911407848
gage1,1074650161203062
gage1,1074654505125159
gage1,1074654557441637
gage1,1074653270202510
gage1,1074652028158176
gage1,1074653366171512
gage1,1074653359742369
gage1,1074677788971442
gage1,1074653407390557
gage1,1074649839687192
gage1,1074649843044410
gage1,1074649909119611
gage1,1074649896677663
gage1,1074649889793880
gage1,1074650168576555
gage1,1074651396895540
gage1,1074653239406088
gage1,1074653227895224
gage1,1074653338278067
gage1,1074652011734898
gage1,1074677772840215
gage1,1074677783260821
gage1,1074653399217355
gage1,1074653394062456
gage1,1074649871567468
gage1,1074649867285392
gage1,1074653140988744
gage1,1074653210094125
gage1,1074653254401093
gage1,1074653189833077
gage1,1074652004840315
gage1,1074652149325824
gage1,1074652150329731
gage1,1074677767797105
gage1,1074677777465681
gage1,1074648688520394
gage1,1074651867048714
gage1,1074651875796042
gage1,1074651961448740
gage1,1074651947564383
gage1,1074652020559976
gage1,1074652116515768
gage1,1074652129234997
gage1,1074677761458698
gage1,1074677762001910
gage1,1074677774953525
gage1,1074648585064051
gage1,1074648659867759
gage1,1074648613450244
gage1,1074651851638886
gage1,1074651810407211
gage1,1074651840156343
gage1,1074651977758722
gage1,1074651912255221
gage1,1074652118489624
gage1,1074652106150297
gage1,1074676534398084
gage1,1074676524536001
gage1,1074677775770092
gage1,1074677763048012
gage1,1074647344866188
gage1,1074647408564321
gage1,1074648611782541
gage1,1074650599644462
gage1,1074650579451269
gage1,1074650750000667
gage1,1074676576121124
gage1,1074676557220022
gage1,1074677846829688
gage1,1074677791694407
gage1,1074676582842442
gage1,1074676586375720
gage1,1074648552187254
gage1,1074649334668789
gage1,1074649279928288
gage1,1074650737559575
gage1,1074651970529242
gage1,1074676570070733
gage1,1074676566771625
gage1,1074675248133426
gage1,1074675318748140
gage1,1074677866448869
gage1,1074676577281699
gage1,1074676564269987
gage1,1074649325029180
gage1,1074650526932348
gage1,1074650735054095
gage1,1074650715008682
gage1,1074651996326290
gage1,1074675312706297
gage1,1074675316070958
gage1,1074676574293796
gage1,1074676548298987
gage1,1074676555268188
gage1,1074650806517482
gage1,1074650787830102
gage1,1074650691267279
gage1,1074650692209140
gage1,1074675307224980
gage1,1074675237948392
gage1,1074676561655056
gage1,1074650768438601
gage1,1074650642061405
gage1,1074649465951827
gage1,1074649454524991
gage1,1074675279589394
gage1,1074675210641969
gage1,1074649504574679
gage1,1074649432720947
gage1,1074675338720159
gage1,1074675351486044
gage1,1074649599775405
gage1,1074649417098289
gage1,1074648183705353
gage1,1074675330348028
gage1,1074674106819553
gage1,1074649598647612
gage1,1074649586101623
gage1,1074648214464953
gage1,1074648178280287
gage1,1074674100641773
gage1,1074674108818015
gage1,1074649587529598
gage1,1074649578812341
gage1,1074646961092643
gage1,1074648136281778
gage1,1074674088131741
gage1,1074674087968215
gage1,1074674037001775
gage1,1074674046611502
gage1,1074646887852868
gage1,1074646888680359
gage1,1074674081690691
gage1,1074674081474684
gage1,1074674084542852
gage1,1074674081257372
gage1,1074674014064879
gage1,1074646870046371
gage1,1074674078287206
gage1,1074674066243728
gage1,1074674074359497
gage1,1074674074626278
gage1,1074673997220735
gage1,1074646860674572
gage1,1074674075052623
gage1,1074674068452059
gage1,1074674064537478
gage1,1074674067545304
gage1,1074672683587630
gage1,1074672702277735
gage1,1074646854313973
gage1,1074674071716918
gage1,1074673987194975
gage1,1074674054406490
gage1,1074671419216529
gage1,1074671416533666
gage1,1074648300242786
gage1,1074672758285277
gage1,1074674048291603
gage1,1074674048296291
gage1,1074647010828430
gage1,1074671392679327
gage1,1074648282876316
gage1,1074648286819012
gage1,1074672822681946
gage1,1074672829085315
gage1,1074672826151223
gage1,1074671370455684
gage1,1074672812878337
gage1,1074672803305368
gage1,1074672803303871
gage1,1074672790557821
gage1,1074672787764674
gage1,1074672784386542
gage1,1074672772467536
gage1,1074672768869182
gage1,1074671525199316
gage1,1074671533616744
gage1,1074671492443061
gage1,1074670268686833
gage1,1074671508434025
gage1,1074670312434280
gage1,1074670321682834
gage1,1074671494451960
gage1,1074671498153772
gage1,1074670287383473
gage1,1074670297462031
gage1,1074671432681513
gage1,1074671439184963
gage1,1074669031914083
gage1,1074669054567082
gage1,1074671425403250
gage1,1074670200316076
gage1,1074669011526783
gage1,1074670186826342
gage1,1074670196195755
gage1,1074668952635532
gage1,1074667711737968
gage1,1074670143965207
gage1,1074670192191148
gage1,1074668973546490
gage1,1074667692110380
gage1,1074670114485203
gage1,1074670105261285
gage1,1074670153467792
gage1,1074668911917203
gage1,1074667679620028
gage1,1074667682163778
gage1,1074670113333657
gage1,1074670091113612
gage1,1074668862437708
gage1,1074668914290461
gage1,1074668888466470
gage1,1074667722024581
gage1,1074667669856485
gage1,1074667668143068
gage1,1074670125127319
gage1,1074645734376032
gage1,1074670083920572
gage1,1074668854750328
gage1,1074668843361894
gage1,1074668829694431
gage1,1074668906497624
gage1,1074666488603603
gage1,1074667723394562
gage1,1074667657254996
gage1,1074667603012424
gage1,1074645729620674
gage1,1074644479786943
gage1,1074644466798212
gage1,1074666457270444
gage1,1074666525833306
gage1,1074667779642110
gage1,1074666428436429
gage1,1074667595473931
gage1,1074667605171715
gage1,1074645731946903
gage1,1074645729176459
gage1,1074644475974487
gage1,1074644465939379
gage1,1074644457088536
gage1,1074666444395132
gage1,1074666576150179
gage1,1074666510550129
gage1,1074667781520121
gage1,1074666424681065
gage1,1074667600967718
gage1,1074667607811258
gage1,1074667623610764
gage1,1074644468587711
gage1,1074644452502874
gage1,1074666438061142
gage1,1074665341466327
gage1,1074665322019998
gage1,1074667843580615
gage1,1074666413466090
gage1,1074667619572814
gage1,1074667600203192
gage1,1074665209227642
gage1,1074665241446776
gage1,1074665305776420
gage1,1074666338628202
gage1,1074666348234456
gage1,1074667525427311
gage1,1074667547994433
gage1,1074665280046920
gage1,1074666331800535
gage1,1074666322405071
gage1,1074667559724137
gage1,1074663970074617
gage1,1074666342728222
gage1,1074666318072893
gage1,1074667568322170
gage1,1074667559098962
gage1,1074663955900814
gage1,1074666279958340
gage1,1074662717232432
gage1,1074662678857432
gage1,1074662645871883
gage1,1074175024899743
gage1,1074663872720326
gage1,1074175005765078
gage1,1074174993370615
gage1,1074173758575493
gage1,1074662584144712
gage1,1074663819504172
gage1,1074173753790497
gage1,1074173701240805
gage1,1074662576482768
gage1,1074662564098753
gage1,1074663831575745
gage1,1074663831508733
gage1,1074173682875516
gage1,1074172472376185
gage1,1074663772746973
gage1,1074663843914058
gage1,1074173681899605
gage1,1074172446711297
gage1,1074663782139239
gage1,1074173674702374
gage1,1074172441045005
gage1,1074663799533553
gage1,1074663774985056
gage1,1074173648818531
gage1,1074173612596216
gage1,1074172441518514
gage1,1074665036855370
gage1,1074665047446916
gage1,1074663749319744
gage1,1074663764667517
gage1,1074172411172282
gage1,1074173597785703
gage1,1074173613484371
gage1,1074172503741259
gage1,1074664997319589
gage1,1074664980839993
gage1,1074662495157406
gage1,1074662501352143
gage1,1074663763855276
gage1,1074663744628874
gage1,1074172411046768
gage1,1074173575424398
gage1,1074172284047909
gage1,1074172500722354
gage1,1074664979993249
gage1,1074664986476579
gage1,1074662466555342
gage1,1074662472554190
gage1,1074662478203370
gage1,1074662490950403
gage1,1074663773060721
gage1,1074663708572213
gage1,1074662451158298
gage1,1074172387273008
gage1,1074172486913098
gage1,1074640611051385
gage1,1074664979625698
gage1,1074174838709912
gage1,1074174823452891
gage1,1074172305394246
gage1,1074172323774757
gage1,1074171251760605
gage1,1074640622322980
gage1,1074640629895564
gage1,1074664966479720
gage1,1074640600548739
gage1,1074174767193203
gage1,1074662402541265
gage1,1074174800233264
gage1,1074172297119681
gage1,1074172293058338
gage1,1074172255658044
gage1,1074172239927301
gage1,1074171235679668
gage1,1074641859028416
gage1,1074641877539765
gage1,1074663731297303
gage1,1074663732313315
gage1,1074640514590055
gage1,1074640586395237
gage1,1074174759905321
gage1,1074174728037025
gage1,1074171063808141
gage1,1074171069715660
gage1,1074171222751544
gage1,1074641903291607
gage1,1074663718682124
gage1,1074639271437314
gage1,1074639261809209
gage1,1074640598449782
gage1,1074174762715096
gage1,1074174755766677
gage1,1074171213142804
gage1,1074639254631272
gage1,1074662426136533
gage1,1074174771487004
gage1,1074174729683244
gage1,1074150373849557
gage1,1074171203550770
gage1,1074638024837546
gage1,1074149103055406
gage1,1074173475999112
gage1,1074169977958499
gage1,1074638058724700
gage1,1074638030431221
gage1,1074173441830159
gage1,1074173457518890
gage1,1074169968358271
gage1,1074637992310400
gage1,1074637980003278
gage1,1074169958773832
gage1,1074637969831835
gage1,1074169939677496
gage1,1074637969250275
gage1,1074169926765093
gage1,1074168691667176
gage1,1074168623275812
gage1,1074168659389163
gage1,1074168625120876
gage1,1074167414922911
gage1,1074168628091887
gage1,1074168621269681
gage1,1074167343254278
gage1,1074167376270044
gage1,1074168543169271
gage1,1074167335339963
gage1,1074167318692301
gage1,1074166070079793
gage1,1074168532296481
gage1,1074168531702793
gage1,1074167289378490
gage1,1074167246313821
gage1,1074166076249131
gage1,1074168469762228
gage1,1074168466775630
gage1,1074166010578214
gage1,1074167232264718
gage1,1074167297370769
gage1,1074168487460145
gage1,1074168452689628
gage1,1074167169860448
gage1,1074166078058452
gage1,1074169692327346
gage1,1074169676549659
gage1,1074168451668890
gage1,1074167174729794
gage1,1074165931008464
gage1,1074165933816091
gage1,1074166069337448
gage1,1074169681603878
gage1,1074168433539322
gage1,1074165882215791
gage1,1074166131273026
gage1,1074169676808292
gage1,1074169671374325
gage1,1074166132693908
gage1,1074169617721041
gage1,1074168375726719
gage1,1074166094547123
gage1,1074166195542248
gage1,1074168381149650
gage1,1074164792940208
gage1,1074166161978892
gage1,1074166256148167
gage1,1074164785986766
gage1,1074164915096201
gage1,1074164782280252
gage1,1074164785930027
gage1,1074164976525264
gage1,1074164778254928
gage1,1074164778475917
gage1,1074164782816414
gage1,1074164776314741
gage1,1074164977007200
gage1,1074164782633486
gage1,1074164779299623
gage1,1074164775477689
gage1,1074164775045678
gage1,1074164977649278
gage1,1074164716625142
gage1,1074164761766786
gage1,1074165041023324
gage1,1074165969945455
gage1,1074164727894191
gage1,1074164690326026
gage1,1074164745715308
gage1,1074165981120417
gage1,1074165953187894
gage1,1074164695043875
gage1,1074164713824695
gage1,1074163507377879
gage1,1074163494984497
gage1,1074163462500574
gage1,1074163407510305
gage1,1074163392978247
gage1,1074163409186696
gage1,1074162108718656
gage1,1074162108597955
gage1,1074162111590880
gage1,1073614351042475
gage1,1074146660238736
gage1,1074146634778510
gage1,1074627602146905
gage1,1074626367230018
gage1,1075172746202946
gage1,1075172742540912
gage1,1075172691060068
gage1,1075172678167836
gage1,1075172684548459
gage1,1075172761692614
gage1,1075172697437680
gage1,1075171455602110
gage1,1075172703924707
gage1,1075172709962048
gage1,1075171442789646
gage1,1075172680856568
gage1,1075172722414978
gage1,1075172715820937
gage1,1075171430337534
gage1,1075172693654090
gage1,1075172735225389
gage1,1075172722090995
gage1,1075172712540324
gage1,1075172709407925
gage1,1075172706356445
gage1,1075171426975742
gage1,1075171429908193
gage1,1075173954138717
gage1,1075173963680655
gage1,1075172728211784
gage1,1075172734730363
gage1,1075172712102135
gage1,1075172712324203
gage1,1075171423885091
gage1,1075171423798107
gage1,1075173966857471
gage1,1075173963462579
gage1,1075172709177191
gage1,1075172712329028
gage1,1075171420584850
gage1,1075171481800028
gage1,1075173963499163
gage1,1075173960036545
gage1,1075172706065484
gage1,1075171407459693
gage1,1075171432233990
gage1,1075173972540306
gage1,1075173969663523
gage1,1075172703033974
gage1,1075172705945426
gage1,1075171400410594
gage1,1075170172792476
gage1,1075172673734254
gage1,1075172689508986
gage1,1075173985206982
gage1,1075173985147390
gage1,1075173976030946
gage1,1075173973219942
gage1,1075172702766137
gage1,1075172702775506
gage1,1075170220893637
gage1,1075170159856676
gage1,1075172708210221
gage1,1075172698701668
gage1,1075173991744873
gage1,1075173988780139
gage1,1075173984973784
gage1,1075173985029964
gage1,1075170153309132
gage1,1075170214869697
gage1,1075174007555551
gage1,1075173997935499
gage1,1075173995031224
gage1,1075173985868168
gage1,1075174011214112
gage1,1075173987577869
gage1,1075173985064826
gage1,1075170149449035
gage1,1075170201944522
gage1,1270221635643479
gage1,1075174013491561
gage1,1270221693802339
gage1,1075170142438976
gage1,1075170193564450
gage1,1075168948782777
gage1,1270221605618980
gage1,1270221573565374
gage1,1075174009829156
gage1,1075174007114758
gage1,1270222969895197
gage1,1075170139015901
gage1,1075170151686801
gage1,1075168919586652
gage1,1270222866639902
gage1,1270222855783170
gage1,1075173948707925
gage1,1075174009627354
gage1,1270224166128996
gage1,1075170135438644
gage1,1075168937795352
gage1,1270222882378072
gage1,1075170138105509
gage1,1075168863022287
gage1,1075168860450231
gage1,1270224129989696
gage1,1270222897683057
gage1,1075170101932633
gage1,1075170079547351
gage1,1075168858748018
gage1,1270224155002423
gage1,1075171339352724
gage1,1075171339766788
gage1,1270224186019706
gage1,1270224161103571
gage1,1270226636184898
gage1,1075167687534811
gage1,1075167699928826
gage1,1075167684418049
gage1,1075167676484509
gage1,1075167643459867
gage1,1075166443348605
gage1,1075166456079425
gage1,1075166414854878
gage1,1075166417821179
gage1,1075166411633277
gage1,1075166411568499
gage1,1075166411615607
gage1,1075166414418598
gage1,1075166401856878
gage1,1075166405420751
gage1,1075166411539553
gage1,1075166417319719
gage1,1075166414538247
gage1,1075166417179513
gage1,1075166423700859
gage1,1075166413389895
gage1,1075165182249195
gage1,1075166430408137
gage1,1075166426971768
gage1,1075166354898046
gage1,1075166406739378
gage1,1075165157226633
gage1,1075165154332725
gage1,1075166432925388
gage1,1075166427033580
gage1,1075166429777694
gage1,1075166369983333
gage1,1075166350582063
gage1,1075166400427438
gage1,1075165181370120
gage1,1075165141724547
gage1,1075165144762217
gage1,1075166337394443
gage1,1075166337973939
gage1,1075166400241462
gage1,1075166400205816
gage1,1075165178320723
gage1,1075165178107424
gage1,1075165144378952
gage1,1075165138110100
gage1,1075166336676368
gage1,1075166346111626
gage1,1075165180991074
gage1,1075165181252205
gage1,1075165178252081
gage1,1075165175182921
gage1,1075165134949998
gage1,1075165134591746
gage1,1075165045901711
gage1,1075165107700586
gage1,1075165175137592
gage1,1075165175385264
gage1,1075165175087942
gage1,1075165132054147
gage1,1075165131910867
gage1,1075165131517779
gage1,1075165131604451
gage1,1075165013764832
gage1,1075165085574608
gage1,1075165169100396
gage1,1075165128725131
gage1,1075165122316553
gage1,1075165128458811
gage1,1075165128438149
gage1,1075165079417791
gage1,1075165069974248
gage1,1075163870123748
gage1,1075162618639325
gage1,1075163779005544
gage1,1075162611421769
gage1,1075175771495017
gage1,1075175749725381
gage1,1075175768040336
gage1,1075174504922559
gage1,1075174495727967
gage1,1075175777159902
gage1,1075175761363604
gage1,1074686880768118
gage1,1075174537793898
gage1,1075175792599121
gage1,1075175770157279
gage1,1075175754933103
gage1,1074685592814076
gage1,1075176963141171
gage1,1075175792088235
gage1,1075175789418317
gage1,1075175783166740
gage1,1075174526298435
gage1,1075174510291166
gage1,1074684406446802
gage1,1075176978739899
gage1,1075176972248504
gage1,1075175719949352
gage1,1075175724511228
gage1,1074684390962759
gage1,1075177000578783
gage1,1075176978698561
gage1,1075151340381704
gage1,1075175705820133
gage1,1075175763202194
gage1,1075175714070726
gage1,1074684375493278
gage1,1075178259929635
gage1,1075176975069899
gage1,1075176984777044
gage1,1075151348914708
gage1,1075174457046142
gage1,1074684366247180
gage1,1075155148186593
gage1,1075176968544992
gage1,1075176990433026
gage1,1075151341086145
gage1,1075151316637806
gage1,1075174450799290
gage1,1075174499785422
gage1,1074684354418381
gage1,1075156432664191
gage1,1075176967849292
gage1,1075176965135425
gage1,1075177015702680
gage1,1075177012732195
gage1,1075151285339194
gage1,1075151253886051
gage1,1075175744433038
gage1,1074683134940963
gage1,1075157669104459
gage1,1075176992495378
gage1,1075176970381913
gage1,1075151296210330
gage1,1074684353448607
gage1,1074683134052014
gage1,1075158922525616
gage1,1074684352287340
gage1,1074684359005599
gage1,1075158957390717
gage1,1075158918663832
gage1,1075160158015670
gage1,1075160190548452
gage1,1075157674411294
gage1,1075161362179668
gage1,1075161375127760
gage1,1075162688370393
gage1,1075157658644351
gage1,1075157638567631
gage1,1075162636678653
gage1,1075162674505449
gage1,1075162704194032
gage1,1075157642960224
gage1,1075156387892196
gage1,1075156316103049
gage1,1075163936583509
gage1,1075156299285289
gage1,1075156327495415
gage1,1075163877786086
gage1,1075163865226184
gage1,1075156304499629
gage1,1075156289818070
gage1,1075156248406391
gage1,1075156232253427
gage1,1075155017335338
gage1,1075155054085263
gage1,1074673100477820
gage1,1074673098833989
gage1,1074151734316959
gage1,1074152968728391
gage1,1074152993944987
gage1,1074153010121281
gage1,1074153019453786
gage1,1074154241881974
gage1,1074154257145072
gage1,1073636955206008
gage1,1073636954649180
gage1,1073636938796378
gage1,1073636871621961
gage1,1073636840446874
gage1,1073636827506986
gage1,1073135002714979
gage1,1073135013342655
gage1,1073135002506317
gage1,1073134995948677
gage1,1073133612514756
gage1,1073133605872380
gage1,1073133671711614
gage1,1073133605949852
gage1,1073133670867128
gage1,1073133670937328
gage1,1073133658499959
gage1,1073132170389889
gage1,1073131056767911
gage1,1073130976129113
gage1,1073130976056385
gage1,1073130911956218
gage1,1073129787029505
gage1,1073129776013701
gage1,1073129674786427
gage1,1073129673012101
gage1,1073129692549971
gage1,1073128432809455
gage1,1073135010052308
gage1,1073131012373651
gage1,1073127085007194
gage1,1072639267016356
gage1,1072639243699931
gage1,1072639236903480
gage1,1073624402344239
gage1,1073624397782269
gage1,1073624392280471
gage1,1073624395043355
gage1,1073624456643413
gage1,1073623231535484
gage1,1073623257780388
gage1,1073620679679347
gage1,1073619451235275
gage1,1073619441458081
gage1,1073618136587880
gage1,1073618152540833
gage1,1073616885746914
gage1,1073616856993837
gage1,1073615671774315
gage1,1073615679222280
gage1,1073615664929385
gage1,1073614375063837
gage1,1073614366319152
gage1,1073614373432205
gage1,1073613119417559
gage1,1073614351851829
gage1,1073613171573565
gage1,1073613115360242
gage1,1073614343804876
gage1,1073613115494586
gage1,1073613111958639
gage1,1073613176824897
gage1,1073613153091150
gage1,1073624482284704
gage1,1073624469718565
gage1,1073624540868726
gage1,1073624525733948
gage1,1073623273786876
gage1,1073623278654069
gage1,1073623262005216
gage1,1073623334805948
gage1,1073620718874331
gage1,1073616922446259
gage1,1073616948302471
gage1,1073616935808375
gage1,1073616957926979
gage1,1073616945435101
gage1,1073614382245401
gage1,1073614371987660
gage1,1073624474885220
gage1,1073624490961716
gage1,1073624493806556
gage1,1073625738846773
gage1,1073624503779609
gage1,1073619445182336
gage1,1073619494753677
gage1,1073619435542592
gage1,1073621997550600
gage1,1073613122046927
gage1,1073613131701705
gage1,1073125498960831
gage1,1073125544671423
gage1,1073125548067627
gage1,1073125539726924
gage1,1073125533721645
gage1,1073125511784802
gage1,1073125511391479
gage1,1073125512044882
gage1,1073125516097901
gage1,1073124350888193
gage1,1073125583903416
gage1,1073125599347680
gage1,1073124387977219
gage1,1073124454742248
gage1,1073124438740714
gage1,1073124435806302
gage1,1073124436441728
gage1,1073124438058941
gage1,1073124528071974
gage1,1073124355995887
gage1,1073123135265230
gage1,1073123131637462
gage1,1073123127117439
gage1,1073124353620198
gage1,1073123185554774
gage1,1073120854888191
gage1,1073120848364389
gage1,1073119578796423
gage1,1073117131280113
gage1,1073117147419437
gage1,1073613127766417
gage1,1073124402155841
gage1,1073125705696622
gage1,1073125647444056
gage1,1073117178266290
gage1,1073118410986469
gage1,1073118410785813
gage1,1073118424580447
gage1,1073118402651447
gage1,1073118444780414
gage1,1073118506127604
gage1,1073119683151456
gage1,1073118494817098
gage1,1073119763205481
gage1,1073119701953002
gage1,1073118478737908
gage1,1073119777015884
gage1,1073119779422540
gage1,1073118476418224
gage1,1073117244761757
gage1,1073117293211278
gage1,1073117305036476
gage1,1073115886605340
gage1,1073124413762624
gage1,1073125658112731
gage1,1073125662087395
gage1,1073124503471392
gage1,1073123253469005
gage1,1073124485950132
gage1,1073123303172978
gage1,1073123313335498
gage1,1073123341463445
gage1,1073123354747336
gage1,1073123346052588
gage1,1073123359346345
gage1,1073123369419339
gage1,1073122144347375
gage1,1073122163894019
gage1,1073122151307426
gage1,1073123395449467
gage1,1073122168573562
gage1,1073122141946302
gage1,1073123404838930
gage1,1073122110918196
gage1,1073123411152570
gage1,1073123417159243
gage1,1073123430734912
gage1,1073123427425811
gage1,1073120879145787
gage1,1073122121322581
gage1,1073122136267700
gage1,1073119651941670
gage1,1073119675423792
gage1,1073120903899349
gage1,1073119679251060
gage1,1073120919277278
gage1,1073120896156373
gage1,1073120914887397
gage1,1073120917785606
gage1,1073120942381019
gage1,1073120943479745
gage1,1073122178110046
gage1,1073120957891320
gage1,1073122192214543
gage1,1073122182461355
gage1,1073120953905526
gage1,1073122143467305
gage1,1073122215406679
gage1,1073122151696151
gage1,1073119621926317
gage1,1073119700189600
gage1,1073119708897810
gage1,1073119707880874
gage1,1073119731333692
gage1,1073119740430237
gage1,1073119739090342
gage1,1073119717799723
gage1,1073611327039789
gage1,1073611323994006
gage1,1073611389735248
gage1,1073611386532715
gage1,1073611382465204
gage1,1073611436962370
gage1,1073611445010293
gage1,1073612739561868
gage1,1073612747430913
gage1,1073612741673270
gage1,1073612738032876
gage1,1073612767125638
gage1,1073612748787482
gage1,1073612795432130
gage1,1073637146246125
gage1,1073637149143964
gage1,1073637152872455
gage1,1073637161965347
gage1,1073637155733159
gage1,1073637171821014
gage1,1073637177796202
gage1,1073637147678925
gage1,1073637165779583
gage1,1074124804455310
gage1,1074124826369729
gage1,1074124812996710
gage1,1073637213143024
gage1,1073637226113491
gage1,1074124839364883
gage1,1074124835133708
gage1,1074100470325940
gage1,1074126083723068
gage1,1073637188146835
gage1,1073637187449304
gage1,1073637227449037
gage1,1073637221224463
gage1,1074124855124369
gage1,1074124861880793
gage1,1074126145496458
gage1,1074124917327094
gage1,1074126094252798
gage1,1074126089851980
gage1,1073635956010586
gage1,1073637296052079
gage1,1074124885661353
gage1,1073637215970242
gage1,1073637208987896
gage1,1074124988948740
gage1,1074124976273214
gage1,1074126170656272
gage1,1074126150929078
gage1,1074126102716821
gage1,1074101721327153
gage1,1074124938659225
gage1,1073637277568785
gage1,1073637277772844
gage1,1074126187517843
gage1,1074101737289294
gage1,1074101727102010
gage1,1074124954858934
gage1,1073637268688005
gage1,1073637266000515
gage1,1074126197880182
gage1,1074126112193220
gage1,1074124964501413
gage1,1074124961844689
gage1,1073637270221559
gage1,1073637250099941
gage1,1074126262861956
gage1,1074126118497917
gage1,1074126125632084
gage1,1074124967935024
gage1,1074124968890924
gage1,1073637332164910
gage1,1073636087821538
gage1,1074126138368297
gage1,1074126131979967
gage1,1074125030669192
gage1,1073637342979973
gage1,1073637326915208
gage1,1073636059819966
gage1,1074127366641781
gage1,1074127373503609
gage1,1074126135757075
gage1,1074125047212264
gage1,1073637353037853
gage1,1073637392397552
gage1,1074127416403006
gage1,1074127392225030
gage1,1074127364450877
gage1,1074127364237549
gage1,1074125047601545
gage1,1073637436818376
gage1,1073637428021713
gage1,1073636154759073
gage1,1074128682784095
gage1,1074128653881401
gage1,1074103036012764
gage1,1074103019411951
gage1,1074127381624438
gage1,1074127362104132
gage1,1074125051254672
gage1,1074125075147704
gage1,1074125072503637
gage1,1073636148585264
gage1,1073636144589438
gage1,1074129939397392
gage1,1074129928895213
gage1,1074104257120878
gage1,1074127468890907
gage1,1074127404661307
gage1,1074126137509960
gage1,1074126182446010
gage1,1074126274574834
gage1,1073636138485048
gage1,1073636132521141
gage1,1074129972313657
gage1,1074129965065885
gage1,1074130010520912
gage1,1074130016777238
gage1,1074127479284052
gage1,1074127447176530
gage1,1074126336327245
gage1,1073636122385543
gage1,1074131227034238
gage1,1074131224955054
gage1,1074105592328678
gage1,1074106825166421
gage1,1074128712567787
gage1,1074127483749538
gage1,1074126337084896
gage1,1074132483838102
gage1,1074131257911292
gage1,1074132579416835
gage1,1074106849823917
gage1,1074106855117676
gage1,1074131232348380
gage1,1074128719994405
gage1,1074128771577778
gage1,1074126350808596
gage1,1074125115660864
gage1,1074132506462068
gage1,1074133784859289
gage1,1074133790293806
gage1,1074128794405799
gage1,1074128793776510
gage1,1074126379927027
gage1,1074125171499241
gage1,1074125116505775
gage1,1074132525173894
gage1,1074133818827757
gage1,1074133805464223
gage1,1074128851234072
gage1,1074128777058270
gage1,1074128806887018
gage1,1074128800896975
gage1,1074127687156196
gage1,1074127625172099
gage1,1074125164730979
gage1,1074126404396985
gage1,1074132541336676
gage1,1074135054072740
gage1,1074135048236869
gage1,1074128880835544
gage1,1074128872051452
gage1,1074127545154395
gage1,1074128820361844
gage1,1074125227765491
gage1,1074126424747692
gage1,1074135076854208
gage1,1074135069658655
gage1,1074128941275239
gage1,1074128892427746
gage1,1074127535470069
gage1,1074130052478591
gage1,1074130058276435
gage1,1074125228243523
gage1,1074126450869688
gage1,1074126422376516
gage1,1074135103477818
gage1,1074135092974056
gage1,1074135088521516
gage1,1074135065604206
gage1,1074130196568938
gage1,1074128952626286
gage1,1074130137166655
gage1,1074130192253638
gage1,1074127597000375
gage1,1074127522779931
gage1,1074130074576425
gage1,1074130071724083
gage1,1074125228561938
gage1,1074127695735097
gage1,1074136416093143
gage1,1074136360810237
gage1,1074111942064658
gage1,1074110682901837
gage1,1074110674519668
gage1,1074130191383535
gage1,1074129011650239
gage1,1074130143673162
gage1,1074127601301014
gage1,1074127512986025
gage1,1074127562393998
gage1,1074130090575508
gage1,1074130078042303
gage1,1074125289682134
gage1,1074127702032207
gage1,1074136442428530
gage1,1074137614519320
gage1,1074111970128952
gage1,1074111963273400
gage1,1074110662714974
gage1,1074130207676804
gage1,1074130230402215
gage1,1074130215157383
gage1,1074127605286701
gage1,1074127561064966
gage1,1074130047908656
gage1,1074130103202615
gage1,1074125290161072
gage1,1074127718192034
gage1,1074137681543855
gage1,1074137637741335
gage1,1074137636912273
gage1,1074111985641023
gage1,1074111985998324
gage1,1074111965123243
gage1,1074130226265599
gage1,1074130278470746
gage1,1074131469686008
gage1,1074131463707657
gage1,1074130231959600
gage1,1074127612550408
gage1,1074127625653305
gage1,1074131330807126
gage1,1074131352644013
gage1,1074125290800138
gage1,1074128963011199
gage1,1074137660694038
gage1,1074137654066008
gage1,1074137655764460
gage1,1074137658290549
gage1,1074111998391587
gage1,1074111988148230
gage1,1074111903806403
gage1,1074130282102149
gage1,1074130286119553
gage1,1074130276009543
gage1,1074127629338997
gage1,1074131370409277
gage1,1074131372403701
gage1,1074125295632012
gage1,1074129049811766
gage1,1074129043501125
gage1,1074114505598247
gage1,1074114523173007
gage1,1074113232918380
gage1,1074113167797927
gage1,1074130233285376
gage1,1074130298277722
gage1,1074127633108329
gage1,1074127629600551
gage1,1074131385350687
gage1,1074131384118132
gage1,1074126592507844
gage1,1074129059783152
gage1,1074129013987731
gage1,1074129056764595
gage1,1074113186682506
gage1,1074113205173364
gage1,1074131480515812
gage1,1074131570033223
gage1,1074127649796834
gage1,1074132675412831
gage1,1074131441175686
gage1,1074132622024232
gage1,1074126595981147
gage1,1074126593690358
gage1,1074113277030261
gage1,1074131555746583
gage1,1074131564930187
gage1,1074132682859902
gage1,1074132682023866
gage1,1074131423490440
gage1,1074131407335142
gage1,1074126553544116
gage1,1074126611585387
gage1,1074132714485302
gage1,1074132692380000
gage1,1074126583941197
gage1,1074126564039923
gage1,1074126631506569
gage1,1074126581358378
gage1,1074133976887703
gage1,1074133972363816
gage1,1074132706656308
gage1,1074132687244918
gage1,1074127824543691
gage1,1074127808154785
gage1,1074134051919507
gage1,1074134035699357
gage1,1074133993964279
gage1,1074133903412958
gage1,1074132778944467
gage1,1074132762158300
gage1,1074127833748905
gage1,1074127851080420
gage1,1074134062779899
gage1,1074134074255861
gage1,1074134010942197
gage1,1074134009771963
gage1,1074133914732041
gage1,1074133898356631
gage1,1074129090661848
gage1,1074127930245689
gage1,1074134060569096
gage1,1074134076658598
gage1,1074135182941708
gage1,1074135254641203
gage1,1074133871421661
gage1,1074133833551159
gage1,1074129122926460
gage1,1074129122277565
gage1,1074129189220189
gage1,1074135376438512
gage1,1074134128572359
gage1,1074135203858021
gage1,1074135219047698
gage1,1074135284865832
gage1,1074133835402534
gage1,1074133826259087
gage1,1074129206801333
gage1,1074129145185194
gage1,1074130433459439
gage1,1074135396122478
gage1,1074135411399582
gage1,1074134100208414
gage1,1074135226235067
gage1,1074136386724686
gage1,1074136512295672
gage1,1074136466656155
gage1,1074133873097141
gage1,1074133847245960
gage1,1074132594781156
gage1,1074132578159923
gage1,1074130438828837
gage1,1074135402853890
gage1,1074135385095087
gage1,1074132843717074
gage1,1074134101427122
gage1,1074136414488626
gage1,1074136395163848
gage1,1074136537950571
gage1,1074136523124206
gage1,1074136502204865
gage1,1074136504712737
gage1,1074135422039564
gage1,1074135417553626
gage1,1074135432212670
gage1,1074134199956624
gage1,1074134163476009
gage1,1074132925196866
gage1,1074136546333626
gage1,1074136565058872
gage1,1074137754871248
gage1,1074136651770531
gage1,1074136728392161
gage1,1074136724618028
gage1,1074135449025675
gage1,1074135433442380
gage1,1074134164843005
gage1,1074134180764390
gage1,1074136612558273
gage1,1074136593153350
gage1,1074137859350588
gage1,1074137727800233
gage1,1074137718176575
gage1,1074136812999813
gage1,1074136787548885
gage1,1074136750595079
gage1,1074135523816509
gage1,1074134256455550
gage1,1074135493037799
gage1,1074136623632737
gage1,1074136672128213
gage1,1074137875786669
gage1,1074137879856487
gage1,1074138054779977
gage1,1074134249131110
gage1,1074134332999828
gage1,1074137904496798
gage1,1074137823680029
gage1,1074138068089687
gage1,1074138070841905
gage1,1074138006065625
gage1,1074134232187141
gage1,1074134217119952
gage1,1074139158739183
gage1,1074139144206629
gage1,1074137844214793
gage1,1074137822208441
gage1,1074138072069405
gage1,1074138081896630
gage1,1074138086867810
gage1,1074138105743118
gage1,1074138033636146
gage1,1074138004909503
gage1,1074132981902403
gage1,1074133033822267
gage1,1074139174960846
gage1,1074139123088946
gage1,1074137981472887
gage1,1074138059769946
gage1,1074138066810804
gage1,1074138092247508
gage1,1074138082538486
gage1,1074139338279276
gage1,1074138019898963
gage1,1074137997005141
gage1,1074132950269408
gage1,1074132977906999
gage1,1074139195574166
gage1,1074139170746745
gage1,1074140429136303
gage1,1074139131931496
gage1,1074136884375503
gage1,1074136889752263
gage1,1074138132325602
gage1,1074138169786703
gage1,1074138160791078
gage1,1074139367218539
gage1,1074137960560828
gage1,1074137953696594
gage1,1074140444233759
gage1,1074140438206748
gage1,1074139226857647
gage1,1074139216893166
gage1,1074140393556122
gage1,1074140373239646
gage1,1074139117658335
gage1,1074139108435146
gage1,1074135615832377
gage1,1074138130688871
gage1,1074138174129635
gage1,1074138167357961
gage1,1074138156209264
gage1,1074139371284817
gage1,1074139389152955
gage1,1074139382546902
gage1,1074140509699890
gage1,1074140499615509
gage1,1074140415923992
gage1,1074140468046128
gage1,1074140393831074
gage1,1074140374705345
gage1,1074139088470189
gage1,1074135592334945
gage1,1074135658493240
gage1,1074138195595535
gage1,1074140610836914
gage1,1074139378654796
gage1,1074140618302524
gage1,1074140513730412
gage1,1074140528883681
gage1,1074141654162109
gage1,1074141706802082
gage1,1074140469270421
gage1,1074141580026090
gage1,1074141575582650
gage1,1074140316072191
gage1,1074140302711887
gage1,1074135673326735
gage1,1074140685286526
gage1,1074140682411970
gage1,1074140637347735
gage1,1074140631447763
gage1,1074140524625541
gage1,1074140508355381
gage1,1074141770305115
gage1,1074141686332343
gage1,1074141666410084
gage1,1074141595746350
gage1,1074141544640949
gage1,1074141590504289
gage1,1074140298067552
gage1,1074140292045751
gage1,1074140689427277
gage1,1074140607999221
gage1,1074140655118570
gage1,1074140657108327
gage1,1074141837166488
gage1,1074140557211995
gage1,1074140550833924
gage1,1074141768625713
gage1,1074142992291692
gage1,1074142920764642
gage1,1074141539736524
gage1,1074140248895823
gage1,1074140235827106
gage1,1074139060310079
gage1,1074139050531073
gage1,1074141913974559
gage1,1074141855715446
gage1,1074141894030623
gage1,1074141898647300
gage1,1074141901534230
gage1,1074140576990408
gage1,1074139315770409
gage1,1074143025038271
gage1,1074142999635998
gage1,1074142925790563
gage1,1074141493972839
gage1,1074140257222703
gage1,1074140231795371
gage1,1074139241465254
gage1,1074139231571790
gage1,1074144269983389
gage1,1074144326752896
gage1,1074142987448530
gage1,1074143001193711
gage1,1074142854374170
gage1,1074142728095893
gage1,1074140282868706
gage1,1074140185174460
gage1,1074138998976192
gage1,1074144289025035
gage1,1074144280179329
gage1,1074143059885297
gage1,1074143044440312
gage1,1074142856271329
gage1,1074141631117370
gage1,1074140216575839
gage1,1074140212502783
gage1,1074145542880547
gage1,1074143045309201
gage1,1074141820039189
gage1,1074142858998110
gage1,1074141441667131
gage2,1074141453165759
gage2,1074145522626732
gage2,1074145562195990
gage2,1074141875398243
gage2,1074143104523693
gage2,1074142858380940
gage2,1074142871513873
gage2,1074146767628042
gage2,1074146767438962
gage2,1074143121364665
gage2,1074141877112564
gage2,1074146796421043
gage2,1074143144737818
gage2,1074144394437295
gage2,1074148040365568
gage2,1074143216013391
gage2,1074143194143907
gage2,1074144367505587
gage2,1074144357517482
gage2,1074148049936757
gage2,1074148046631248
gage2,1074141931406963
gage2,1074148063567998
gage2,1074148062296871
gage2,1074148123026764
gage2,1074148073899525
gage2,1074148070909290
gage2,1074148127922449
gage2,1074149254390685
gage2,1074148194379341
gage2,1074148167494683
gage2,1074149341144673
gage2,1074149335122376
gage2,1074148234073841
gage2,1074146922418377
gage2,1074149297752766
gage2,1074149354779406
gage2,1074636943835890
gage2,1074148227917754
gage2,1074146896490207
gage2,1074146884591826
gage2,1074149222095112
gage2,1074149371449193
gage2,1074148232893124
gage2,1074146996927338
gage2,1074145643584292
gage2,1074637059353601
gage2,1074148326606214
gage2,1074147053276653
gage2,1074146966291272
gage2,1074637085235925
gage2,1074637104242820
gage2,1074148337585495
gage2,1074147028484126
gage2,1074149588562152
gage2,1074147020457478
gage2,1074149613962729
gage2,1074149617210415
gage2,1074149630058165
gage2,1074637268029599
gage2,1074637280369862
gage2,1074638467091195
gage2,1073611319467691
gage2,1073612547977912
gage2,1073612544379015
gage2,1073612567457725
gage2,1073612579982907
gage2,1073612505106295
gage2,1073612494541134
gage2,1073612577648851
gage2,1073612571242865
gage2,1073612601828126
gage2,1074100228170303
gage2,1073612526234126
gage2,1073612528725198
gage2,1074100176129381
gage2,1074100098913424
gage2,1074100111274972
gage2,1074100107816956
gage2,1074100123250641
gage2,1074100137199845
gage2,1074100135947545
gage2,1074100214590824
gage2,1074100218097668
gage2,1074100147997796
gage2,1074100158999906
gage2,1074100218372548
gage2,1074100215508727
gage2,1074101376357928
gage2,1074100095906608
gage2,1074101394992420
gage2,1074100221904171
gage2,1074101454216447
gage2,1074100219097572
gage2,1074100210157824
gage2,1074102674373552
gage2,1074101379247076
gage2,1074101403814661
gage2,1074101486597904
gage2,1074101479380721
gage2,1074100281697168
gage2,1074100266143509
gage2,1074101327554198
gage2,1074101314754424
gage2,1074102732406873
gage2,1074101530081435
gage2,1074100268056066
gage2,1074101339799712
gage2,1074101319762712
gage2,1074102826530024
gage2,1074102758313162
gage2,1074102785321376
gage2,1074100329972603
gage2,1074101352458969
gage2,1074101348737401
gage2,1074100078048303
gage2,1074100077665525
gage2,1074104071956845
gage2,1074104077698252
gage2,1074102824275032
gage2,1074102818295799
gage2,1074101569506479
gage2,1074100330765407
gage2,1074101366359329
gage2,1074101358346270
gage2,1074101331834637
gage2,1074101338436100
gage2,1074104095260256
gage2,1074104082858144
gage2,1074104109891672
gage2,1074102831910511
gage2,1074101631638124
gage2,1074100335427024
gage2,1074101370862785
gage2,1074101363596399
gage2,1074104111711848
gage2,1074104148664129
gage2,1074105348652699
gage2,1074102903900938
gage2,1074104067015394
gage2,1074102941769642
gage2,1074102944663355
gage2,1074101641876139
gage2,1074101574108502
gage2,1074102596072367
gage2,1074102597536715
gage2,1074104182795781
gage2,1074105356689384
gage2,1074104165367469
gage2,1074104215832645
gage2,1074102955328069
gage2,1074102623533172
gage2,1074102608055501
gage2,1074105418840805
gage2,1074105415353583
gage2,1074105456096313
gage2,1074105456610249
gage2,1074102634002713
gage2,1074102572321299
gage2,1074105442484843
gage2,1074105426455454
gage2,1074106639546242
gage2,1074105400614458
gage2,1074106695350074
gage2,1074103813574428
gage2,1074102583642035
gage2,1074105530688289
gage2,1074106693428643
gage2,1074105485502380
gage2,1074105499146191
gage2,1074106675169614
gage2,1074106664844176
gage2,1074105390556802
gage2,1074106628428181
gage2,1074103831776278
gage2,1074103828501144
gage2,1074103849226711
gage2,1074106789020735
gage2,1074106801016272
gage2,1074106727972447
gage2,1074105489825445
gage2,1074105483442083
gage2,1074107978321127
gage2,1074107969085555
gage2,1074103840083340
gage2,1074103926685061
gage2,1074103926419786
gage2,1074103932997056
gage2,1074105152378009
gage2,1074105168862114
gage2,1074105195760995
gage2,1074105208993654
gage2,1074106434887885
gage2,1074106505821564
gage2,1074106515797851
gage2,1074106529304858
gage2,1074106525224635
gage2,1074106536481748
gage2,1074106559787460
gage2,1074106463704564
gage2,1074106543497522
gage2,1074106536571062
gage2,1074107823319748
gage2,1074107807267803
gage2,1074106482644870
gage2,1074106460245131
gage2,1074106614907669
gage2,1074106599141268
gage2,1074109068105009
gage2,1074107737169845
gage2,1074107782966753
gage2,1074106465862088
gage2,1074106452920646
gage2,1074107848901612
gage2,1074106612915380
gage2,1074106576831064
gage2,1074107815956392
gage2,1074107812102865
gage2,1074106478380977
gage2,1074106486901347
gage2,1074107927036167
gage2,1074107918124818
gage2,1074106594950999
gage2,1074105335836185
gage2,1074107729155895
gage2,1074107931016241
gage2,1074107944241156
gage2,1074106664408853
gage2,1074107745451824
gage2,1074109195182646
gage2,1074107961010317
gage2,1074107908921261
gage2,1074108022932855
gage2,1074109257649428
gage2,1074108020502600
gage2,1074108007917164
gage2,1074109293020061
gage2,1074109225277905
gage2,1074109250257245
gage2,1074108011929350
gage2,1074110544605865
gage2,1074110539123351
gage2,1074110469278038
gage2,1074110469675565
gage2,1074109318783271
gage2,1074109347747505
gage2,1074108077409847
gage2,1074108054751074
gage2,1074110563977026
gage2,1074110561387511
gage2,1074110565653098
gage2,1074110543627726
gage2,1074110473978614
gage2,1074109173642727
gage2,1074109336535797
gage2,1074108094301566
gage2,1074110570394138
gage2,1074110514933525
gage2,1074110582361675
gage2,1074109168263270
gage2,1074109146063894
gage2,1074109424703275
gage2,1074109402538473
gage2,1074110590863494
gage2,1074110586199738
gage2,1074109181674468
gage2,1074109081394910
gage2,1074109422394160
gage2,1074109435353586
gage2,1074109406557616
gage2,1074111905345098
gage2,1074111914229083
gage2,1074111833732660
gage2,1074111831423643
gage2,1074110413262008
gage2,1074110422552810
gage2,1073611402222843
gage2,1073611395652483
gage2,1073611398931856
gage2,1073610173415429
gage2,1073610173370305
gage2,1073610170497229
gage2,1073610157973722
gage2,1073610158441442
gage2,1073610168342973
gage2,1073610158842929
gage2,1073610183232298
gage2,1073608951601827
gage2,1073608949660022
gage2,1073608900832343
gage2,1073633300457537
gage2,1073607583657126
gage2,1073607590390077
gage2,1073607641881773
gage2,1073607583581444
gage2,1073607628944683
gage2,1073607567315316
gage2,1073605003801464
gage2,1073603775433291
gage2,1073605023200007
gage2,1073605065687546
gage2,1073603808477250
gage2,1073603819267056
gage2,1073603802493134
gage2,1073603793675558
gage2,1073610164005325
gage2,1073610176257303
gage2,1073608944022605
gage2,1073608717082935
gage2,1073607671291196
gage2,1073605035431530
gage2,1073602557681464
gage2,1073603780550635
gage2,1073602558710718
gage2,1073611293386566
gage2,1073611234424879
gage2,1073611277711815
gage2,1073611271691645
gage2,1073611268151317
gage2,1073610156047701
gage2,1073610169479985
gage2,1073610214849612
gage2,1073610227574407
gage2,1073610231023012
gage2,1073610218244244
gage2,1073610212632478
gage2,1073610223119235
gage2,1073610222312850
gage2,1073634602989945
gage2,1073608675777047
gage2,1073608691471248
gage2,1073607661190070
gage2,1073603790611983
gage2,1074112388405516
gage2,1074111204262684
gage2,1074111199735353
gage2,1074111191389765
gage2,1074109991675323
gage2,1074111233437023
gage2,1074111236011793
gage2,1074111243117741
gage2,1074111249150659
gage2,1074109975188723
gage2,1074109969553736
gage2,1074109973116495
gage2,1074110058025931
gage2,1074109979710857
gage2,1074109967100318
gage2,1074111306873767
gage2,1074109958147524
gage2,1074108638557867
gage2,1074108647910741
gage2,1074108645148666
gage2,1074108645042925
gage2,1074108645130620
gage2,1074108644982694
gage2,1074108638062119
gage2,1074108638256546
gage2,1074108635239294
gage2,1074108748990051
gage2,1074108759437048
gage2,1074108778133886
gage2,1074108747203385
gage2,1074108744593366
gage2,1074108795107281
gage2,1074106187883798
gage2,1074102480448983
gage2,1074102483920830
gage2,1074102487848692
gage2,1074102483716414
gage2,1074102473599998
gage2,1074101309964746
gage2,1074101246310471
gage2,1074101299277993
gage2,1074101228169416
gage2,1074101293618268
gage2,1074108644551039
gage2,1074108641435544
gage2,1074107486188552
gage2,1074107493429332
gage2,1074106202649774
gage2,1074106216280677
gage2,1074106206035305
gage2,1074106202979989
gage2,1074107461565052
gage2,1074106226435970
gage2,1074106203190837
gage2,1074106199934519
gage2,1074107484446528
gage2,1074106268862581
gage2,1074107552875113
gage2,1074107568262363
gage2,1074107538027836
gage2,1074108817182897
gage2,1074108813083074
gage2,1074107532552247
gage2,1074106349195272
gage2,1074108780582635
gage2,1074107594859851
gage2,1074107610220608
gage2,1074107605879646
gage2,1074107646501163
gage2,1074107633423988
gage2,1074107571103827
gage2,1074107673817629
gage2,1074107580251049
gage2,1074107573311811
gage2,1074107677496999
gage2,1074107693596064
gage2,1074104983017722
gage2,1074105005895121
gage2,1074106244751529
gage2,1074106245182377
gage2,1074103700625603
gage2,1074103727559067
gage2,1074103698016535
gage2,1074105065705389
gage2,1074105036980030
gage2,1074105050764680
gage2,1074105028071955
gage2,1074105079985315
gage2,1074105073243538
gage2,1074102502909579
gage2,1074102513112552
gage2,1074102519809001
gage2,1074103751591828
gage2,1074103768480779
gage2,1074103746601357
gage2,1074105029828571
gage2,1074103807878975
gage2,1074105133416934
gage2,1074105107266111
gage2,1074106381710005
gage2,1074106376736748
gage2,1074106400717595
gage2,1074106390520481
gage2,1074106426708105
gage2,1074106414477738
gage2,1074107666166313
gage2,1074107681413947
gage2,1074107692240218
gage2,1074108939539460
gage2,1074109040455424
gage2,1074110281046338
gage2,1074109098411294
gage2,1074110360664075
gage2,1074099960302464
gage2,1074101196036397
gage2,1074101257761980
gage2,1073612327464711
gage2,1073611133169121
gage2,1073612377963225
gage2,1073612400595792
gage2,1073612332373798
gage2,1073612410880741
gage2,1073612401856759
gage2,1074100046860002
gage2,1074100068717574
gage2,1073612367569486
gage2,1073611099310344
gage2,1073609846061693
gage2,1074099969178616
gage2,1074099996143718
gage2,1074099973388254
gage2,1073608622952781
gage2,1073609861002210
gage2,1073609909672324
gage2,1073609871733584
gage2,1073609861446424
gage2,1074112478082774
gage2,1074112463879791
gage2,1074112466281134
gage2,1074112517850524
gage2,1074111287688731
gage2,1074112456452523
gage2,1074112590873090
gage2,1074112596332156
gage2,1074112577596707
gage2,1074111259335541
gage2,1074111264944162
gage2,1074112607584889
gage2,1074112610490360
gage2,1074112615618332
gage2,1074112608852568
gage2,1074111345814143
gage2,1074111349690841
gage2,1074112623618066
gage2,1074112672218337
gage2,1074111332722838
gage2,1074111337040168
gage2,1074112673401423
gage2,1074112669706266
gage2,1074111338136575
gage2,1074111328457498
gage2,1074111389018935
gage2,1074112674825080
gage2,1074112663777806
gage2,1074112653303962
gage2,1074111376374053
gage2,1074110069416644
gage2,1074112723501438
gage2,1074112733804736
gage2,1074112654794672
gage2,1074112660835092
gage2,1074111409849675
gage2,1074111383588790
gage2,1074111367032706
gage2,1074112717553237
gage2,1074112713884499
gage2,1074112725070670
gage2,1074112715137643
gage2,1074111465718557
gage2,1074111382168544
gage2,1074111369089561
gage2,1074110135121947
gage2,1074112728620836
gage2,1074112741873628
gage2,1074111482904318
gage2,1074110126308018
gage2,1074110119589614
gage2,1074112722534680
gage2,1074112732550825
gage2,1074112764406853
gage2,1074112810134318
gage2,1074111463362526
gage2,1074111457365615
gage2,1074110113424369
gage2,1074110109355776
gage2,1074111471522704
gage2,1074112771220379
gage2,1074112785919010
gage2,1074112778709548
gage2,1074114055749905
gage2,1074112826698445
gage2,1074110106775527
gage2,1074110044430685
gage2,1074110034464620
gage2,1074110086684224
gage2,1074111547012523
gage2,1074111537091240
gage2,1074111548457749
gage2,1074114079242505
gage2,1074114063859331
gage2,1074110101107389
gage2,1074110090819057
gage2,1074111614008053
gage2,1074111597673519
gage2,1074114098764802
gage2,1074114110071014
gage2,1074112887928607
gage2,1074110098949263
gage2,1074112853691716
gage2,1074111605703918
gage2,1074111589841582
gage2,1074114171062336
gage2,1074114148422074
gage2,1074115286040938
gage2,1074114109097750
gage2,1074110163660767
gage2,1074110153733130
gage2,1074112899548641
gage2,1074111642189660
gage2,1074111573868619
gage2,1074114172655394
gage2,1074114224034600
gage2,1074112892132961
gage2,1074114121509477
gage2,1074110190130721
gage2,1074110167772896
gage2,1074108923306058
gage2,1074108860533643
gage2,1074112906298358
gage2,1074111678673518
gage2,1074111646221179
gage2,1074111639835329
gage2,1074111560969164
gage2,1074114231360184
gage2,1074114225279389
gage2,1074112931307871
gage2,1074114199811365
gage2,1074114197499664
gage2,1074110184813248
gage2,1074110230404206
gage2,1074110208384472
gage2,1074108982811005
gage2,1074108825593728
gage2,1074108837566587
gage2,1074112919844788
gage2,1074112935566330
gage2,1074112966946479
gage2,1074111737823815
gage2,1074111640357853
gage2,1074110397731832
gage2,1074110265618464
gage2,1074110197495276
gage2,1074110245315318
gage2,1074110260692313
gage2,1074108888122156
gage2,1074108880591494
gage2,1074108896549234
gage2,1074112949941507
gage2,1074112955580481
gage2,1074111696321773
gage2,1074111501473800
gage2,1074110304776321
gage2,1074108898756605
gage2,1074108904666993
gage2,1074114250301097
gage2,1074114246683776
gage2,1074114201348823
gage2,1074114194925707
gage2,1074111698049347
gage2,1074110462482296
gage2,1074111499469843
gage2,1074111493150796
gage2,1074110312017140
gage2,1074111717417750
gage2,1074111718079522
gage2,1074110433886034
gage2,1074111789089382
gage2,1074111737482782
gage2,1074111796579008
gage2,1074113030987150
gage2,1074113035487212
gage2,1074113030330983
gage2,1074113057235515
gage2,1074112991954646
gage2,1074113118949556
gage2,1074113108924740
gage2,1074113079759654
gage2,1074113081501100
gage2,1074113207016432
gage2,1074114435720667
gage2,1074113084938595
gage2,1074114252685631
gage2,1074114401090726
gage2,1074114406458798
gage2,1074114477906226
gage2,1074114390237859
gage2,1074115668868563
gage2,1074114407512937
gage2,1074117763166760
gage2,1074116520195356
gage2,1074116534031445
gage2,1074116583573574
gage2,1074116521231811
gage2,1074116568863889
gage2,1074116564662295
gage2,1074116637726034
gage2,1074116615625514
gage2,1074116544485227
gage2,1074116546690144
gage2,1074116651883330
gage2,1074116636033659
gage2,1074115371195873
gage2,1074115360570589
gage2,1074115259443268
gage2,1074115247458708
gage2,1074117890173309
gage2,1074116666708766
gage2,1074116701329598
gage2,1074116678889932
gage2,1074115252033786
gage2,1074115193316608
gage2,1074115299415692
gage2,1074115218873923
gage2,1074117900226247
gage2,1074117909251087
gage2,1074117953063078
gage2,1074116715298144
gage2,1074115441537968
gage2,1074115147881015
gage2,1074117928672173
gage2,1074117928263125
gage2,1074115454292930
gage2,1074115454917577
gage2,1074115163034857
gage2,1074117922639183
gage2,1074116691150501
gage2,1074115508067039
gage2,1074116774786513
gage2,1074116762537966
gage2,1074115493867161
gage2,1074115481330654
gage2,1074116788625804
gage2,1074116769782217
gage2,1074115546563985
gage2,1074115524065292
gage2,1074116777066498
gage2,1074116748215447
gage2,1074114292947284
gage2,1074114303020689
gage2,1074118044213243
gage2,1074116848441008
gage2,1074115614379100
gage2,1074114364960436
gage2,1074119361549842
gage2,1074119367519295
gage2,1074116862738557
gage2,1074118087681907
gage2,1074114359906080
gage2,1074114267974945
gage2,1074118145253214
gage2,1074116860707101
gage2,1074118113472130
gage2,1074115599268795
gage2,1074115586809794
gage2,1074116976033251
gage2,1074116963663114
gage2,1074116899506380
gage2,1074116909900351
gage2,1074118130213342
gage2,1074118127997241
gage2,1074115590376678
gage2,1074115683874118
gage2,1074116940006768
gage2,1074116883287150
gage2,1074116885319712
gage2,1074119369506324
gage2,1074116809260887
gage2,1074116874143540
gage2,1074115570300155
gage2,1074115571010001
gage2,1074124177647944
gage2,1074124216501024
gage2,1074611848571493
gage2,1074611868226078
gage2,1074611867017927
gage2,1074611884125678
gage2,1074611920621638
gage2,1074613151428822
gage2,1074611915807136
gage2,1074613176135830
gage2,1074611984651783
gage2,1074612017282954
gage2,1074613258806607
gage2,1074613260216164
gage2,1074613278154141
gage2,1074613288738526
gage2,1074613280634988
gage2,1074614533633527
gage2,1074613367688319
gage2,1074613234558654
gage2,1074613346549399
gage2,1074614475941239
gage2,1074614474836946
gage2,1074614657985060
gage2,1074613422279335
gage2,1074614488810330
gage2,1074614736613648
gage2,1074614690169587
gage2,1074613439565639
gage2,1074613410302668
gage2,1074615827684882
gage2,1074614699958088
gage2,1074614753198731
gage2,1074613549273070
gage2,1074613467327565
gage2,1074613393332583
gage2,1074613382301608
gage2,1074615803852773
gage2,1074615937016950
gage2,1074614710228436
gage2,1074614803761787
gage2,1074614787572438
gage2,1074613513374297
gage2,1074613587313660
gage2,1074612152605781
gage2,1074612223346565
gage2,1074612215797242
gage2,1074617077495521
gage2,1074617219727574
gage2,1074614781624445
gage2,1074615969949687
gage2,1074612121096971
gage2,1074612140651384
gage2,1074612282576164
gage2,1074618344845058
gage2,1074616018064170
gage2,1074614782864121
gage2,1074617247300359
gage2,1074124469821136
gage2,1074612202502445
gage2,1074612196756989
gage2,1074619651829580
gage2,1074618363680017
gage2,1074616052830008
gage2,1074616015637363
gage2,1074614838988881
gage2,1074618498948043
gage2,1074618567146211
gage2,1074124512230737
gage2,1074612259781953
gage2,1074612185174979
gage2,1074619697890445
gage2,1074619592033828
gage2,1074619585276468
gage2,1074616099897547
gage2,1074616085302718
gage2,1074614899447719
gage2,1074614812437304
gage2,1074124517208411
gage2,1074124510039865
gage2,1074612237551477
gage2,1074612242279902
gage2,1074619702354611
gage2,1074616123072940
gage2,1074616120483055
gage2,1074616141955917
gage2,1074614901968306
gage2,1074614888573951
gage2,1074612227569016
gage2,1074124662755233
gage2,1074619770448930
gage2,1074621005976794
gage2,1074617364226152
gage2,1074616189436154
gage2,1074617359986925
gage2,1074616146260277
gage2,1074616202797823
gage2,1074614957673525
gage2,1074614869450745
gage2,1074620993054719
gage2,1074619768577962
gage2,1074619767629106
gage2,1074621034715797
gage2,1074621032396599
gage2,1074617327185188
gage2,1074616184423060
gage2,1074617435440157
gage2,1074616218231807
gage2,1074616209704379
gage2,1074614936217835
gage2,1074613689677985
gage2,1074613624762473
gage2,1074619802396764
gage2,1074617464492685
gage2,1074617455702025
gage2,1074616229794243
gage2,1074614927721141
gage2,1074613757354574
gage2,1074613649009265
gage2,1074613672119140
gage2,1074613598679013
gage2,1074613602681711
gage2,1074617492577960
gage2,1074613759329080
gage2,1074613663743047
gage2,1074613647985722
gage2,1074613719131917
gage2,1074613580103650
gage2,1074613579716234
gage2,1074616314417389
gage2,1074616252281892
gage2,1074613696764219
gage2,1074612464724840
gage2,1074613714522785
gage2,1074613697308753
gage2,1074612325280642
gage2,1074613570654429
gage2,1074640681633788
gage2,1074616290502402
gage2,1074638093544230
gage2,1074612468992272
gage2,1074612443316238
gage2,1074616281423565
gage2,1074640656867679
gage2,1074612460323278
gage2,1074636854510083
gage2,1074639412879582
gage2,1074640647425198
gage2,1074612441436814
gage2,1074636810044787
gage2,1074611693594118
gage2,1074612955156183
gage2,1074612929510069
gage2,1074612984229554
gage2,1074612977775321
gage2,1074611688084427
gage2,1074611681303628
gage2,1074611612414423
gage2,1074611600299027
gage2,1074612808992592
gage2,1074612850536105
gage2,1074614148134729
gage2,1074614181681536
gage2,1074614266748019
gage2,1074123962030675
gage2,1074611526183227
gage2,1074124018961666
gage2,1074123887453933
gage2,1074124113442676
gage2,1074124097206899
gage2,1074122858749146
gage2,1074122994584802
gage2,1074122584185216
gage2,1074123024458061
gage2,1074123014647632
gage2,1074121780545738
gage2,1074123010589921
gage2,1074121536393059
gage2,1074120185856015
gage2,1074120122603841
gage2,1074120177489403
gage2,1074120153012757
gage2,1074120146511805
gage2,1074119219590037
gage2,1074118809483075
gage2,1074118827900237
gage2,1074118827573520
gage2,1074117587648153
gage2,1074115197154814
gage2,1074115139376439
gage2,1074113894794937
gage2,1074113814773463
gage2,1074113807604669
gage2,1074113865692842
gage2,1074112561422722
gage2,1074112557965037
gage2,1074112551254750
gage2,1074112412282274
gage2,1074124078575376
gage2,1074124229757164
gage2,1074122985298523
gage2,1074121785912631
gage2,1074121760296450
gage2,1074120315610338
gage2,1074120300498824
gage2,1074119203329054
gage2,1074117629568997
gage2,1074117554819529
gage2,1074117559868697
gage2,1074118788110526
gage2,1074119105572546
gage2,1074117873530511
gage2,1074117920219797
gage2,1074116434294782
gage2,1074116424405123
gage2,1074116417207547
gage2,1074115155526567
gage2,1074124090165085
gage2,1074611727271158
gage2,1074611745197462
gage2,1074611812018954
gage2,1074611800507173
gage2,1074612993402464
gage2,1074611775163811
gage2,1074611832862518
gage2,1074611828513841
gage2,1074613019678745
gage2,1074613079167030
gage2,1074613136208068
gage2,1074613049215995
gage2,1074613045505576
gage2,1074614344592979
gage2,1074614340102342
gage2,1074613152416524
gage2,1074614274641911
gage2,1074614412976223
gage2,1074613104222349
gage2,1074613159609853
gage2,1074614410046595
gage2,1074613169518510
gage2,1074124072937810
gage2,1074124157917954
gage2,1074611843245791
gage2,1074123069303320
gage2,1074124293655420
gage2,1074124312454547
gage2,1074124359298269
gage2,1074124358459935
gage2,1074124382218835
gage2,1074124339165005
gage2,1074612054568675
gage2,1074123870953092
gage2,1074123878964088
gage2,1074123863135079
gage2,1074122543998931
gage2,1074123029302382
gage2,1074121768325636
gage2,1074121840523955
gage2,1074121736783780
gage2,1074121816170463
gage2,1074121823424359
gage2,1074121796965625
gage2,1074121846327736
gage2,1074121891291633
gage2,1074120550017731
gage2,1074120566305270
gage2,1074123136327959
gage2,1074121908657201
gage2,1074121889390424
gage2,1074121879363585
gage2,1074121857712369
gage2,1074121874242613
gage2,1074120620008330
gage2,1074121936703847
gage2,1074120679326474
gage2,1074120601413060
gage2,1074121948130035
gage2,1074121921800016
gage2,1074120727154067
gage2,1074120646370194
gage2,1074120581587534
gage2,1074119356731388
gage2,1074122038918411
gage2,1074122029474247
gage2,1074121987221799
gage2,1074120752287602
gage2,1074120728453048
gage2,1074120709435846
gage2,1074119342311363
gage2,1074119336784092
gage2,1074123283725385
gage2,1074123272142457
gage2,1074122012312789
gage2,1074122001429008
gage2,1074123315699071
gage2,1074123298523294
gage2,1074122065626270
gage2,1074122086064014
gage2,1074124548826969
gage2,1074124572881709
gage2,1074123321564170
gage2,1074120821426457
gage2,1074122119085155
gage2,1074122174613873
gage2,1074122152635782
gage2,1074124619028841
gage2,1074123383361439
gage2,1074120805333168
gage2,1074120787211937
gage2,1074123397280524
gage2,1074122166297743
gage2,1074120770222823
gage2,1074120861017693
gage2,1074123400988652
gage2,1074123413750087
gage2,1074122131112279
gage2,1074122192487362
gage2,1074119517883628
gage2,1074119518618236
gage2,1074123485932680
gage2,1074123463853502
gage2,1074123435753416
gage2,1074123443144833
gage2,1074119498290456
gage2,1074119436691029
gage2,1074124740605887
gage2,1074123515753707
gage2,1074122223757389
gage2,1074122211016180
gage2,1074124686010157
gage2,1074124680977513
gage2,1074118263739262
gage2,1074118206647958
gage2,1074118188744238
gage2,1074149121313775
gage2,1074124745226271
gage2,1074122204223674
gage2,1074122200338166
gage2,1074124720951017
gage2,1074124730012203
gage2,1074124719514599
gage2,1074124768798472
gage2,1074118259163217
gage2,1074118271215672
gage2,1074119425256262
gage2,1074118237560955
gage2,1074149142349843
gage2,1074149138281189
gage2,1074124761580675
gage2,1074612369761291
gage2,1074124785422692
gage2,1074124773421152
gage2,1074118330723406
gage2,1074118311779059
gage2,1074119575055969
gage2,1074119555742001
gage2,1074612388700309
gage2,1074612417700090
gage2,1074118322862919
gage2,1074118365315205
gage2,1074119572942171
gage2,1074119632412405
gage2,1074119590234949
gage2,1074119624481722
gage2,1074118376213605
gage2,1074119636809768
gage2,1074120850190104
gage2,1074144019221833
gage2,1074119625429237
gage2,1074120909759441
gage2,1074144026980746
gage2,1074120501818405
gage2,1074120538429340
gage2,1074120518524142
gage2,1074119277339816
gage2,1074119215669949
gage2,1074119261507695
gage2,1074119180640864
gage2,1074119289105857
gage2,1074119260547949
gage2,1074119247549252
gage2,1074117999136762
gage2,1074118071107480
gage2,1074118045317746
gage2,1074118053030376
gage2,1074118066145041
gage2,1074121421158702
gage2,1074121415517132
gage2,1074119184479615
gage2,1074119123057495
gage2,1074119106043646
gage2,1074117843998055
gage2,1074113897545981
gage2,1074113885540063
gage2,1074120189805152
gage2,1075123521411974
gage2,1074635892812311
gage2,1074635842619265
gage2,1074634623822906
gage2,1074634644655177
gage2,1074633435044795
gage2,1074632128548786
gage2,1074630884147690
gage2,1074630797902161
gage2,1074630799275487
gage2,1074628307754707
gage2,1074628307577040
gage2,1074628304704332
gage2,1074627063192439
gage2,1074627059591333
gage2,1074627059359643
gage2,1074627059224523
gage2,1074627056027384
gage2,1074627043957095
gage2,1074626979119496
gage2,1074627040231857
gage2,1074627036825092
gage2,1074626963020861
gage2,1074625773441213
gage2,1074625763902756
gage2,1074625760218730
gage2,1074625747610982
gage2,1074625740830812
gage2,1074624412616210
gage2,1074624464120127
gage2,1074624461078739
gage2,1074624460874865
gage2,1074624451597540
gage2,1074624448155174
gage2,1074634648376168
gage2,1074634695382774
gage2,1074634729653575
gage2,1074633462382371
gage2,1074633520442242
gage2,1074633418911053
gage2,1074632177601184
gage2,1074632154502957
gage2,1074632162020632
gage2,1074630890812048
gage2,1074630898267177
gage2,1074630881175607
gage2,1074632140260764
gage2,1074632192392635
gage2,1074632163141179
gage2,1074630858043294
gage2,1074625734782633
gage2,1074634669549657
gage2,1074629619723805
gage2,1074629578416247
gage2,1074624489655113
gage2,1074624503145080
gage2,1074624497097067
gage2,1074623151237864
gage2,1074623148136393
gage2,1074623135147434
gage2,1074623131856275
gage2,1074623125037134
gage2,1074623125096666
gage2,1074623121434247
gage2,1074623118230670
gage2,1074623118625416
gage2,1074623118895151
gage2,1074623115759555
gage2,1074623106325321
gage2,1074621887230509
gage2,1074621857810368
gage2,1074621860675676
gage2,1074621853998872
gage2,1074621847476556
gage2,1074621846866576
gage2,1074621850786444
gage2,1074621847716737
gage2,1074621847127860
gage2,1074621834930872
gage2,1074621837971682
gage2,1074621834092061
gage2,1074621831487789
gage2,1074621827522848
gage2,1074621827938290
gage2,1074621828122034
gage2,1074621827746836
gage2,1074620604819557
gage2,1074620534102041
gage2,1074620530952152
gage2,1074620527677727
gage2,1074619256882401
gage2,1074619250053153
gage2,1074619243471372
gage2,1074619236501111
gage2,1074619226855091
gage2,1074619223630747
gage2,1074619204367162
gage2,1074617973144115
gage2,1074617927343533
gage2,1074616587089509
gage2,1074616586927870
gage2,1074616583538344
gage2,1074616584034571
gage2,1074615315720662
gage2,1074615299735303
gage2,1074612785607094
gage2,1074612775542284
gage2,1074612767368924
gage2,1074612753238029
gage2,1074612747119024
gage2,1074611518835273
gage2,1074611571340535
gage2,1074611494095163
gage2,1074611562530085
gage2,1074611468434446
gage2,1074611501968289
gage2,1074611499461908
gage2,1074623112701111
gage2,1074620595272241
gage2,1074617939979497
gage2,1074617936483222
gage2,1074616697920408
gage2,1074616695020894
gage2,1074616701139375
gage2,1074616692000567
gage2,1074616691556741
gage2,1074616578087635
gage2,1074615343603778
gage2,1074615398445204
gage2,1074615306368856
gage2,1074619208568418
gage2,1074617940882684
gage2,1074616699071113
gage2,1074616690555661
gage2,1074616690559093
gage2,1074616749831403
gage2,1074618168139027
gage2,1074620769327786
gage2,1074620789703029
gage2,1074620770486189
gage2,1074622101545574
gage2,1074615319449045
gage2,1074615301316925
gage2,1074615304880913
gage2,1074614075765792
gage2,1074615366456931
gage2,1074615369701366
gage2,1074615373218290
gage2,1074615383159900
gage2,1074615383413446
gage2,1074615383604148
gage2,1074615380474180
gage2,1074615387497681
gage2,1074615381047049
gage2,1074615419567000
gage2,1074615407913912
gage2,1074615378899005
gage2,1074615372503454
gage2,1074616721256689
gage2,1074616800816354
gage2,1074616802116468
gage2,1074616870730382
gage2,1074616835752112
gage2,1074616876157409
gage2,1074616894099247
gage2,1074618183239022
gage2,1074618136317618
gage2,1074618123460903
gage2,1074618200470332
gage2,1074618191367390
gage2,1074618185860487
gage2,1074616577147000
gage2,1074121230054300
gage2,1074121263651842
gage2,1074121264636203
gage2,1074121221012637
gage2,1074118787686090
gage2,1074117529801409
gage2,1074117520563557
gage2,1074123806001787
gage2,1074122436870677
gage2,1074122454010494
gage2,1074121212181869
gage2,1074121173536325
gage2,1074119980611009
gage2,1074120013663000
gage2,1074120062051595
gage2,1074118740963489
gage2,1074117502833489
gage2,1074628350185080
gage2,1074629573242684
gage2,1074629588845044
gage2,1074629583118282
gage2,1074629573561629
gage2,1074629593359847
gage2,1074629580681965
gage2,1074628348493454
gage2,1074628351163697
gage2,1075123531449354
gage2,1075123561574782
gage2,1075123671091533
gage2,1075123659778566
gage2,1075123830879896
gage2,1075123682618614
gage2,1075123899820559
gage2,1075125187475204
gage2,1075123952265202
gage2,1075125204640877
gage2,1075123926289600
gage2,1075125230107230
gage2,1074636400480521
gage2,1075125245652901
gage2,1074636382768101
gage2,1074636379806196
gage2,1074636366575492
gage2,1074636373641685
gage2,1074636353910021
gage2,1074636370447048
gage2,1074636360989125
gage2,1074636364312866
gage2,1074636364279861
gage2,1074636364475131
gage2,1074635181463382
gage2,1074635181342870
gage2,1074636364505959
gage2,1074636364517346
gage2,1074635156547033
gage2,1074635153260470
gage2,1074633906415204
gage2,1074636358167183
gage2,1074636422409608
gage2,1074636422636233
gage2,1074635163249513
gage2,1074635169895793
gage2,1074632693986022
gage2,1074635197274525
gage2,1074635170238530
gage2,1074635173315229
gage2,1074635183303531
gage2,1074635189992234
gage2,1074632731169508
gage2,1074632714859686
gage2,1074635190002800
gage2,1074632750906921
gage2,1074631486509619
gage2,1074636480318462
gage2,1074636489694582
gage2,1074631487829835
gage2,1074631473294935
gage2,1074632775336072
gage2,1074631450561411
gage2,1074631394370422
gage2,1074632797457929
gage2,1074631541179299
gage2,1074631437619827
gage2,1074631433883189
gage2,1074631411292251
gage2,1074632820469783
gage2,1074632829015570
gage2,1074631573432591
gage2,1074630202671297
gage2,1074631362263971
gage2,1074632594980638
gage2,1074634067023758
gage2,1074634121673465
gage2,1074630186273630
gage2,1074630132883588
gage2,1074632623175843
gage2,1074630170475074
gage2,1074630122695873
gage2,1074632614746874
gage2,1074630152113473
gage2,1074630109577309
gage2,1074630152686078
gage2,1074630099217812
gage2,1074630216040265
gage2,1074630025526751
gage2,1074629053654241
gage2,1074630275801843
gage2,1074630080040756
gage2,1074629052461950
gage2,1074629035396638
gage2,1074628790148084
gage2,1074628826802403
gage2,1074629102282032
gage2,1074629092207620
gage2,1074628777131185
gage2,1074628750977511
gage2,1074627548477410
gage2,1074629080673065
gage2,1074629067109725
gage2,1074627516145822
gage2,1074627509912616
gage2,1074627617315217
gage2,1074629065391251
gage2,1074627839607271
gage2,1074627829247769
gage2,1074627819307153
gage2,1074627555318470
gage2,1074627615086030
gage2,1074652176344025
gage2,1074627803960654
gage2,1074627542866889
gage2,1074627549252581
gage2,1074627615628192
gage2,1074627521118690
gage2,1074627687161066
gage2,1074626280460241
gage2,1074627697871703
gage2,1074626268628960
gage2,1074626249259155
gage2,1074626325198433
gage2,1074625066714200
gage2,1074624984806823
gage2,1074626391566133
gage2,1074625146821388
gage2,1074625057171680
gage2,1074623780619565
gage2,1074626379524039
gage2,1074626370537886
gage2,1074625181575331
gage2,1074622590901550
gage2,1074622589226078
gage2,1074626438652707
gage2,1074625236384717
gage2,1074625248546399
gage2,1074622609928286
gage2,1074623878969963
gage2,1074622520903581
gage2,1074623999248874
gage2,1074625247037751
gage2,1074622710384636
gage2,1074622510943082
gage2,1074648372220594
gage2,1074649636016340
gage2,1074622498366908
gage2,1074648413442763
gage2,1074622553708419
gage2,1074622538316659
gage2,1074621277252964
gage2,1074621228447530
gage2,1074620027528312
gage2,1074621249115494
gage2,1074621220104607
gage2,1074620008955535
gage2,1074620002575357
gage2,1074619983719876
gage2,1074618738573399
gage2,1074618790879775
gage2,1074618794027550
gage2,1074618814506438
gage2,1074620118598752
gage2,1074620034893663
gage2,1074620129727227
gage2,1074620126761110
gage2,1074618868661318
gage2,1074618858493610
gage2,1074620124341737
gage2,1074644491722369
gage2,1074618876359214
gage2,1074643245139406
gage2,1074618843209403
gage2,1074644487903595
gage2,1074644581103738
gage2,1074644558722772
gage2,1074643221702970
gage2,1074643240426040
gage2,1074618824294569
gage2,1074618834701921
gage2,1074643318427603
gage2,1074644544275203
gage2,1074644598258252
gage2,1074644575970720
gage2,1074643366596805
gage2,1074641978106548
gage2,1074617590363414
gage2,1074643290771510
gage2,1074643294972072
gage2,1074644669830366
gage2,1074644625689327
gage2,1074644621369591
gage2,1074641941918318
gage2,1074641920609371
gage2,1074642036480788
gage2,1074644653920315
gage2,1074645909965797
gage2,1074643387151637
gage2,1074643384713383
gage2,1074644608878603
gage2,1074643386455731
gage2,1074640766321049
gage2,1074640759556432
gage2,1074640677463166
gage2,1074644629752486
gage2,1074644626387402
gage2,1074645956405486
gage2,1074645966647900
gage2,1074643365907788
gage2,1074643377230458
gage2,1074640662143617
gage2,1074640658582819
gage2,1074646019530148
gage2,1074644787668201
gage2,1074643418886110
gage2,1074643351740857
gage2,1074643362308354
gage2,1074644794836662
gage2,1074644785457029
gage2,1074644755523744
gage2,1074644742710118
gage2,1074643400939371
gage2,1074642168789181
gage2,1074642110759881
gage2,1074646017687319
gage2,1074644792722629
gage2,1074644763021527
gage2,1074644767083135
gage2,1074643433247483
gage2,1074643488604126
gage2,1074642130611285
gage2,1074642147101156
gage2,1074642085606057
gage2,1074642104839029
gage2,1074640889933674
gage2,1074640830971681
gage2,1074642156869672
gage2,1074642111867190
gage2,1074642170551740
gage2,1074642148595544
gage2,1075123520495662
gage2,1075123527117273
gage2,1075123590990306
gage2,1075123670740054
gage2,1270234326448815
gage2,1270234251455011
gage2,1270234274511658
gage2,1270233000806779
gage2,1270233017077484
gage2,1270234288831990
gage2,1270234296374874
gage2,1270232965830692
gage2,1270235536197290
gage2,1270235477850884
gage2,1270235541508631
gage2,1270235537668493
gage2,1270231799083321
gage2,1270231734370493
gage2,1270235470620044
gage2,1270235542791955
gage2,1270235551187463
gage2,1270231802776609
gage2,1270231793574001
gage2,1270235463668188
gage2,1270235457904197
gage2,1270235580057917
gage2,1270235572431453
gage2,1270233047495327
gage2,1270233044992769
gage2,1270231800294149
gage2,1270231778043995
gage2,1270234233458370
gage2,1270234212605457
gage2,1270236813305785
gage2,1270236814052836
gage2,1270234203818243
gage2,1270234256464418
gage2,1270234156686584
gage2,1270236829819329
gage2,1270233008937200
gage2,1270234178839684
gage2,1270234175218965
gage2,1270234165713581
gage2,1270232987021815
gage2,1270232983864780
gage2,1270234187210617
gage2,1270232943786186
gage2,1270235413334951
gage2,1270235393689446
gage2,1270234170365781
gage2,1270234149087669
gage2,1270234134109963
gage2,1270234177080645
gage2,1270235423209513
gage2,1270235418705363
gage2,1270235411925663
gage2,1270234134965106
gage2,1270234126275280
gage2,1270232955006317
gage2,1270232957690513
gage2,1270235435898718
gage2,1270235346351923
gage2,1270235424208110
gage2,1270235432340670
gage2,1270236674369358
gage2,1270235438490415
gage2,1270235378998011
gage2,1270235375533770
gage2,1270236705910546
gage2,1270236705717198
gage2,1270235391525938
gage2,1270235368509231
gage2,1270236715325181
gage2,1270236709669196
gage2,1270235387511946
gage2,1270235367673754
gage2,1270236730793291
gage2,1270236734840541
gage2,1270235348390832
gage2,1270235295941028
gage2,1270237974548817
gage2,1270236671828466
gage2,1270235301297874
gage2,1270235272726559
gage2,1270237902762857
gage2,1270237890005585
gage2,1270235303869928
gage2,1270235266765956
gage2,1270235222314633
gage2,1270235315516460
gage2,1270235244112444
gage2,1270234041457274
gage2,1270234034556984
gage2,1270233962378636
gage2,1270235145418253
gage2,1270236498601266
gage2,1270236487399851
gage2,1270235172093881
gage2,1270235170419265
gage2,1270233896606367
gage2,1270233914914110
gage2,1270236446369399
gage2,1270237696382572
gage2,1270235106595320
gage2,1270235152288544
gage2,1270233836535266
gage2,1270233889033007
gage2,1270236408861577
gage2,1270236385775845
gage2,1270235102856959
gage2,1270235089797302
gage2,1270233867229111
gage2,1270236406909747
gage2,1270237605537244
gage2,1270235117150338
gage2,1270235092000574
gage2,1270233845160593
gage2,1270235081011538
gage2,1270233865752963
gage2,1270232569506322
gage2,1270236338283369
gage2,1270236325773469
gage2,1270235047536044
gage2,1270235070568694
gage2,1270235028711794
gage2,1270235052348848
gage2,1270233812165797
gage2,1270233791855869
gage2,1270232525985038
gage2,1270232564056107
gage2,1270236330387485
gage2,1270236327398599
gage2,1270234993635741
gage2,1270235024163501
gage2,1270233789821852
gage2,1270233771122591
gage2,1270232449323038
gage2,1270231224481665
gage2,1270236277518218
gage2,1270236326413295
gage2,1270236310868311
gage2,1270232461265543
gage2,1270231164291763
gage2,1270237504224329
gage2,1270236266904215
gage2,1270232489799788
gage2,1270232428215238
gage2,1270239374747896
gage2,1270238142893733
gage2,1270239380413832
gage2,1270238126527746
gage2,1270238117380196
gage2,1270239389175072
gage2,1270239392647777
gage2,1270238116399012
gage2,1270238100812127
gage2,1270239304401659
gage2,1270239318194916
gage2,1270239405594159
gage2,1270239327961355
gage2,1270238047250902
gage2,1270238128578325
gage2,1270238109403836
gage2,1270238087378231
gage2,1270239296577852
gage2,1270238073972388
gage2,1270240656829194
gage2,1270240656280070
gage2,1270239326420879
gage2,1270238070758309
gage2,1270238076344135
gage2,1270238063957805
gage2,1270238027278585
gage2,1270236858918627
gage2,1270236855284149
gage2,1270240682460702
gage2,1270240616870804
gage2,1270239312301228
gage2,1270239344997153
gage2,1270238002168900
gage2,1270239236775291
gage2,1270238063600338
gage2,1270238063141331
gage2,1270236775239267
gage2,1270236772759298
gage2,1270238088442618
gage2,1270236848253772
gage2,1270238080407652
gage2,1270241920637082
gage2,1270240636157465
gage2,1270239256303701
gage2,1270240593334299
gage2,1270240582965819
gage2,1270239252999366
gage2,1270238060084050
gage2,1270238035003018
gage2,1270238089910748
gage2,1270241890926600
gage2,1270241956080318
gage2,1270241886358388
gage2,1270241890609180
gage2,1270239272226379
gage2,1270239255026597
gage2,1270241856835939
gage2,1270240527913367
gage2,1270240579608084
gage2,1270241898795997
gage2,1270241891719665
gage2,1270241909184625
gage2,1270239268077015
gage2,1270239280611206
gage2,1270239209330066
gage2,1270239192749566
gage2,1270241904715134
gage2,1270239214764696
gage2,1270239204340102
gage2,1270239227823163
gage2,1270239217132213
gage2,1270239203546404
gage2,1270239191014972
gage2,1270239219415375
gage2,1270239213362024
gage2,1270239190553905
gage2,1270239160988791
gage2,1270239158339683
gage2,1270240416486435
gage2,1270239156649630
gage2,1270240327277670
gage2,1270239090321560
gage2,1270240296974051
gage2,1270240283239869
gage2,1270239066332698
gage2,1270240282479255
gage2,1270240269441725
gage2,1270238984282542
gage2,1270237820838959
gage2,1270240305448487
gage2,1270240298098484
gage2,1270238927822052
gage2,1270238917616932
gage2,1270240310583583
gage2,1270240297896259
gage2,1270238928440711
gage2,1270237621548215
gage2,1270241480591459
gage2,1270241546155920
gage2,1270240241808701
gage2,1270240133285568
gage2,1270238881358265
gage2,1270238869031673
gage2,1270241568351472
gage2,1270241500487747
gage2,1270241420768498
gage2,1270240185369486
gage2,1270238825582594
gage2,1270241512502430
gage2,1270241506023697
gage2,1270241408997810
gage2,1270240184323932
gage2,1270238830959984
gage2,1270238799138386
gage2,1270241441258680
gage2,1270241366040137
gage2,1270238845729646
gage2,1270240071715878
gage2,1270237547499570
gage2,1270237532124813
gage2,1270241393404724
gage2,1270241376608115
gage2,1270241330447633
gage2,1270241308319200
gage2,1270242564947619
gage2,1270241338657321
gage2,1270241291776526
gage2,1270240063329521
gage2,1270241293930343
gage2,1270240062046534
gage2,1270238782828597
gage2,1270240036114901
gage2,1270238734846081
gage2,1270238735195298
gage2,1270215669844232
gage2,1270215678550022
gage2,1270215656125894
gage2,1270216906599034
gage2,1270216900213428
gage2,1270215638252122
gage2,1270215627590096
gage2,1270216939724662
gage2,1270216919014551
gage2,1270215617084610
gage2,1270214373441084
gage2,1270216872890677
gage2,1270216849979847
gage2,1270215632169491
gage2,1270214394248890
gage2,1270237485782937
gage2,1270216894629210
gage2,1270216880881240
gage2,1270216783727632
gage2,1270215613735451
gage2,1270215589217097
gage2,1270215575082187
gage2,1270214316311412
gage2,1270214368408047
gage2,1270218126711935
gage2,1270218112675362
gage2,1270214311186363
gage2,1270214298892474
gage2,1270214352824797
gage2,1270214297184191
gage2,1270218155025867
gage2,1270218134880641
gage2,1270214253435879
gage2,1270214284893604
gage2,1270214279448941
gage2,1270214344384662
gage2,1270213114058885
gage2,1270218170632365
gage2,1270218157035626
gage2,1270213046583305
gage2,1270213040671337
gage2,1270237475547663
gage2,1270213089772333
gage2,1270213029876020
gage2,1270213081705034
gage2,1270219403378589
gage2,1270219402226463
gage2,1270213024034513
gage2,1270213011678238
gage2,1270213062888668
gage2,1270213062514050
gage2,1270219420863152
gage2,1270219440901084
gage2,1270211827898077
gage2,1270211765942838
gage2,1270220688596017
gage2,1270211825210118
gage2,1270211799834346
gage2,1270211749155326
gage2,1270211736930432
gage2,1270220636251876
gage2,1270211784069952
gage2,1270210554382132
gage2,1270211763814760
gage2,1270210488281499
gage2,1270210555889157
gage2,1270211784960384
gage2,1270210543213767
gage2,1270210555360699
gage2,1270236163554154
gage2,1270210527673227
gage2,1270210522423198
gage2,1270236189174701
gage2,1270236168065953
gage2,1270234899960215
gage2,1270210508203223
gage2,1270210468479820
gage2,1270210434114775
gage2,1270233659424855
gage2,1270234898370534
gage2,1270233654418911
gage2,1270209253254489
gage2,1270209213238047
gage2,1270209197020646
gage2,1270233637788544
gage2,1270233653832673
gage2,1270209231152802
gage2,1270209229941562
gage2,1270233709877126
gage2,1270233681112905
gage2,1270207992560691
gage2,1270233619499656
gage2,1270207993904002
gage2,1270232361863147
gage2,1270207966815530
gage2,1270209167303666
gage2,1270207921757239
gage2,1270207942199459
gage2,1270207937380154
gage2,1270209091092056
gage2,1270206695300171
gage2,1270206655072763
gage2,1270206669269781
gage2,1270206623277794
gage2,1270205358762856
gage2,1270205421745639
gage2,1270205402307631
gage2,1270205393802991
gage2,1270205327737567
gage2,1270204147576714
gage2,1270229809121675
gage2,1270205325774397
gage2,1270204094419257
gage2,1270204041146426
gage2,1270202853798432
gage2,1270229804484078
gage2,1270205273299628
gage2,1270205266887075
gage2,1270229859472117
gage2,1270231110496844
gage2,1270205252909751
gage2,1270205269058178
gage2,1270229863721012
gage2,1270229844148261
gage2,1270204016174544
gage2,1270204013963727
gage2,1270205199757397
gage2,1270205261750480
gage2,1270229861930073
gage2,1270229871117947
gage2,1270229829433429
gage2,1270228595738750
gage2,1270203926364288
gage2,1270203938658146
gage2,1270205219720845
gage2,1270205194729464
gage2,1270229930369736
gage2,1270229945956559
gage2,1270228567740718
gage2,1270228577980439
gage2,1270202729717473
gage2,1270202680168931
gage2,1270206409344172
gage2,1270205180159038
gage2,1270205138154902
gage2,1270203952132117
gage2,1270228559611244
gage2,1270228549347852
gage2,1270202704039198
gage2,1270202639599986
gage2,1270206422018824
gage2,1270206404468914
gage2,1270203858931045
gage2,1270203874106964
gage2,1270227322972597
gage2,1270202711375650
gage2,1270201463249010
gage2,1270202626940901
gage2,1270201403043650
gage2,1270206444168227
gage2,1270206433877251
gage2,1270203876448038
gage2,1270203840280329
gage2,1270202728807386
gage2,1270202703433986
gage2,1270201382439341
gage2,1270201367658508
gage2,1270206463679926
gage2,1270206522592303
gage2,1270206452037090
gage2,1270206377217139
gage2,1270203821206962
gage2,1270203868954030
gage2,1270202554520047
gage2,1270202525101305
gage2,1270202758646122
gage2,1270201529634277
gage2,1270201311449829
gage2,1270207764200750
gage2,1270207708597784
gage2,1270207632378480
gage2,1270206365122818
gage2,1270201516982370
gage2,1270201504958988
gage2,1270201298432081
gage2,1270207743111670
gage2,1270209025256268
gage2,1270207582544031
gage2,1270207568927680
gage2,1270205033446344
gage2,1270205034359345
gage2,1270201284339650
gage2,1270208961757217
gage2,1270208980455354
gage2,1270206320079126
gage2,1270204964007846
gage2,1270201221598032
gage2,1270209015138427
gage2,1270209004895225
gage2,1270204891511387
gage2,1270201233245068
gage2,1270199998077212
gage2,1270210275630074
gage2,1270210261002859
gage2,1270208958478395
gage2,1270210188218361
gage2,1270203619228014
gage2,1270199912912058
gage2,1270211520483129
gage2,1270210301255635
gage2,1270210323434343
gage2,1270208931989281
gage2,1270208929490708
gage2,1270210232727195
gage2,1270210238741212
gage2,1270202286674669
gage2,1270199894623992
gage2,1270199849386449
gage2,1270211530012638
gage2,1270209071196063
gage2,1270210349671160
gage2,1270211498271796
gage2,1270202245522569
gage2,1270198589709132
gage2,1270199865155948
gage2,1270201096175039
gage2,1270211543510366
gage2,1270211624209155
gage2,1270201066176287
gage2,1270198489113350
gage2,1270211575839304
gage2,1270211579724444
gage2,1270212885304348
gage2,1270200990617779
gage2,1270212813226937
gage2,1270212825147064
gage2,1270212911422634
gage2,1270212917217102
gage2,1270212753387918
gage2,1270212696800459
gage2,1270170920505599
gage2,1270170914240116
gage2,1270170911660346
gage2,1270170908787707
gage2,1270170963634484
gage2,1270170951554068
gage2,1270169717450018
gage2,1270169763775902
gage2,1270169757906028
gage2,1270169754935122
gage2,1270169755774671
gage2,1270169756021896
gage2,1270169802543833
gage2,1270170932694755
gage2,1270171033829053
gage2,1270173735574386
gage2,1270172307982096
gage2,1270176445257473
gage2,1270176430500658
gage2,1270176483649829
gage2,1270176541311968
gage2,1270169711724244
gage2,1270169811921538
gage2,1270170945538294
gage2,1270170911384682
gage2,1075122221338837
gage2,1075122220996110
gage2,1075122220876778
gage2,1075122224169761
gage2,1075122214528543
gage2,1075121016726372
gage2,1075121007649845
gage2,1075121001380106
gage2,1075121059844087
gage2,1075121041484754
gage2,1075121038776284
gage2,1075119865992216
gage2,1075119853801235
gage2,1075119844250307
gage2,1075119841068507
gage2,1075118584538847
gage2,1075118618001842
gage2,1075118615369007
gage2,1075118612095304
gage2,1075118612076262
gage2,1075117314644962
gage2,1075116089473249
gage2,1075116134906159
gage2,1075116182663255
gage2,1075116120607324
gage2,1075116117863025
gage2,1075114941969130
gage2,1075114980388385
gage2,1075114979601231
gage2,1075114974433502
gage2,1075113763202496
gage2,1075113744003470
gage2,1075113740913688
gage2,1075112441150478
gage2,1075112435154537
gage2,1075111180266884
gage2,1075111176533079
gage2,1075111173476299
gage2,1075111177536589
gage2,1075119859701543
gage2,1075118587651667
gage2,1075118612363446
gage2,1075113753600970
gage2,1075122168824397
gage2,1270169869141214
gage2,1270171139892651
gage2,1270171182188210
gage2,1270171172042345
gage2,1270172417091192
gage2,1270172457373120
gage2,1075122168342502
gage2,1075122221652235
gage2,1075122217840509
gage2,1075122169567084
gage2,1075122215732007
gage2,1075122215924944
gage2,1075122218921195
gage2,1075122219153727
gage2,1075122212391054
gage2,1075122211338792
gage2,1075122203611122
gage2,1075122210278011
gage2,1075122191845449
gage2,1075122262708126
gage2,1075121018814190
gage2,1075121016608950
gage2,1075121013625638
gage2,1075121016979880
gage2,1075121020186235
gage2,1075121004295331
gage2,1075121004375351
gage2,1075121007849258
gage2,1075121081689950
gage2,1075121004523412
gage2,1075119838015440
gage2,1075119831919006
gage2,1075118621619272
gage2,1075118625193870
gage2,1075118624970899
gage2,1075118652199834
gage2,1075119960536709
gage2,1075119967486976
gage2,1075119980537424
gage2,1075119989151907
gage2,1075121224021698
gage2,1075121224263534
gage2,1075118618526553
gage2,1075117339389456
gage2,1075117330567512
gage2,1075116092693527
gage2,1075116138002315
gage2,1075116189684651
gage2,1075116182659920
gage2,1075116179779158
gage2,1075116121091696
gage2,1075116176753856
gage2,1075116118304562
gage2,1075116170083215
gage2,1075116160890845
gage2,1075116164202425
gage2,1075116161034083
gage2,1075114939233408
gage2,1075114932617298
gage2,1075114933795809
gage2,1075114983243605
gage2,1075114979976135
gage2,1075114977439130
gage2,1075114984004987
gage2,1075114980663461
gage2,1075114978250759
gage2,1075114972110640
gage2,1075114971665638
gage2,1075114971277614
gage2,1075114969095162
gage2,1075114972436604
gage2,1075114975486834
gage2,1075115031457130
gage2,1075114969198630
gage2,1075115032782966
gage2,1075115033166444
gage2,1075115104744472
gage2,1075115048836798
gage2,1075115175440938
gage2,1075115065589019
gage2,1075115062159637
gage2,1075115186926888
gage2,1075115190316892
gage2,1075115133589510
gage2,1075116291139094
gage2,1075115127515452
gage2,1075115117315991
gage2,1075116501692517
gage2,1075116300797916
gage2,1075116359028715
gage2,1075116603322265
gage2,1075116371425400
gage2,1075116371764314
gage2,1075116335327493
gage2,1075116390656344
gage2,1075118802285192
gage2,1075117642528969
gage2,1075116351353173
gage2,1075120018967506
gage2,1075117665841057
gage2,1075118867306427
gage2,1075117669381863
gage2,1075117691811703
gage2,1075117676166505
gage2,1075120110825295
gage2,1075118946446159
gage2,1075117818825428
gage2,1075121354677354
gage2,1075121383000620
gage2,1075118968439685
gage2,1075118962703882
gage2,1075122634823111
gage2,1075122634701980
gage2,1075118968921820
gage2,1075118972635685
gage2,1075122644610432
gage2,1075118975148080
gage2,1075120213663536
gage2,1075120265934059
gage2,1075120272214026
gage2,1075120206861888
gage2,1075120197171526
gage2,1075120225872209
gage2,1075120225717049
gage2,1075120225677186
gage2,1075120272944593
gage2,1075120269859875
gage2,1075120285330909
gage2,1075120209692803
gage2,1075120212723649
gage2,1075120279264398
gage2,1075120279079910
gage2,1075120270370526
gage2,1075120273319602
gage2,1075120225568529
gage2,1075120231769082
gage2,1075120282546685
gage2,1075120282268672
gage2,1075120332848403
gage2,1075120277046466
gage2,1075120228761824
gage2,1075120241466540
gage2,1075120241366955
gage2,1075120285456645
gage2,1075120282312490
gage2,1075120282364417
gage2,1075120231930445
gage2,1075120244513027
gage2,1075120285524004
gage2,1075120288746811
gage2,1075120244465291
gage2,1075120244608718
gage2,1075120295439964
gage2,1075120295242324
gage2,1075120295062560
gage2,1075120247746037
gage2,1075120251033722
gage2,1075120295298793
gage2,1075120298426619
gage2,1075120250916905
gage2,1075121476053709
gage2,1075121473051295
gage2,1075120299031586
gage2,1075120298563248
gage2,1075121603822211
gage2,1075121537108791
gage2,1075121482786069
gage2,1075121475941611
gage2,1075122887671398
gage2,1075121567120447
gage2,1075121569457080
gage2,1075121499331767
gage2,1075121501979049
gage2,1075121478905682
gage2,1075122915715533
gage2,1075121478823001
gage2,1075121478795874
gage2,1075121481933518
gage2,1075121481764159
gage2,1075121423546161
gage2,1075121482033253
gage2,1075121481978720
gage2,1075121429229825
gage2,1075121429141606
gage2,1075121488087960
gage2,1075121481873093
gage2,1075121441726790
gage2,1075121507286482
gage2,1075121497614281
gage2,1075121529796113
gage2,1075122768612304
gage2,1075114962943466
gage2,1075115017972856
gage2,1075115011694088
gage2,1075113721494413
gage2,1075113718295397
gage2,1075113766546286
gage2,1075113763505863
gage2,1075113686358720
gage2,1075113753813444
gage2,1075113747247570
gage2,1075113734551583
gage2,1075113734955656
gage2,1075112506303619
gage2,1075112511633473
gage2,1075112441464515
gage2,1075112425404960
gage2,1075112480074939
gage2,1075112473792152
gage2,1075112458381365
gage2,1075112454670727
gage2,1075111200786677
gage2,1075111191171888
gage2,1075122241146414
gage2,1075122194729279
gage2,1075122197814759
gage2,1075122188560483
gage2,1075121054176604
gage2,1075121057422876
gage2,1075121117679398
gage2,1075121210019611
gage2,1075122443725986
gage2,1075122542202807
gage2,1075122593084210
gage2,1270170188535943
gage2,1270170194602969
gage2,1075121030177019
gage2,1075121036064828
gage2,1075121001469063
gage2,1075121062488824
gage2,1075121001508606
gage2,1075121062555426
gage2,1075121062680230
gage2,1075121056451084
gage2,1075121083221523
gage2,1075121059708727
gage2,1075119807893383
gage2,1075113708797416
gage2,1075112451694457
gage2,1075114924183264
gage2,1075118621190200
gage2,1075117355347469
gage2,1075116132049854
gage2,1075122212150097
gage2,1075122218720589
gage2,1075122218644403
gage2,1075122218455557
gage2,1075122221938393
gage2,1075122224981718
gage2,1075122225182368
gage2,1075122225442111
gage2,1075122227845997
gage2,1075122228198233
gage2,1075122228401539
gage2,1075122238832841
gage2,1075122225803965
gage2,1270169857497818
gage2,1075122231616970
gage2,1270169880583025
gage2,1270169889286695
gage2,1270169919995854
gage2,1270171222034367
gage2,1270171229102099
gage2,1270171294761441
gage2,1270171275708895
gage2,1270171307988968
gage2,1270171295766935
gage2,1270172646614226
gage2,1270171386350061
gage2,1270171398431838
gage2,1270171351444268
gage2,1270173931648264
gage2,1270172635354105
gage2,1270172620010982
gage2,1270171436765444
gage2,1270171478881585
gage2,1270175245293325
gage2,1270175257377001
gage2,1270172701728534
gage2,1270172689223896
gage2,1270171514254799
gage2,1270171487396844
gage2,1270171472404713
gage2,1270175373563779
gage2,1270175358299893
gage2,1270172713049757
gage2,1270173958135609
gage2,1270172761954334
gage2,1270171582675151
gage2,1270172809991248
gage2,1270172779851557
gage2,1270174020749349
gage2,1270172856430239
gage2,1270172882065007
gage2,1270169793676347
gage2,1075122164722353
gage2,1075121013030651
gage2,1075122245735890
gage2,1075122245063045
gage2,1075122209605377
gage2,1075122213140499
gage2,1075122206866717
gage2,1075122247454102
gage2,1075118584781489
gage2,1075111194958831
gage2,1075122171212877
gage2,1075114980268203
gage2,1075111171056055
gage2,1075106345370530
gage2,1075110000580278
gage2,1075111232693190
gage2,1075111252682400
gage2,1075111350443416
gage2,1075111283171534
gage2,1075109995401035
gage2,1075109998999180
gage2,1075110022490571
gage2,1075110024817127
gage2,1075108861890535
gage2,1075110123164112
gage2,1075110112820928
gage2,1075111376846898
gage2,1075108842872947
gage2,1075108846740512
gage2,1075108844324003
gage2,1075108860712885
gage2,1075108874108186
gage2,1075107630345104
gage2,1075107646870735
gage2,1075108876211933
gage2,1075108979368472
gage2,1075108914844058
gage2,1075110244389097
gage2,1075110181801376
gage2,1075111571391075
gage2,1075111501072361
gage2,1075111597932870
gage2,1075111527150351
gage2,1075111610601122
gage2,1075111613471998
gage2,1075112769277509
gage2,1075112769833879
gage2,1075112790259105
gage2,1075112820091126
gage2,1075112824738271
gage2,1075114083764938
gage2,1075114084561098
gage2,1075114150854646
gage2,1075114092909062
gage2,1075107611525982
gage2,1075107634294789
gage2,1075107592153915
gage2,1075107589735876
gage2,1075106412967780
gage2,1075106419811976
gage2,1075106422568087
gage2,1075108786924335
gage2,1075107625889860
gage2,1075107646356431
gage2,1075107632838292
gage2,1075106360954507
gage2,1075108854598648
gage2,1075119822420375
gage2,1270208004122306
gage2,1270206781966878
gage2,1270206772284879
gage2,1270206760638365
gage2,1270206756540023
gage2,1270201977643654
gage2,1270201953277177
gage2,1074169061263440
gage2,1074172805037609
gage2,1074172823423133
gage2,1074172803525336
gage2,1074172845674039
gage2,1074172844867260
gage2,1074171503787680
gage2,1074171555776651
gage2,1074171506023385
gage2,1074171490745694
gage2,1074174034990314
gage2,1074174019179923
gage2,1074171546841938
gage2,1074172750147364
gage2,1074172747615010
gage2,1074171471232444
gage2,1074170217078468
gage2,1074174078773384
gage2,1074174065800015
gage2,1074174020895813
gage2,1074175310472436
gage2,1074175309342060
gage2,1074174048934517
gage2,1074175315318949
gage2,1074175335424337
gage2,1074174015623547
gage2,1074174073666517
gage2,1074175249952880
gage2,1074662934297785
gage2,1074175249050576
gage2,1074175243302406
gage2,1074662974587914
gage2,1074662961716361
gage2,1074175254676455
gage2,1074175236206660
gage2,1074664240434212
gage2,1074664218456236
gage2,1074662945418845
gage2,1074662947842962
gage2,1074175180536129
gage2,1074175238426631
gage2,1074173994221779
gage2,1074174009971762
gage2,1074665458025007
gage2,1074665441613613
gage2,1074665446194393
gage2,1074664159667643
gage2,1074662879802165
gage2,1074662870270031
gage2,1074666717873302
gage2,1074666711120643
gage2,1074665388253754
gage2,1074665465435063
gage2,1074664148713053
gage2,1074662881827143
gage2,1074175283600333
gage2,1074175231632185
gage2,1074666677943333
gage2,1074669242250695
gage2,1074666636175510
gage2,1074666627179697
gage2,1074666725207402
gage2,1074662900422813
gage2,1074175205378401
gage2,1074673015004293
gage2,1074672967881302
gage2,1074668029753751
gage2,1074175183006229
gage2,1074674291488499
gage2,1074674230052611
gage2,1074672969114950
gage2,1074670494685472
gage2,1074670582408128
gage2,1074675536386546
gage2,1074675477229393
gage2,1074671786240903
gage2,1074673088283143
gage2,1074671782353434
gage2,1074675497501900
gage2,1074675512093358
gage2,1074675509745589
gage2,1074671792674143
gage2,1074674372722362
gage2,1074673042949986
gage2,1074675553886359
gage2,1074675500996893
gage2,1074676816581712
gage2,1074676773142552
gage2,1074675676323899
gage2,1074673034831221
gage2,1074676815365314
gage2,1074678023832551
gage2,1074678023121689
gage2,1074677021977289
gage2,1074677017762134
gage2,1074673049639451
gage2,1074675570644817
gage2,1074678046521122
gage2,1074678045845143
gage2,1074677989903123
gage2,1074678275333895
gage2,1074676988642610
gage2,1074676980881649
gage2,1074675557771368
gage2,1074678059439293
gage2,1074679337638363
gage2,1074679266083816
gage2,1074676970004937
gage2,1074675544822492
gage2,1074675610121872
gage2,1074680600597229
gage2,1074680594614540
gage2,1074680543321903
gage2,1074680535599852
gage2,1074680526016992
gage2,1074680623760961
gage2,1074680647696283
gage2,1074681796744994
gage2,1074680697970718
gage2,1074681818752473
gage2,1074681818180191
gage2,1074681923501846
gage2,1074681840379808
gage2,1074681827513116
gage2,1074681874987844
gage2,1074683013996124
gage2,1074681890793191
gage2,1074683019468720
gage2,1074683042535311
gage2,1074681903051286
gage2,1074681909233986
gage2,1074681915271329
gage2,1074683137327852
gage2,1074683143640193
gage2,1074683152925315
gage2,1074683162340545
gage2,1074683171741819
gage2,1074683184206373
gage2,1074683132664834
gage2,1074162781445406
gage2,1074161534213433
gage2,1270180687274631
gage2,1270179453692303
gage2,1270179425431280
gage2,1075144363594297
gage2,1075144286983819
gage2,1075145554848240
gage2,1075145600380301
gage2,1075143103444134
gage2,1075144390533033
gage2,1075143165867561
gage2,1075144397521516
gage2,1075141887349387
gage2,1075106319540245
gage2,1075106319297876
gage2,1075106368015444
gage2,1075105134309992
gage2,1075105131039717
gage2,1075105128165585
gage2,1075105084513614
gage2,1075105143018990
gage2,1075105141186784
gage2,1075105136996604
gage2,1075105150395364
gage2,1075105146803342
gage2,1075106369014753
gage2,1075105149750814
gage2,1075106369264802
gage2,1075106371878378
gage2,1075105151047165
gage2,1075106383438262
gage2,1075105200048547
gage2,1075106326324946
gage2,1075105087480035
gage2,1075106306951533
gage2,1075106309955900
gage2,1075106310275121
gage2,1075106397281837
gage2,1075106307111568
gage2,1075106399078959
gage2,1075106464095963
gage2,1075106473971922
gage2,1075106467878738
gage2,1075106495292167
gage2,1075106478675436
gage2,1075107736548354
gage2,1075107736212775
gage2,1075109060671847
gage2,1075107755966340
gage2,1075109119278134
gage2,1075109102344881
gage2,1075134736334664
gage2,1075134737315889
gage2,1075134759492286
gage2,1075134731382125
gage2,1075134725239374
gage2,1075136039789683
gage2,1075137395406005
gage2,1075138587433513
gage2,1075139852481290
gage2,1075138609373538
gage2,1075141187961391
gage2,1075138618350335
gage2,1075142467612815
gage2,1075115473939850
gage2,1075143764453044
gage2,1075115497722805
gage2,1075145098869888
gage2,1075115452379993
gage2,1075146445269106
gage2,1075146368088546
gage2,1075147783655512
gage2,1075146533136769
gage2,1075146366262351
gage2,1075146315383888
gage2,1075147817053345
gage2,1270195559141430
gage2,1075145275097054
gage2,1075145267006493
gage2,1075147570391938
gage2,1075146308318298
gage2,1270196893207099
gage2,1075145221838287
gage2,1075144160089897
gage2,1270195207357633
gage2,1075145023248620
gage2,1075146249221755
gage2,1270196898536600
gage2,1270198147409994
gage2,1075143969644714
gage2,1075143941525156
gage2,1075145504820616
gage2,1270170865773656
gage2,1075146244042452
gage2,1075145018214058
gage2,1270198159006474
gage2,1075145517585008
gage2,1270172072291812
gage2,1270198197888209
gage2,1270198224759808
gage2,1075146760079328
gage2,1270172029941305
gage2,1270199489794930
gage2,1270198320279319
gage2,1075146786856004
gage2,1270171965576665
gage2,1270199497285592
gage2,1270199559693596
gage2,1075148100398129
gage2,1075146872220784
gage2,1270173175607894
gage2,1075148122804966
gage2,1075148062854660
gage2,1075148179745006
gage2,1075146870295856
gage2,1270175680107164
gage2,1075148145426907
gage2,1075148136951158
gage2,1270195734026274
gage2,1075146928549307
gage2,1075148160837772
gage2,1270175737803186
gage2,1270195819173200
gage2,1270195821537322
gage2,1075146912847912
gage2,1075146919982682
gage2,1270176973147478
gage2,1270176902153070
gage2,1270195823900613
gage2,1270195797707198
gage2,1270197070071563
gage2,1270195836971313
gage2,1075145655492732
gage2,1075146937308866
gage2,1075146979992917
gage2,1075146904681878
gage2,1270177006010871
gage2,1270176992230331
gage2,1270176901134979
gage2,1270195898706877
gage2,1270195891158021
gage2,1270197106202468
gage2,1270197100405609
gage2,1075148188558548
gage2,1075148175271171
gage2,1075146971674347
gage2,1075146990777737
gage2,1075145643645356
gage2,1270179522938716
gage2,1270178253840446
gage2,1270176903276528
gage2,1270175668047081
gage2,1270197202797629
gage2,1270197179054652
gage2,1270197155873676
gage2,1075147040123159
gage2,1075146965851412
gage2,1270180876255952
gage2,1270180883244154
gage2,1270176915563352
gage2,1270176902568274
gage2,1270197271972363
gage2,1270197255272275
gage2,1270198470670458
gage2,1270198425403862
gage2,1075147054561460
gage2,1075147060369340
gage2,1075145721592026
gage2,1075147015066364
gage2,1270180968427314
gage2,1270182103767217
gage2,1270176860352104
gage2,1270176850228388
gage2,1270176843816905
gage2,1270176836627234
gage2,1270199770063716
gage2,1270199694205717
gage2,1075147051964449
gage2,1075147039047891
gage2,1075145767300602
gage2,1075145702141155
gage2,1270181030181427
gage2,1270182299292361
gage2,1270184584894959
gage2,1270176868236898
gage2,1270176805844624
gage2,1270176780849138
gage2,1270199640280969
gage2,1270199623632083
gage2,1075147055789721
gage2,1075148308470504
gage2,1075145768732482
gage2,1075145761287659
gage2,1075145682047742
gage2,1270205475460828
gage2,1270183616653567
gage2,1270185915384627
gage2,1270185842014484
gage2,1270176880884720
gage2,1270176809907678
gage2,1270176797102258
gage2,1270199649257560
gage2,1270199638836989
gage2,1075147129769415
gage2,1075147117522267
gage2,1270195913586673
gage2,1075148284439240
gage2,1075145836945368
gage2,1075145824632004
gage2,1075145683078913
gage2,1075145735959326
gage2,1270205492097614
gage2,1270205469793627
gage2,1270183658365900
gage2,1270183633499043
gage2,1270187171096132
gage2,1270185757888940
gage2,1270185788069866
gage2,1075148358736327
gage2,1075147127914972
gage2,1075145832413322
gage2,1075145810119891
gage2,1075145665604203
gage2,1075144430488536
gage2,1075144493255131
gage2,1075144494261562
gage2,1270206727401691
gage2,1270206725528481
gage2,1270205480383146
gage2,1270205461091152
gage2,1270184920770175
gage2,1270184922768664
gage2,1270183669543644
gage2,1270185688638027
gage2,1270187111829884
gage2,1270187022261739
gage2,1075148381298223
gage2,1075148360168564
gage2,1075147107158039
gage2,1075147094159337
gage2,1075145856310065
gage2,1075144627578965
gage2,1075144457772322
gage2,1075144453051260
gage2,1270205468338176
gage2,1270205458670384
gage2,1270184943386094
gage2,1270186191432335
gage2,1270184951080135
gage2,1270184876735205
gage2,1270209317881865
gage2,1270184899103497
gage2,1270208048548355
gage2,1270186959751254
gage2,1270187037280996
gage2,1075148406636216
gage2,1075148404044380
gage2,1075148448597266
gage2,1075148419730379
gage2,1075145876206573
gage2,1075144634617532
gage2,1075144589446273
gage2,1075144608031537
gage2,1075143208037953
gage2,1075143199951215
gage2,1270205530232905
gage2,1270205507293853
gage2,1270211847419954
gage2,1270184882198750
gage2,1270184895781332
gage2,1270186988506880
gage2,1270187001691487
gage2,1270196041759119
gage2,1270196046337023
gage2,1075148478549757
gage2,1075148456401598
gage2,1075145915267434
gage2,1075145909621581
gage2,1075144619332660
gage2,1075144639373126
gage2,1075143283148548
gage2,1075143331885443
gage2,1075144533154527
gage2,1075144530832836
gage2,1075143200969671
gage2,1075143242557962
gage2,1075143238543134
gage2,1270204273557389
gage2,1270205511701350
gage2,1270186140502610
gage2,1270186132507204
gage2,1270187000396930
gage2,1270188294460221
gage2,1270189458684298
gage2,1270189443967532
gage2,1270196123710053
gage2,1270196104943147
gage2,1075147206645803
gage2,1075145930451633
gage2,1075144698975392
gage2,1075143287828393
gage2,1075143265598169
gage2,1075143239060110
gage2,1270204333078624
gage2,1270204242287304
gage2,1270205538141610
gage2,1270205530859763
gage2,1270187469017873
gage2,1270187407165403
gage2,1270186169820422
gage2,1270186141058932
gage2,1270189564847083
gage2,1270189553066256
gage2,1270189401591275
gage2,1270188159303375
gage2,1270196153165049
gage2,1270196199082437
gage2,1075148524999075
gage2,1075147201980845
gage2,1075144680813713
gage2,1075144765017851
gage2,1270204308452443
gage2,1270204344377341
gage2,1270202991719151
gage2,1270202987519914
gage2,1270187436492610
gage2,1270187479357493
gage2,1270187368972359
gage2,1270187336688472
gage2,1270190806560155
gage2,1270190731977378
gage2,1270189535784873
gage2,1270189439639948
gage2,1270189425108426
gage2,1270188144782519
gage2,1270188125636348
gage2,1270196220088701
gage2,1270196204708413
gage2,1075144750705488
gage2,1075145988934968
gage2,1270204319156295
gage2,1270204297363726
gage2,1270187455510565
gage2,1270187517531143
gage2,1270188610638768
gage2,1270187390840047
gage2,1270190820504944
gage2,1270190808092882
gage2,1270189581357703
gage2,1270190623520939
gage2,1270190597870883
gage2,1270188088824746
gage2,1270197513654975
gage2,1270196258066282
gage2,1270196237659069
gage2,1075144764747687
gage2,1075144805271905
gage2,1270203130811019
gage2,1270203104933464
gage2,1270188756134375
gage2,1270188747667143
gage2,1270188608976254
gage2,1270188622649231
gage2,1270192072217327
gage2,1270190845102570
gage2,1270190840757452
gage2,1270190880202354
gage2,1270189572307835
gage2,1270190639746145
gage2,1270190635318921
gage2,1270188083991960
gage2,1270197504940322
gage2,1270197520912708
gage2,1270196327763248
gage2,1270196246167058
gage2,1075146052003125
gage2,1270204361112770
gage2,1270203122538813
gage2,1270203010531011
gage2,1270201853329545
gage2,1270188778111040
gage2,1270188703423934
gage2,1270188549788868
gage2,1270187315191836
gage2,1270188637957044
gage2,1270188635768933
gage2,1270192020695233
gage2,1270190778861038
gage2,1270190891153800
gage2,1270190868765979
gage2,1270191947247709
gage2,1270190711310556
gage2,1270190644593290
gage2,1270190631295069
gage2,1270189254049328
gage2,1270189318901829
gage2,1270197522636398
gage2,1270197563436382
gage2,1075148652282087
gage2,1075146062582639
gage2,1270204461018029
gage2,1270204445287101
gage2,1270203197753693
gage2,1270203174836888
gage2,1270201777320865
gage2,1270201759217369
gage2,1270188732314571
gage2,1270190016475884
gage2,1270188557517866
gage2,1270187311387140
gage2,1270188647482583
gage2,1270188651224054
gage2,1270190712727987
gage2,1270190697214600
gage2,1270192129856019
gage2,1270190898599507
gage2,1270191876148564
gage2,1270191875763763
gage2,1270189271997695
gage2,1270189258511677
gage2,1270189335530965
gage2,1270189337963607
gage2,1270197585300136
gage2,1270197588222321
gage2,1270198890117085
gage2,1270197630554834
gage2,1270205718718728
gage2,1270205635195466
gage2,1270203146548765
gage2,1270203173337002
gage2,1270201730841425
gage2,1270200569880328
gage2,1270190032340759
gage2,1270189964427053
gage2,1270189845469181
gage2,1270189908052511
gage2,1270190973348095
gage2,1270192149974021
gage2,1270191885406235
gage2,1270189215844136
gage2,1270189348852588
gage2,1270189348677412
gage2,1270189370247972
gage2,1270189372885357
gage2,1270197648193595
gage2,1270196351155289
gage2,1270200165670554
gage2,1270203239374533
gage2,1270190058221040
gage2,1270190040267315
gage2,1270189878857645
gage2,1270191117829345
gage2,1270189950352308
gage2,1270191184495468
gage2,1270192203165785
gage2,1270192193214295
gage2,1270192184510041
gage2,1270192167892439
gage2,1270191900870887
gage2,1270191819856501
gage2,1270189225283271
gage2,1270189217499833
gage2,1270190603172406
gage2,1270190559701127
gage2,1270190558882475
gage2,1270196397602308
gage2,1270196380951611
gage2,1270203234318442
gage2,1270202042404100
gage2,1270191300713774
gage2,1270191309054475
gage2,1270189819852917
gage2,1270189807801580
gage2,1270191182516638
gage2,1270191166959986
gage2,1270191147356368
gage2,1270192225657621
gage2,1270192197375437
gage2,1270193428982702
gage2,1270193416920900
gage2,1270193414480489
gage2,1270192114828762
gage2,1270191862166124
gage2,1270191855593645
gage2,1270189296227464
gage2,1270189305603395
gage2,1270189174154886
gage2,1270189160306499
gage2,1270190571265372
gage2,1270190567074155
gage2,1270203305787723
gage2,1270203254101606
gage2,1270200831985573
gage2,1270191317290683
gage2,1270191319836508
gage2,1270191046926648
gage2,1270191085443322
gage2,1270191198792942
gage2,1270191212356073
gage2,1270192251721436
gage2,1270192240914411
gage2,1270191030466624
gage2,1270190955383103
gage2,1270193454970686
gage2,1270193454141631
gage2,1270192126212225
gage2,1270192122334819
gage2,1270191933917069
gage2,1270193165569877
gage2,1270193171500052
gage2,1270191871053628
gage2,1270190550416275
gage2,1270190476309895
gage2,1270190486853514
gage2,1270190407582034
gage2,1270189171750431
gage2,1270203322682893
gage2,1270203307041810
gage2,1270204495608113
gage2,1270204488981117
gage2,1270191343217594
gage2,1270215718737385
gage2,1270191351611511
gage2,1270191006425638
gage2,1270189759022373
gage2,1270192528044271
gage2,1270192459865427
gage2,1270193545965991
gage2,1270193490537895
gage2,1270192257558439
gage2,1270194695426013
gage2,1270194643099182
gage2,1270194628364391
gage2,1270193353814776
gage2,1270193161322845
gage2,1270193192040197
gage2,1270193204048504
gage2,1270193148474934
gage2,1270194372429656
gage2,1270193111089186
gage2,1270191863727067
gage2,1270190514286133
gage2,1270190425878362
gage2,1270190370407025
gage2,1270204551656500
gage2,1270204554189751
gage2,1270203292054409
gage2,1270203291048524
gage2,1270192580702735
gage2,1270216986602521
gage2,1270190980630618
gage2,1270189750936139
gage2,1270192553867417
gage2,1270192494055139
gage2,1270192462023019
gage2,1270193563339719
gage2,1270193551608571
gage2,1270193515704468
gage2,1270193571382680
gage2,1270194712362604
gage2,1270194727090293
gage2,1270682245776145
gage2,1270193315199370
gage2,1270193301978386
gage2,1270193270795518
gage2,1270194452163760
gage2,1270194448046099
gage2,1270194332347780
gage2,1270193086609793
gage2,1270193067428811
gage2,1270191852984113
gage2,1270191843897555
gage2,1270190456089719
gage2,1270190395201535
gage2,1270190394061343
gage2,1270204564984980
gage2,1270204557796523
gage2,1270203360659286
gage2,1270202101581643
gage2,1270192616273172
gage2,1270192612436121
gage2,1270218249289358
gage2,1270218362304765
gage2,1270189694643282
gage2,1270189682131821
gage2,1270193795562941
gage2,1270192567310463
gage2,1270193610780259
gage2,1270193534903088
gage2,1270193520588771
gage2,1270193588674609
gage2,1270194817084518
gage2,1270194784153166
gage2,1270194768070875
gage2,1270682378274816
gage2,1270682267602572
gage2,1270682244531071
gage2,1270682252423558
gage2,1270194577218471
gage2,1270193300563934
gage2,1270193287651241
gage2,1270194469094692
gage2,1270194462401793
gage2,1270194409397445
gage2,1270194405825842
gage2,1270194351128408
gage2,1270193063268465
gage2,1270193053883638
gage2,1270191766456621
gage2,1270191707563049
gage2,1270191643824978
gage2,1270191629826820
gage2,1270204640450402
gage2,1270204597854807
gage2,1270193882435290
gage2,1270192632892020
gage2,1270193856511820
gage2,1270192633830765
gage2,1270218287545272
gage2,1270193763078276
gage2,1270193749647485
gage2,1270194834104243
gage2,1270193593086969
gage2,1270682394510535
gage2,1270682338843765
gage2,1270682289690296
gage2,1270682288592705
gage2,1270682318064886
gage2,1270194546501881
gage2,1270193315613989
gage2,1270193238306295
gage2,1270191996630979
gage2,1270194482751446
gage2,1270194473122935
gage2,1270194431920175
gage2,1270682049933258
gage2,1270194362905811
gage2,1270194352982413
gage2,1270193069051247
gage2,1270193053227276
gage2,1270191761687745
gage2,1270191745207069
gage2,1270191735850010
gage2,1270192901286539
gage2,1270191678303761
gage2,1270204645571394
gage2,1270204620776734
gage2,1270205862272261
gage2,1270205902249985
gage2,1270195143257501
gage2,1270218265776186
gage2,1270195009325569
gage2,1270193768576068
gage2,1270194862525654
gage2,1270194850731713
gage2,1270683528675893
gage2,1270683522021529
gage2,1270683458146547
gage2,1270682213704055
gage2,1270682176629780
gage2,1270194545577995
gage2,1270193224231122
gage2,1270191979426920
gage2,1270194550721149
gage2,1270682142181376
gage2,1270682079894981
gage2,1270682080428252
gage2,1270682051830028
gage2,1270681997470344
gage2,1270194252636963
gage2,1270193015653828
gage2,1270192978717660
gage2,1270192969272137
gage2,1270192946021476
gage2,1270192916500612
gage2,1270204693054582
gage2,1270204677429050
gage2,1270207106264258
gage2,1270205860267416
gage2,1270195159136425
gage2,1270195087778934
gage2,1270194972358072
gage2,1270682499704372
gage2,1270194792790694
gage2,1270194925032502
gage2,1270683554796355
gage2,1270683544371164
gage2,1270683456905434
gage2,1270193246414904
gage2,1270191977949088
gage2,1270191965066852
gage2,1270682170132283
gage2,1270682110364015
gage2,1270681999697571
gage2,1270194287225326
gage2,1270194279647550
gage2,1270194213535783
gage2,1270192928889886
gage2,1270192866622388
gage2,1270204739882083
gage2,1270203439556775
gage2,1270207131074020
gage2,1270207108332175
gage2,1270195175824697
gage2,1270195092671216
gage2,1270195082638210
gage2,1270682691365171
gage2,1270682521639473
gage2,1270682463123261
gage2,1270682567000435
gage2,1270682511684192
gage2,1270683626459027
gage2,1270683629347468
gage2,1270683556356817
gage2,1270683413579694
gage2,1270682174724702
gage2,1270682165894034
gage2,1270683292095887
gage2,1270683276110337
gage2,1270681923665984
gage2,1270194226796485
gage2,1270194235813276
gage2,1270207137520479
gage2,1270207145914524
gage2,1270682827135358
gage2,1270682727252405
gage2,1270683783423362
gage2,1270682492093667
gage2,1270682477479710
gage2,1270682461412985
gage2,1270682583545842
gage2,1270682574331928
gage2,1270684874735904
gage2,1270683629990035
gage2,1270683568615524
gage2,1270683503528861
gage2,1270683432050743
gage2,1270683425072781
gage2,1270683324147831
gage2,1270683326262377
gage2,1270683278230943
gage2,1270683265738021
gage2,1270208326267453
gage2,1270208338178502
gage2,1270682842467443
gage2,1270682761341828
gage2,1270683971527248
gage2,1270683818505504
gage2,1270683756736946
gage2,1270683725159464
gage2,1270683654382646
gage2,1270682597025868
gage2,1270682581502205
gage2,1270684899520213
gage2,1270684831912792
gage2,1270683581708571
gage2,1270684737087994
gage2,1270684757512118
gage2,1270683438654155
gage2,1270683441640678
gage2,1270684499176499
gage2,1270684547428500
gage2,1270683309283898
gage2,1270683283372560
gage2,1270209617709739
gage2,1270208375478660
gage2,1270682867364807
gage2,1270682811868310
gage2,1270195131528573
gage2,1270683769124425
gage2,1270683768349154
gage2,1270683674676344
gage2,1270682613205923
gage2,1270682604442220
gage2,1270684838219547
gage2,1270683449279144
gage2,1270684677624977
gage2,1270684673411132
gage2,1270683447643243
gage2,1270684523464125
gage2,1270684507666690
gage2,1270684488975178
gage2,1270684482411679
gage2,1270683230924816
gage2,1270683211936935
gage2,1270210904630219
gage2,1270210958242399
gage2,1270209541688602
gage2,1270208318174636
gage2,1270684099904654
gage2,1270684044687450
gage2,1270684086475987
gage2,1270684039044655
gage2,1270683771506686
gage2,1270685062500194
gage2,1270684999075060
gage2,1270683644399154
gage2,1270682622901766
gage2,1270683856836209
gage2,1270684768376206
gage2,1270684719643125
gage2,1270684708964721
gage2,1270684698015443
gage2,1270684684954768
gage2,1270683453542273
gage2,1270683259537438
gage2,1270684490684391
gage2,1270683220377532
gage2,1270683204995288
gage2,1270212183249952
gage2,1270211999484695
gage2,1270211043869606
gage2,1270210994515064
gage2,1270684136272000
gage2,1270684057374586
gage2,1270684056612067
gage2,1270685283517589
gage2,1270685284483803
gage2,1270685029523022
gage2,1270685008449546
gage2,1270685080319081
gage2,1270685082472865
gage2,1270684936885867
gage2,1270683858701073
gage2,1270682679169487
gage2,1270683813641495
gage2,1270683817512446
gage2,1270684770007057
gage2,1270684762884471
gage2,1270684735621104
gage2,1270684797147135
gage2,1270685972013436
gage2,1270684723876404
gage2,1270684664939664
gage2,1270684658233368
gage2,1270684645191294
gage2,1270684641290422
gage2,1270683388126383
gage2,1270683385465931
gage2,1270684473509827
gage2,1270684518677328
gage2,1270683206712148
gage2,1270683212905324
gage2,1270681963492425
gage2,1270681972470350
gage2,1270211065571496
gage2,1270209837378399
gage2,1270212228801032
gage2,1270212241702544
gage2,1270708537948492
gage2,1270684082292939
gage2,1270684078590313
gage2,1270686486046636
gage2,1270685246998554
gage2,1270685311376170
gage2,1270686532686337
gage2,1270686345618363
gage2,1270686293950208
gage2,1270684971643423
gage2,1270684947673730
gage2,1270685099797361
gage2,1270683887134422
gage2,1270683897372653
gage2,1270686021194591
gage2,1270686022788624
gage2,1270685902547414
gage2,1270685892963333
gage2,1270684663069728
gage2,1270684604699636
gage2,1270684625032213
gage2,1270684614574225
gage2,1270683368963384
gage2,1270683362882243
gage2,1270685720966353
gage2,1270685726576662
gage2,1270683170712733
gage2,1270683151255798
gage2,1270681951608032
gage2,1270681941357078
gage2,1270681913077505
gage2,1270681955346316
gage2,1270212363015371
gage2,1270212394824294
gage2,1270208625565512
gage2,1270685327262626
gage2,1270686520997656
gage2,1270686507194468
gage2,1270686549241632
gage2,1270686543368077
gage2,1270686368527158
gage2,1270686371360016
gage2,1270686306546375
gage2,1270686308916696
gage2,1270686218940393
gage2,1270684983736553
gage2,1270684924283356
gage2,1270686147819972
gage2,1270683892125630
gage2,1270685128054580
gage2,1270685187890765
gage2,1270686038777828
gage2,1270685976409965
gage2,1270685919050343
gage2,1270685931520170
gage2,1270685864960820
gage2,1270685848001488
gage2,1270684585153432
gage2,1270684581377425
gage2,1270685752457642
gage2,1270685757846003
gage2,1270684418640663
gage2,1270683182340311
gage2,1270683143583760
gage2,1270681883985444
gage2,1270212406052644
gage2,1270211198706244
gage2,1270213644841029
gage2,1270213609007043
gage2,1270208742765555
gage2,1270208685212096
gage2,1270685349567283
gage2,1270685405164261
gage2,1270687830468741
gage2,1270687744483038
gage2,1270686518572347
gage2,1270686575013254
gage2,1270686564695683
gage2,1270686381799318
gage2,1270686397654966
gage2,1270686321171730
gage2,1270686314116775
gage2,1270686104304178
gage2,1270685153505540
gage2,1270685146103445
gage2,1270685220392825
gage2,1270685990088083
gage2,1270686054693465
gage2,1270686068441720
gage2,1270686068731672
gage2,1270687232519389
gage2,1270687171002319
gage2,1270687185850676
gage2,1270687113149439
gage2,1270687109916400
gage2,1270685883049844
gage2,1270685882179680
gage2,1270684606188131
gage2,1270684602215201
gage2,1270687002658603
gage2,1270686992659219
gage2,1270213735379529
gage2,1270213717671713
gage2,1270211244219928
gage2,1270211309444813
gage2,1270213589098809
gage2,1270213571397023
gage2,1270216068213958
gage2,1270210064562339
gage2,1270685368021238
gage2,1270685373773291
gage2,1270685422139830
gage2,1270685428157779
gage2,1270687760479540
gage2,1270687701600029
gage2,1270687826221776
gage2,1270687844734319
gage2,1270686573757600
gage2,1270686570194273
gage2,1270686380082679
gage2,1270686392001763
gage2,1270687556253231
gage2,1270687497152003
gage2,1270686258689188
gage2,1270686248899184
gage2,1270686420588437
gage2,1270685171017393
gage2,1270685161768294
gage2,1270686464956013
gage2,1270685246134842
gage2,1270687241051757
gage2,1270686011546688
gage2,1270687322332668
gage2,1270687321607801
gage2,1270686077425981
gage2,1270687317734367
gage2,1270687360215915
gage2,1270687261521512
gage2,1270687257881599
gage2,1270687132729179
gage2,1270687138292828
gage2,1270687124708750
gage2,1270687120426397
gage2,1270685840132971
gage2,1270685775873595
gage2,1270687015658717
gage2,1270687030786535
gage2,1270213694919899
gage2,1270214914865483
gage2,1270213808624731
gage2,1270213773481046
gage2,1270211277395484
gage2,1270212546845325
gage2,1270211377415055
gage2,1270213590788096
gage2,1270213597531431
gage2,1270210090583931
gage2,1270686635330347
gage2,1270686618488017
gage2,1270686657488776
gage2,1270686669468166
gage2,1270687786390164
gage2,1270687869018402
gage2,1270689111305899
gage2,1270687617787509
gage2,1270687620609656
gage2,1270687591359955
gage2,1270687595064640
gage2,1270687505645883
gage2,1270687500812596
gage2,1270686437984191
gage2,1270687266077923
gage2,1270687265879447
gage2,1270687330696328
gage2,1270687330545947
gage2,1270687219657940
gage2,1270688386433576
gage2,1270687156639650
gage2,1270687159383253
gage2,1270687078153597
gage2,1270687083982040
gage2,1270685781515761
gage2,1270685768474088
gage2,1270688266380914
gage2,1270688272331656
gage2,1270214925181227
gage2,1270214937016449
gage2,1270214949130125
gage2,1270215073959968
gage2,1270215007553808
gage2,1270213830809955
gage2,1270213534524210
gage2,1270214785880429
gage2,1270686686428995
gage2,1270686682002777
gage2,1270687801619558
gage2,1270689051520260
gage2,1270689032275054
gage2,1270690316335501
gage2,1270690368729391
gage2,1270687628328671
gage2,1270687636954420
gage2,1270687613246158
gage2,1270688842685892
gage2,1270688849773528
gage2,1270688837383076
gage2,1270687451206283
gage2,1270687452234078
gage2,1270687340160682
gage2,1270687395448636
gage2,1270687343173409
gage2,1270687342564008
gage2,1270688407637141
gage2,1270688397749212
gage2,1270688344483005
gage2,1270688332575667
gage2,1270685806731003
gage2,1270685793453005
gage2,1270688288929505
gage2,1270688294532767
gage2,1270214962674656
gage2,1270216193507480
gage2,1270216197419134
gage2,1270216385751879
gage2,1270216342137018
gage2,1270216274642708
gage2,1270215038855030
gage2,1270213904094189
gage2,1270213502994100
gage2,1270213477726914
gage2,1270214771159117
gage2,1270214773869604
gage2,1270686639119394
gage2,1270687936130010
gage2,1270687743565934
gage2,1270689034032736
gage2,1270687719333478
gage2,1270687660610760
gage2,1270687674767064
gage2,1270687665858565
gage2,1270688832268040
gage2,1270688848048808
gage2,1270688875647718
gage2,1270688869033340
gage2,1270687466550619
gage2,1270687453664118
gage2,1270687408771054
gage2,1270688646811026
gage2,1270687374781786
gage2,1270688587394967
gage2,1270688591544607
gage2,1270687347638411
gage2,1270688579761107
gage2,1270687045237005
gage2,1270687060415271
gage2,1270685799530928
gage2,1270685792502272
gage2,1270688315048150
gage2,1270689540005370
gage2,1270689477956393
gage2,1270689477777441
gage2,1270216212984026
gage2,1270216215065319
gage2,1270216408940220
gage2,1270216443724277
gage2,1270216393120374
gage2,1270217681308605
gage2,1270217600670288
gage2,1270216288919848
gage2,1270216259993153
gage2,1270213930914018
gage2,1270213939537852
gage2,1270214771339349
gage2,1270214702214469
gage2,1270213491878901
gage2,1270214613646451
gage2,1270687912034286
gage2,1270687981084149
gage2,1270689081806414
gage2,1270688925551260
gage2,1270688910796610
gage2,1270688783408865
gage2,1270687551331243
gage2,1270688886764586
gage2,1270688867901246
gage2,1270690119552754
gage2,1270688884733510
gage2,1270688717830054
gage2,1270688642912096
gage2,1270688686486363
gage2,1270688679645651
gage2,1270688602695711
gage2,1270688598860699
gage2,1270688623212723
gage2,1270688613730662
gage2,1270687295074817
gage2,1270687288970404
gage2,1270688324604793
gage2,1270688320494918
gage2,1270685818425888
gage2,1270685808354787
gage2,1270689566228574
gage2,1270689559417436
gage2,1270689503261705
gage2,1270689484082205
gage2,1270216172302694
gage2,1270216168632778
gage2,1270217789651323
gage2,1270216471624269
gage2,1270216471575864
gage2,1270216252525222
gage2,1270216220467043
gage2,1270216225863790
gage2,1270217169240656
gage2,1270217130798751
gage2,1270687929713568
gage2,1270687861787667
gage2,1270689198604822
gage2,1270689254893427
gage2,1270690271858458
gage2,1270690264794851
gage2,1270690179594375
gage2,1270690196822112
gage2,1270688979931266
gage2,1270688943270634
gage2,1270688818971105
gage2,1270688807526223
gage2,1270688775571523
gage2,1270687547199359
gage2,1270690069623383
gage2,1270688627841590
gage2,1270688621070197
gage2,1270688632869662
gage2,1270688632313198
gage2,1270688526417702
gage2,1270688516798480
gage2,1270688356239868
gage2,1270688352624044
gage2,1270688294072938
gage2,1270688280822070
gage2,1270687065631064
gage2,1270686997706770
gage2,1270689505760566
gage2,1270689495832440
gage2,1270217416426540
gage2,1270216189976778
gage2,1270216123828455
gage2,1270216108670150
gage2,1270220323605020
gage2,1270216488914915
gage2,1270217499984429
gage2,1270217561894550
gage2,1270217482569954
gage2,1270216250171016
gage2,1270217193201832
gage2,1270217201938675
gage2,1270219671804153
gage2,1270218361398072
gage2,1270687867315740
gage2,1270690472797174
gage2,1270690473628737
gage2,1270690286781328
gage2,1270690295689437
gage2,1270690133596628
gage2,1270690134389887
gage2,1270690260049060
gage2,1270690195044477
gage2,1270688830300798
gage2,1270688817784051
gage2,1270688735930677
gage2,1270688732390270
gage2,1270689810857237
gage2,1270689859795357
gage2,1270689859445234
gage2,1270688572022821
gage2,1270688574968540
gage2,1270688636559113
gage2,1270689864784505
gage2,1270688541843395
gage2,1270688547553709
gage2,1270688521961453
gage2,1270687289668508
gage2,1270688375431873
gage2,1270688374662851
gage2,1270687030212054
gage2,1270687038651221
gage2,1270690753744939
gage2,1270689534180746
gage2,1270689524146215
gage2,1270690765354396
gage2,1270217427311591
gage2,1270217447122111
gage2,1270217355770580
gage2,1270217317459804
gage2,1270217310090200
gage2,1270707921429870
gage2,1270217820161774
gage2,1270216558600999
gage2,1270217471222015
gage2,1270218719154394
gage2,1270217566541376
gage2,1270218754112197
gage2,1270707335449400
gage2,1270690493588286
gage2,1270691734900106
gage2,1270690145503498
gage2,1270690148229459
gage2,1270690217831995
gage2,1270690159379470
gage2,1270690061727475
gage2,1270688760154829
gage2,1270689992662345
gage2,1270689828646054
gage2,1270689822496736
gage2,1270689939871162
gage2,1270688701486595
gage2,1270689899892018
gage2,1270689889924799
gage2,1270688501992575
gage2,1270688570172276
gage2,1270688462956415
gage2,1270688466796174
gage2,1270689547905753
gage2,1270688316068396
gage2,1270217387199635
gage2,1270218625948080
gage2,1270217385273666
gage2,1270217383063240
gage2,1270217376366974
gage2,1270707901939507
gage2,1270219166160628
gage2,1270219174917922
gage2,1270218825894704
gage2,1270218817809420
gage2,1270707354953249
gage2,1270707366431361
gage2,1270691660571604
gage2,1270690419424759
gage2,1270691764281678
gage2,1270690238340955
gage2,1270690227960201
gage2,1270690168087019
gage2,1270690164675150
gage2,1270689985037698
gage2,1270689984618520
gage2,1270690015226980
gage2,1270690021184087
gage2,1270689831986311
gage2,1270689831437263
gage2,1270689915439030
gage2,1270689919232564
gage2,1270689899273236
gage2,1270689898477554
gage2,1270689730084986
gage2,1270688511809607
gage2,1270688468073334
gage2,1270688484070882
gage2,1270218676655168
gage2,1270218656402136
gage2,1270218624452088
gage2,1270217332676265
gage2,1270709115323095
gage2,1270219185416822
gage2,1270220416816917
gage2,1270218824452327
gage2,1270218839430270
gage2,1270707379915652
gage2,1270691679224740
gage2,1270691684873927
gage2,1270691624016193
gage2,1270691620084132
gage2,1270691481311536
gage2,1270691490435521
gage2,1270691462918856
gage2,1270691459299161
gage2,1270691406529673
gage2,1270690167801710
gage2,1270690003916327
gage2,1270689991048900
gage2,1270689844926529
gage2,1270691088345185
gage2,1270691155114752
gage2,1270691147393173
gage2,1270689917966648
gage2,1270689917389890
gage2,1270689757654225
gage2,1270689764938153
gage2,1270689759505016
gage2,1270689814684655
gage2,1270688431809215
gage2,1270688419038275
gage2,1270219943439744
gage2,1270219917596157
gage2,1270219846112066
gage2,1270218623433597
gage2,1270710298397927
gage2,1270709107516989
gage2,1270220454651600
gage2,1270220376822992
gage2,1270218899484598
gage2,1270218846764821
gage2,1270218802423524
gage2,1270218786199818
gage2,1270708545552763
gage2,1270708546639203
gage2,1270691688736257
gage2,1270691698886777
gage2,1270691645578911
gage2,1270691567662781
gage2,1270692747536448
gage2,1270691515486410
gage2,1270691486178960
gage2,1270691414385006
gage2,1270691430058386
gage2,1270691438451223
gage2,1270691428581048
gage2,1270691401836610
gage2,1270690160239637
gage2,1270690023638414
gage2,1270690033082879
gage2,1270690013037603
gage2,1270689932586028
gage2,1270691195889059
gage2,1270691166316003
gage2,1270691156945181
gage2,1270691161784546
gage2,1270691081100130
gage2,1270691008862017
gage2,1270690947178261
gage2,1270689785219098
gage2,1270691013328692
gage2,1270689685574305
gage2,1270689669081245
gage2,1270688426588499
gage2,1270688420863738
gage2,1270219884227209
gage2,1270219867619967
gage2,1270710201100287
gage2,1270711448224677
gage2,1270708050621977
gage2,1270220365643775
gage2,1270220381600751
gage2,1270218913205473
gage2,1270220050943798
gage2,1270218862556127
gage2,1270220042684031
gage2,1270220035572381
gage2,1270708595646837
gage2,1270708594024278
gage2,1270708558872323
gage2,1270692933374492
gage2,1270691706928688
gage2,1270693037352005
gage2,1270692934303323
gage2,1270692881160638
gage2,1270692881134766
gage2,1270692814849622
gage2,1270692817502340
gage2,1270692681322697
gage2,1270692680416478
gage2,1270691440937916
gage2,1270691434399486
gage2,1270691365789477
gage2,1270690107788139
gage2,1270690095113924
gage2,1270691274936283
gage2,1270691270511879
gage2,1270691202319925
gage2,1270689960667223
gage2,1270691178644740
gage2,1270691175188639
gage2,1270691156283939
gage2,1270691131431304
gage2,1270691115762501
gage2,1270691105343120
gage2,1270691027990783
gage2,1270691025490743
gage2,1270690990874846
gage2,1270690973983446
gage2,1270689711050437
gage2,1270689713564330
gage2,1270689677796996
gage2,1270689664858775
gage2,1270688364371712
gage2,1270219899548761
gage2,1270708053018328
gage2,1270708141018844
gage2,1270220377776514
gage2,1270218917214895
gage2,1270220104523397
gage2,1270219993164108
gage2,1270220008130180
gage2,1270709843375548
gage2,1270709865275934
gage2,1270692935020219
gage2,1270692954127891
gage2,1270692903045494
gage2,1270692889925450
gage2,1270692832423246
gage2,1270692767370353
gage2,1270692697514090
gage2,1270692722573056
gage2,1270692712054364
gage2,1270692714813591
gage2,1270691450070513
gage2,1270691391844926
gage2,1270691355281853
gage2,1270691342580625
gage2,1270690097302102
gage2,1270690083816687
gage2,1270691307790642
gage2,1270691293646706
gage2,1270691234978144
gage2,1270691228024365
gage2,1270691235836592
gage2,1270691197838124
gage2,1270691193976616
gage2,1270692368452882
gage2,1270691130331424
gage2,1270691050419775
gage2,1270691062936103
gage2,1270692240850018
gage2,1270692224575232
gage2,1270690951567848
gage2,1270690957762670
gage2,1270689683527175
gage2,1270689606280652
gage2,1270707525000042
gage2,1270708057643121
gage2,1270707989380281
gage2,1270708157889824
gage2,1270709282092222
gage2,1270220342350372
gage2,1270220397221440
gage2,1270218992912571
gage2,1270220174826063
gage2,1270707723515387
gage2,1270220088819329
gage2,1270707599946479
gage2,1270692947628366
gage2,1270692866682886
gage2,1270692976788205
gage2,1270692974015101
gage2,1270692835675380
gage2,1270692773819571
gage2,1270692698322067
gage2,1270692614325684
gage2,1270692618390588
gage2,1270691377401599
gage2,1270691363959219
gage2,1270691344717382
gage2,1270691331917089
gage2,1270690099510247
gage2,1270692559562864
gage2,1270692567886826
gage2,1270692547741196
gage2,1270691321666457
gage2,1270691256007202
gage2,1270691237064443
gage2,1270692443129469
gage2,1270692437602831
gage2,1270692370889574
gage2,1270692357898391
gage2,1270692348363335
gage2,1270691070355267
gage2,1270691047974073
gage2,1270692317235006
gage2,1270692242915159
gage2,1270689625310515
gage2,1270689644528170
gage2,1270707531642097
gage2,1270707534256696
gage2,1270708012466736
gage2,1270708011842644
gage2,1270709405410843
gage2,1270707979443231
gage2,1270220226041696
gage2,1270220137323602
gage2,1270220202411792
gage2,1270707695293601
gage2,1270707682861533
gage2,1270707618605152
gage2,1270692921156290
gage2,1270692901228253
gage2,1270694214451593
gage2,1270692990072765
gage2,1270692841606871
gage2,1270692838858847
gage2,1270692726598285
gage2,1270692636264292
gage2,1270692623072972
gage2,1270692597851317
gage2,1270693828714576
gage2,1270692596002424
gage2,1270692582686025
gage2,1270692524064446
gage2,1270692492058127
gage2,1270692497441270
gage2,1270692469325143
gage2,1270692380453418
gage2,1270692392346846
gage2,1270692336600095
gage2,1270692348862273
gage2,1270692270027682
gage2,1270692244985487
gage2,1270689631337858
gage2,1270689624355863
gage2,1270707552184375
gage2,1270708021453678
gage2,1270708018400756
gage2,1270709365581730
gage2,1270709372062231
gage2,1270707978258646
gage2,1270220155959438
gage2,1270220155729922
gage2,1270707849952819
gage2,1270707627946815
gage2,1270708941761995
gage2,1270707610821614
gage2,1270707627936546
gage2,1270707621686988
gage2,1270694167044854
gage2,1270694156841166
gage2,1270694172032567
gage2,1270694230710217
gage2,1270692793033433
gage2,1270694027648802
gage2,1270694019139447
gage2,1270694081363837
gage2,1270692648476813
gage2,1270692640810862
gage2,1270692628673989
gage2,1270693837515973
gage2,1270693833613844
gage2,1270692535804724
gage2,1270692535200097
gage2,1270692522381895
gage2,1270692461331201
gage2,1270692396339068
gage2,1270692404026622
gage2,1270692347039402
gage2,1270693578187072
gage2,1270693535534363
gage2,1270693522844909
gage2,1270689642958429
gage2,1270689662966831
gage2,1270708011513518
gage2,1270709280680061
gage2,1270710599784098
gage2,1270707856608803
gage2,1270707819530798
gage2,1270708815926065
gage2,1270708812640851
gage2,1270708901855944
gage2,1270708917799006
gage2,1270707569090064
gage2,1270707542333974
gage2,1270694234532149
gage2,1270694240052549
gage2,1270692795328561
gage2,1270692792134390
gage2,1270693985751831
gage2,1270694054509195
gage2,1270694047898169
gage2,1270694043488676
gage2,1270692661318841
gage2,1270692660700347
gage2,1270693800831086
gage2,1270693794569505
gage2,1270693774248349
gage2,1270693770108248
gage2,1270693700797408
gage2,1270693716237944
gage2,1270692414734838
gage2,1270693637943182
gage2,1270693613771259
gage2,1270693603888343
gage2,1270693535116350
gage2,1270693530457703
gage2,1270689652042238
gage2,1270689638430105
gage2,1270690902328019
gage2,1270690904973960
gage2,1270708006799926
gage2,1270707967870808
gage2,1270710415759025
gage2,1270709239126548
gage2,1270710628459604
gage2,1270710624048185
gage2,1270707826869399
gage2,1270708830039091
gage2,1270710148551934
gage2,1270708773355459
gage2,1270708751095907
gage2,1270694263794376
gage2,1270694185060614
gage2,1270692797103595
gage2,1270692784969033
gage2,1270694015626929
gage2,1270693996114610
gage2,1270694065485105
gage2,1270694061396498
gage2,1270693895930984
gage2,1270693894865586
gage2,1270693815727017
gage2,1270693796230645
gage2,1270693808484386
gage2,1270693727510143
gage2,1270693720863934
gage2,1270693652419328
gage2,1270693639964238
gage2,1270693731387311
gage2,1270693551074626
gage2,1270693553310179
gage2,1270690883305341
gage2,1270690887405391
gage2,1270689566850279
gage2,1270709191589530
gage2,1270707956509957
gage2,1270709204592028
gage2,1270709141848030
gage2,1270710426965924
gage2,1270711898578514
gage2,1270711873499625
gage2,1270710568577815
gage2,1270709086242259
gage2,1270709062977635
gage2,1270710031429041
gage2,1270710092937957
gage2,1270708732684197
gage2,1270708768710785
gage2,1270694197896747
gage2,1270694193608184
gage2,1270695252912992
gage2,1270695257942174
gage2,1270695243290735
gage2,1270695232788856
gage2,1270693995109372
gage2,1270695300290411
gage2,1270693860709333
gage2,1270693842029011
gage2,1270693671377421
gage2,1270693667940867
gage2,1270693642070948
gage2,1270693636071333
gage2,1270694786575959
gage2,1270694789446672
gage2,1270693563216116
gage2,1270693561764976
gage2,1270693548900207
gage2,1270690833734072
gage2,1270689594763038
gage2,1270690910364898
gage2,1270690915611810
gage2,1270709174871553
gage2,1270709014659190
gage2,1270709028066699
gage2,1270710059985705
gage2,1270710052036189
gage2,1270709979278318
gage2,1270709983357480
gage2,1270694207428893
gage2,1270695429520286
gage2,1270695369342020
gage2,1270694140591985
gage2,1270693991211753
gage2,1270693969062964
gage2,1270693683943891
gage2,1270693685234142
gage2,1270693622366244
gage2,1270693605639335
gage2,1270694791328912
gage2,1270694801283669
gage2,1270694729214217
gage2,1270693496691865
gage2,1270690848900916
gage2,1270690841644130
gage2,1270690939593523
gage2,1270690938731702
gage2,1270710416392383
gage2,1270710416038370
gage2,1270710215128836
gage2,1270710215559033
gage2,1270710075398267
gage2,1270710012167972
gage2,1270710005360549
gage2,1270695452198004
gage2,1270695442088924
gage2,1270695397744751
gage2,1270695387705621
gage2,1270695373872442
gage2,1270694139118129
gage2,1270693916558802
gage2,1270693931804294
gage2,1270694945425410
gage2,1270694854211872
gage2,1270694985894706
gage2,1270693757304514
gage2,1270693627313769
gage2,1270693618232713
gage2,1270694820120384
gage2,1270694767948216
gage2,1270694747410712
gage2,1270694736895941
gage2,1270690858657685
gage2,1270690809501225
gage2,1270690785836278
gage2,1270690778927312
gage2,1270692184091258
gage2,1270692184812803
gage2,1270710386549667
gage2,1270710168962558
gage2,1270710178719846
gage2,1270711237695925
gage2,1270695468391187
gage2,1270695523359709
gage2,1270695476331553
gage2,1270695453885762
gage2,1270696642882309
gage2,1270695422605487
gage2,1270695412486847
gage2,1270695393261580
gage2,1270694122521341
gage2,1270695360335335
gage2,1270693946763017
gage2,1270693942537073
gage2,1270694875520451
gage2,1270694876027842
gage2,1270696024927705
gage2,1270696030299897
gage2,1270694779080246
gage2,1270694765430038
gage2,1270690869046513
gage2,1270692097168719
gage2,1270692049784376
gage2,1270690810519566
gage2,1270692206078728
gage2,1270692199368438
gage2,1270711567462857
gage2,1270710332787979
gage2,1270710181569337
gage2,1270710177609066
gage2,1270696716744874
gage2,1270695483545334
gage2,1270696727094426
gage2,1270696662249040
gage2,1270696661995529
gage2,1270696660668995
gage2,1270696657180075
gage2,1270695417755038
gage2,1270695359307477
gage2,1270695314704771
gage2,1270695187687444
gage2,1270695171620347
gage2,1270694892087017
gage2,1270694887807839
gage2,1270697289816554
gage2,1270696060876958
gage2,1270696013608787
gage2,1270696013072748
gage2,1270692107984443
gage2,1270692098621592
gage2,1270692068393027
gage2,1270692067207745
gage2,1270693467003828
gage2,1270693440694569
gage2,1270711563734269
gage2,1270711371124392
gage2,1270710118334124
gage2,1270696744528503
gage2,1270696725282178
gage2,1270696675011643
gage2,1270696679982330
gage2,1270696666554065
gage2,1270696656577397
gage2,1270696600174639
gage2,1270695326209472
gage2,1270695319268410
gage2,1270695148708697
gage2,1270695210655384
gage2,1270695128938184
gage2,1270695118489995
gage2,1270694911536464
gage2,1270694844542448
gage2,1270696132131942
gage2,1270695989596455
gage2,1270695973130689
gage2,1270692127338266
gage2,1270692126480035
gage2,1270692086710546
gage2,1270692025056251
gage2,1270696766466404
gage2,1270696759722680
gage2,1270696703128550
gage2,1270696690769631
gage2,1270696623657578
gage2,1270696619453863
gage2,1270695337773767
gage2,1270695358112747
gage2,1270695167125079
gage2,1270695226096551
gage2,1270696456822831
gage2,1270695205752488
gage2,1270695147449316
gage2,1270695146451498
gage2,1270696133951680
gage2,1270696160954549
gage2,1270696089000079
gage2,1270695991736757
gage2,1270692155909535
gage2,1270692155170701
gage2,1270692141751282
gage2,1270692138095640
gage2,1270693335002987
gage2,1270693322502197
gage2,1270698001748403
gage2,1270697988141266
gage2,1270697933565590
gage2,1270697927593675
gage2,1270697873157718
gage2,1270697860967478
gage2,1270696514121602
gage2,1270695284967097
gage2,1270696599450696
gage2,1270696595731527
gage2,1270696405001178
gage2,1270696398088768
gage2,1270696461517094
gage2,1270696479411678
gage2,1270695071937262
gage2,1270695129728910
gage2,1270696153051151
gage2,1270696199008125
gage2,1270696185832715
gage2,1270697412475065
gage2,1270696110852306
gage2,1270696106144712
gage2,1270693391498950
gage2,1270693404506838
gage2,1270692157321393
gage2,1270692092528465
gage2,1270693360417379
gage2,1270693295642379
gage2,1270698045720282
gage2,1270698023650635
gage2,1270697942010667
gage2,1270697990519735
gage2,1270697895707289
gage2,1270697904531367
gage2,1270696539610419
gage2,1270696554970427
gage2,1270696512682280
gage2,1270696430659329
gage2,1270696429989116
gage2,1270696393879899
gage2,1270695165275909
gage2,1270696471372174
gage2,1270696175449105
gage2,1270696178582183
gage2,1270696237151123
gage2,1270696191818802
gage2,1270696216138382
gage2,1270696212655407
gage2,1270697427286455
gage2,1270697363057486
gage2,1270697367680125
gage2,1270696125619942
gage2,1270693389273544
gage2,1270693327638726
gage2,1270693308399307
gage2,1270693304684056
gage2,1270699283332892
gage2,1270699234713277
gage2,1270697960296806
gage2,1270697947114966
gage2,1270696553188038
gage2,1270696555666866
gage2,1270697808610114
gage2,1270697801714368
gage2,1270697669509293
gage2,1270697665657488
gage2,1270697664420598
gage2,1270696371005329
gage2,1270696348279977
gage2,1270696335803918
gage2,1270695100472157
gage2,1270695097232791
gage2,1270696484587978
gage2,1270696487182410
gage2,1270696237934073
gage2,1270697379140620
gage2,1270697372713315
gage2,1270697395749278
gage2,1270697292637821
gage2,1270697282130030
gage2,1270693340682851
gage2,1270693339746163
gage2,1270694540337365
gage2,1270694545932785
gage2,1270699210978842
gage2,1270697969008576
gage2,1270697801277596
gage2,1270696572459677
gage2,1270697766235177
gage2,1270697762486390
gage2,1270697682540329
gage2,1270697741065543
gage2,1270697683959917
gage2,1270697683274563
gage2,1270696353885361
gage2,1270696343391756
gage2,1270695093489492
gage2,1270695101771138
gage2,1270696505972174
gage2,1270697465622821
gage2,1270697397717518
gage2,1270697314916020
gage2,1270697310577082
gage2,1270693353547097
gage2,1270693405738809
gage2,1270697981209704
gage2,1270697971266879
gage2,1270697829917465
gage2,1270697838575684
gage2,1270697840425697
gage2,1270699016786068
gage2,1270697692153420
gage2,1270697753991237
gage2,1270697631932434
gage2,1270697631541041
gage2,1270696375369544
gage2,1270696361917396
gage2,1270696307165396
gage2,1270695089670322
gage2,1270695076825045
gage2,1270696274154820
gage2,1270695035634057
gage2,1270698704869364
gage2,1270698695035761
gage2,1270698651397321
gage2,1270698629388198
gage2,1270697337154222
gage2,1270697336382330
gage2,1270697328290924
gage2,1270697251191922
gage2,1270693375413815
gage2,1270693368887146
gage2,1270693422250513
gage2,1270693412667911
gage2,1270699203307461
gage2,1270699155043967
gage2,1270697897720574
gage2,1270699052396259
gage2,1270699110527321
gage2,1270697704391983
gage2,1270697721503046
gage2,1270697650055340
gage2,1270697630304255
gage2,1270697600274685
gage2,1270696316330969
gage2,1270695063352867
gage2,1270695072336204
gage2,1270696266888338
gage2,1270696266085754
gage2,1270698683595194
gage2,1270698676616640
gage2,1270698637506312
gage2,1270698647795835
gage2,1270698574494181
gage2,1270698561498724
gage2,1270694610039646
gage2,1270694606492153
gage2,1270693428567190
gage2,1270693426093884
gage2,1270699148264090
gage2,1270699137974839
gage2,1270699173649218
gage2,1270699177591164
gage2,1270697712934436
gage2,1270698945675275
gage2,1270699021646394
gage2,1270699034251640
gage2,1270698893003853
gage2,1270698880883407
gage2,1270697645362156
gage2,1270697586987860
gage2,1270697551080688
gage2,1270697537943130
gage2,1270695010524754
gage2,1270695003847182
gage2,1270696216823216
gage2,1270698581795151
gage2,1270698578692209
gage2,1270698662880634
gage2,1270698601374182
gage2,1270698577022393
gage2,1270698566958855
gage2,1270694625230256
gage2,1270694618146854
gage2,1270694680063827
gage2,1270694663131450
gage2,1270699159550563
gage2,1270699155376005
gage2,1270700483782541
gage2,1270700424815827
gage2,1270698892623634
gage2,1270697663988743
gage2,1270698971428467
gage2,1270698977598851
gage2,1270698853727383
gage2,1270698850137278
gage2,1270697599180083
gage2,1270697595801342
gage2,1270697562796683
gage2,1270696314871517
gage2,1270698675578999
gage2,1270698623371892
gage2,1270698609567139
gage2,1270698600206855
gage2,1270698598898285
gage2,1270698540555204
gage2,1270694643268489
gage2,1270694566212904
gage2,1270694685255455
gage2,1270694617562027
gage2,1270699177946832
gage2,1270699109412120
gage2,1270700521995601
gage2,1270700503795832
gage2,1270698911295351
gage2,1270698898273413
gage2,1270700225755825
gage2,1270698981866885
gage2,1270698861699476
gage2,1270698851756404
gage2,1270698816558947
gage2,1270698826906070
gage2,1270696314553315
gage2,1270696305096718
gage2,1270699910503373
gage2,1270699877555373
gage2,1270699850709416
gage2,1270699844154906
gage2,1270695813656869
gage2,1270694577615958
gage2,1270694710737793
gage2,1270694639697570
gage2,1270700419503726
gage2,1270700354695205
gage2,1270698924026230
gage2,1270698985600012
gage2,1270698998398525
gage2,1270699007574328
gage2,1270698802247735
gage2,1270698795425631
gage2,1270697539267962
gage2,1270696252310518
gage2,1270696307278033
gage2,1270699817457832
gage2,1270699800838978
gage2,1270695949507271
gage2,1270694655720623
gage2,1270695877478056
gage2,1270700396788026
gage2,1270700383132205
gage2,1270698943349080
gage2,1270698923973172
gage2,1270699066208308
gage2,1270699063181268
gage2,1270698781739169
gage2,1270697484597498
gage2,1270697506657418
gage2,1270697486367002
gage2,1270697476498297
gage2,1270695906622951
gage2,1270695905576346
gage2,1270700408429751
gage2,1270700408040077
gage2,1270700394857147
gage2,1270700188520102
gage2,1270700194547297
gage2,1270698942747498
gage2,1270698926123282
gage2,1270700296283978
gage2,1270700301984198
gage2,1270698754052300
gage2,1270697502432075
gage2,1270697501698387
gage2,1270700260116283
gage2,1270700272593709
gage2,1270701454895950
gage2,1270701446133906
gage2,1270700167292056
gage2,1270700312621964
gage2,1270700310128191
gage2,1270697524103002
gage2,1270697520203347
gage2,1270700273583644
gage2,1270700274134927
gage2,1270701511771345
gage2,1270701517666441
gage2,1270701456825058
gage2,1270701477843807
gage2,1270701536550735
gage2,1270700121490172
gage2,1270700102268596
gage2,1270700315997836
gage2,1270700329309913
gage2,1270698706510932
gage2,1270698690328602
gage2,1270700284173322
gage2,1270700345791688
gage2,1270701522632440
gage2,1270701524903804
gage2,1270701493848958
gage2,1270701489252295
gage2,1270701549060198
gage2,1270700149629619
gage2,1270700140070555
gage2,1270700100789356
gage2,1270698875983250
gage2,1270700341302240
gage2,1270700318691050
gage2,1270698728370265
gage2,1270698749303097
gage2,1270701600228101
gage2,1270701587394933
gage2,1270701537717512
gage2,1270701548215312
gage2,1270701503431213
gage2,1270702722079885
gage2,1270702723208031
gage2,1270701436268586
gage2,1270701394788242
gage2,1270701406808045
gage2,1270700139002056
gage2,1270701378031189
gage2,1270700109284990
gage2,1270700034097769
gage2,1270701580243003
gage2,1270701595913785
gage2,1270701567055451
gage2,1270701563244530
gage2,1270702794188549
gage2,1270702739077550
gage2,1270702743885939
gage2,1270702733901999
gage2,1270702671972010
gage2,1270702670881462
gage2,1270701420049371
gage2,1270700144634956
gage2,1270700069621726
gage2,1270701402618337
gage2,1270701399003791
gage2,1270699980103897
gage2,1270700035495358
gage2,1270702867205573
gage2,1270702812181644
gage2,1270702820480628
gage2,1270702804732551
gage2,1270702762787124
gage2,1270702754194684
gage2,1270702690102965
gage2,1270702715908134
gage2,1270700154314043
gage2,1270700150407665
gage2,1270700064798926
gage2,1270700080794375
gage2,1270700032053079
gage2,1270702833741348
gage2,1270702830946028
gage2,1270704006908184
gage2,1270704007784152
gage2,1270704002433396
gage2,1270702773143178
gage2,1270702702059237
gage2,1270702679318919
gage2,1270703975714639
gage2,1270703978411641
gage2,1270701314483916
gage2,1270701324312698
gage2,1270700093199766
gage2,1270701319135112
gage2,1270702843465254
gage2,1270702840856279
gage2,1270704033450189
gage2,1270704023998600
gage2,1270704032370776
gage2,1270704093133223
gage2,1270704018403494
gage2,1270702713910436
gage2,1270702642827427
gage2,1270703987974190
gage2,1270701365017752
gage2,1270701359616709
gage2,1270701253686809
gage2,1270700018230155
gage2,1270701334871912
gage2,1270701328297125
gage2,1270704082290071
gage2,1270704071920867
gage2,1270704043118490
gage2,1270704047588360
gage2,1270703878154991
gage2,1270703887049708
gage2,1270702651416658
gage2,1270702654101134
gage2,1270701278466164
gage2,1270701271590521
gage2,1270701354006955
gage2,1270701289581959
gage2,1270704062087508
gage2,1270704056294705
gage2,1270703948858214
gage2,1270703891030316
gage2,1270703915888609
gage2,1270703927202158
gage2,1270701186879467
gage2,1270701270443696
gage2,1270702595599075
gage2,1270702530383802
gage2,1270705283214422
gage2,1270703992993141
gage2,1270705290696885
gage2,1270705294395539
gage2,1270705106612242
gage2,1270705099754595
gage2,1270699948119465
gage2,1270699940952998
gage2,1270701212323084
gage2,1270701231553369
gage2,1270702619100337
gage2,1270702612718380
gage2,1270702555567720
gage2,1270702551820145
gage2,1270705227690435
gage2,1270705243845869
gage2,1270705319431946
gage2,1270705313326209
gage2,1270705121587804
gage2,1270701207958877
gage2,1270701198492061
gage2,1270702473224542
gage2,1270702472638886
gage2,1270702581756963
gage2,1270702575916009
gage2,1270702580143600
gage2,1270702573114791
gage2,1270705239139605
gage2,1270705229354206
gage2,1270705266287853
gage2,1270705266087186
gage2,1270705326373383
gage2,1270705320749584
gage2,1270701239272702
gage2,1270701232645479
gage2,1270701193795450
gage2,1270699958534165
gage2,1270703824594442
gage2,1270702590157350
gage2,1270703759830729
gage2,1270703758352458
gage2,1270705196592510
gage2,1270705189607109
gage2,1270705172913171
gage2,1270705154777021
gage2,1270706510968083
gage2,1270706500783025
gage2,1270706564629275
gage2,1270705333056453
gage2,1270706568338047
gage2,1270705398718171
gage2,1270705389459196
gage2,1270702481513101
gage2,1270702464304051
gage2,1270701151599535
gage2,1270701131992984
gage2,1270703853645530
gage2,1270703791698108
gage2,1270703829691427
gage2,1270705208964088
gage2,1270706441137652
gage2,1270705126284975
gage2,1270705174763042
gage2,1270706535633395
gage2,1270706525287700
gage2,1270706586263758
gage2,1270706582587895
gage2,1270706603392159
gage2,1270706584924509
gage2,1270702496688185
gage2,1270702434733936
gage2,1270701179767543
gage2,1270701163460289
gage2,1270701147252861
gage2,1270701143056633
gage2,1270705030140253
gage2,1270705098377064
gage2,1270706452826106
gage2,1270706433360282
gage2,1270706473381895
gage2,1270706482483432
gage2,1270702453669712
gage2,1270702450349986
gage2,1270702414081115
gage2,1270702404876841
gage2,1270701178469053
gage2,1270701165578728
gage2,1270705036139472
gage2,1270705026156635
gage2,1270706484329828
gage2,1270706471321836
gage2,1270706396656876
gage2,1270706377501389
gage2,1270703685468858
gage2,1270702452526513
gage2,1270705055514439
gage2,1270705045160595
gage2,1270705044072751
gage2,1270703802780356
gage2,1271194063778316
gage2,1270706421271826
gage2,1270706408409807
gage2,1270706382617920
gage2,1270705150451312
gage2,1270703714042547
gage2,1270703700152709
gage2,1270705139307219
gage2,1270705136536884
gage2,1270705054820307
gage2,1270705063542150
gage2,1271194107402295
gage2,1271194093922886
gage2,1271194059124036
gage2,1270706397181634
gage2,1270706381891762
gage2,1270705077646477
gage2,1270705076929888
gage2,1270705079188160
gage2,1270705081672392
gage2,1271194074342320
gage2,1271194012572858
gage2,1270706357790330
gage2,1270706348222683
gage2,1270706331744207
gage2,1270706316041516
gage2,1270706255947414
gage2,1270172170816706
gage2,1270172209868144
gage2,1270172209382622
gage2,1270173442465567
gage2,1270172222713055
gage2,1270173464357636
gage2,1270173463320811
gage2,1270173483572432
gage2,1270173468472286
gage2,1270174734635341
gage2,1270174813387113
gage2,1270173559257844
gage2,1270176001456010
gage2,1270176091636306
gage2,1270176084974012
gage2,1270174827740286
gage2,1270176021189628
gage2,1270176089041198
gage2,1270176144864587
gage2,1270176122108225
gage2,1270176043094598
gage2,1270176182964344
gage2,1270176173574306
gage2,1270176254624250
gage2,1270177390719273
gage2,1270177381986888
gage2,1270177293811710
gage2,1270176061485996
gage2,1270177597301864
gage2,1270177535841055
gage2,1270178636704650
gage2,1270177316161160
gage2,1270177312929056
gage2,1270178786783666
gage2,1270178770553257
gage2,1270178661571063
gage2,1270178654820899
gage2,1270177328602968
gage2,1270178808629067
gage2,1270178855789822
gage2,1270178686300871
gage2,1270178678945524
gage2,1270154194448359
gage2,1270180071310699
gage2,1270178879985359
gage2,1270178916808537
gage2,1270178592080728
gage2,1270181328161811
gage2,1270181257505142
gage2,1270180216006266
gage2,1270180139303949
gage2,1270177717581694
gage2,1270178949340431
gage2,1270178602420914
gage2,1270178589393991
gage2,1270181353740495
gage2,1270180017490024
gage2,1270181558616527
gage2,1270181492507605
gage2,1270181482149990
gage2,1270179064685822
gage2,1270181306881901
gage2,1270181274471822
gage2,1270182786728294
gage2,1270181612855707
gage2,1270182727330870
gage2,1270181429515976
gage2,1270180381585716
gage2,1270181283516334
gage2,1270181231431262
gage2,1270182861547543
gage2,1270182851826971
gage2,1270182743803187
gage2,1270182687340546
gage2,1270182746396926
gage2,1270181434931335
gage2,1270182879584536
gage2,1270184004942567
gage2,1270182763899487
gage2,1270183953981271
gage2,1270182669251738
gage2,1270182942225107
gage2,1270184049947497
gage2,1270182828807020
gage2,1270182616202907
gage2,1270182632767674
gage2,1270182955799171
gage2,1270182946271884
gage2,1270184059367823
gage2,1270184138986899
gage2,1270182630838644
gage2,1270182614748133
gage2,1270182652554446
gage2,1270183873636005
gage2,1270184207558016
gage2,1270185344174602
gage2,1270185291454622
gage2,1270185474283386
gage2,1270182559374003
gage2,1270183949700387
gage2,1270183902329075
gage2,1270183888117604
gage2,1270183896433711
gage2,1270184298280423
gage2,1270185368513918
gage2,1270185323393290
gage2,1270185307081425
gage2,1270183927935756
gage2,1270183924041031
gage2,1270183984153504
gage2,1270184305000364
gage2,1270186575787658
gage2,1270186561142409
gage2,1270185244182469
gage2,1270184305973594
gage2,1270184315314594
gage2,1270186651402593
gage2,1270186583133176
gage2,1270186514661076
gage2,1270185538947313
gage2,1270186606107326
gage2,1270187840342140
gage2,1270186516474734
gage2,1270186619683584
gage2,1270187875991904
gage2,1270187868848053
gage2,1270186482438906
gage2,1270185277594297
gage2,1270187904058160
gage2,1270186672607948
gage2,1270187888115769
gage2,1270187817113297
gage2,1270187752816363
gage2,1270187745640976
gage2,1270185205755026
gage2,1270185196443621
gage2,1270187923950262
gage2,1270187858575004
gage2,1270187898901330
gage2,1270187886425652
gage2,1270187838790949
gage2,1270187828203524
gage2,1270187760961585
gage2,1270187751337902
gage2,1270186440140446
gage2,1270185176913449
gage2,1270187950517366
gage2,1270187958581007
gage2,1270189077398689
gage2,1270189080090445
gage2,1270189069005029
gage2,1270187702282812
gage2,1270187770315929
gage2,1270186448341886
gage2,1270189128624480
gage2,1270189023911576
gage2,1270189012916253
gage2,1270189154054818
gage2,1270189140074624
gage2,1270189036366206
gage2,1270189102145434
gage2,1270189041867392
gage2,1270190276380621
gage2,1270189050091650
gage2,1270190290128556
gage2,1270190295148381
gage2,1270188991284847
gage2,1270188984455885
gage2,1270190220068114
gage2,1270190216253085
gage2,1270190249146063
gage2,1270190235463162
gage2,1270188982531103
gage2,1270190271616479
gage2,1270190265022679
gage2,1270190260934975
gage2,1270190244338730
gage2,1270190151649422
gage2,1270188916261866
gage2,1270191574546690
gage2,1270191516215888
gage2,1270190265667758
gage2,1270190246431087
gage2,1270190108172266
gage2,1270190089151220
gage2,1270188863890259
gage2,1270191581960025
gage2,1270191596867950
gage2,1270191544229625
gage2,1270191452245974
gage2,1270191439096184
gage2,1270190197460853
gage2,1270190190580433
gage2,1270190127343899
gage2,1270190094115634
gage2,1270191592173295
gage2,1270191613036502
gage2,1270190195933532
gage2,1270192855663347
gage2,1270192857948621
gage2,1270190205504084
gage2,1075124769998352
gage2,1075124787687620
gage2,1075124777953643
gage2,1075124788953350
gage2,1075116126249484
gage2,1075116126500635
gage2,1075116129311914
gage2,1075106355168235
gage2,1073607623015240
gage2,1073606332772089
gage2,1074620534236158
gage2,1074624480164850
gage2,1074628314181596
gage2,1074628320768067
gage2,1074628323992657
gage2,1074628330295693
gage2,1074628337257833
gage2,1075127082320327
gage2,1075127221715510
gage2,1075128492487143
gage2,1075128476396848
gage2,1075129805183211
gage2,1075129801856725
gage2,1075129821786264
gage2,1075129766348676
gage2,1075127133760961
gage2,1075127159566706
gage2,1075128421257743
gage2,1075127272415133
gage2,1075127223548012
gage2,1075128484407851
gage2,1075128481114128
gage2,1075128500721545
gage2,1075128503302672
gage2,1075127191774590
gage2,1075127253320457
gage2,1075127259285948
gage2,1075127242848241
gage2,1075124723166456
gage2,1075124719942590
gage2,1075124778922438
gage2,1075124775644756
gage2,1075124754338240
gage2,1075124832735485
gage2,1075127225303190
gage2,1075127316104838
gage2,1075127216545801
gage2,1075128461588010
gage2,1075128458218879
gage2,1075127206416162
gage2,1075127214583517
gage2,1075127151044271
gage2,1075128389953209
gage2,1075128422153000
gage2,1075127195402097
gage2,1075126032840095
gage2,1075126027843850
gage2,1075124798872714
gage2,1075124774310034
gage2,1075126104944584
gage2,1075124862753015
gage2,1075126165168623
gage2,1075126145488085
gage2,1075124829920172
gage2,1075124753949107
gage2,1075124767471883
gage2,1075124757505191
gage2,1075124806946349
gage2,1075124803386877
gage2,1075124804920730
gage2,1075123579001925
gage2,1075123578051922
gage2,1075123571930861
gage2,1075123568684228
gage2,1075123559206964
gage2,1075123536133998
gage2,1075127260525424
gage2,1075127324859220
gage2,1075127279790080
gage2,1075127331827841
gage2,1075127332741092
gage2,1075127345103238
gage2,1075127348503088
gage2,1075127401642740
gage2,1075126206683021
gage2,1075128587905594
gage2,1075128590402630
gage2,1075128640908039
gage2,1075127405962388
gage2,1075128607404717
gage2,1075128665912503
gage2,1075128616461024
gage2,1075128615670308
gage2,1075128658104619
gage2,1075128716828108
gage2,1075127410133336
gage2,1075127407345430
gage2,1075129943099952
gage2,1075128613739120
gage2,1075128670374519
gage2,1075128679640510
gage2,1075128638016973
gage2,1075129857588788
gage2,1075128667992974
gage2,1075128726575262
gage2,1075128748784228
gage2,1075128731692498
gage2,1075127481860321
gage2,1075127473011852
gage2,1075131318953264
gage2,1075131242867855
gage2,1075128696645898
gage2,1075128687561428
gage2,1075129967774886
gage2,1075128696020505
gage2,1075129883226770
gage2,1075129863494417
gage2,1075128753361486
gage2,1075127478145929
gage2,1075127481129864
gage2,1075132609225365
gage2,1075132503225941
gage2,1075132490307756
gage2,1075128702628224
gage2,1075128699627532
gage2,1075129918526233
gage2,1075129895507041
gage2,1075127548822912
gage2,1075132522626229
gage2,1075132505830209
gage2,1075128699835721
gage2,1075129922047021
gage2,1075132538840074
gage2,1075132529187514
gage2,1075130024335413
gage2,1075129922189368
gage2,1075133767806968
gage2,1075133780900093
gage2,1075133767589654
gage2,1075133774400707
gage2,1075133806929058
gage2,1075133800240783
gage2,1075133820349786
gage2,1075126055728562
gage2,1075123468799131
gage2,1075105175490699
gage2,1075102683961055
gage2,1075105181254950
gage2,1075105198017573
gage2,1075105197465674
gage2,1075105210973689
gage2,1075105166754658
gage2,1075105164100908
gage2,1075103928471342
gage2,1075103916578537
gage2,1075103877912501
gage2,1075105185429701
gage2,1075105175982358
gage2,1075105169462139
gage2,1075105116793580
gage2,1075102639910746
gage2,1075102694950558
gage2,1075102652308658
gage2,1074154025325073
gage2,1074155266092487
gage2,1074155287337013
gage2,1074155287026833
gage2,1074155270874648
gage2,1074155250831531
gage2,1074155289742374
gage2,1074154039154246
gage2,1074156506963969
gage2,1074156490267089
gage2,1074155230908014
gage2,1074155221790064
gage2,1074154023235246
gage2,1074154039498544
gage2,1074156427714335
gage2,1074155186266397
gage2,1074154006840680
gage2,1074156433155904
gage2,1074156420299059
gage2,1074155138496723
gage2,1074155151940248
gage2,1074156446400144
gage2,1074156448792752
gage2,1074155197188616
gage2,1074155197386015
gage2,1074155146819362
gage2,1074153906950787
gage2,1074153909652714
gage2,1074156402766342
gage2,1074156473889002
gage2,1074155187223948
gage2,1074153908434043
gage2,1074153896561764
gage2,1074156402373467
gage2,1074156407687682
gage2,1074157709610936
gage2,1074157722020749
gage2,1074155118928872
gage2,1074155116192985
gage2,1074153881119774
gage2,1074153883552957
gage2,1074156414579724
gage2,1074156414496798
gage2,1074156412871731
gage2,1074156390473425
gage2,1074155102562333
gage2,1074153923248990
gage2,1074153876329616
gage2,1074153882333391
gage2,1074157656140268
gage2,1074157656258017
gage2,1074157602500934
gage2,1074152694754641
gage2,1074152451099259
gage2,1074153869521256
gage2,1074153820507486
gage2,1074157672102092
gage2,1074157691864289
gage2,1074157675760927
gage2,1074157630478124
gage2,1074152685392233
gage2,1074151126995680
gage2,1074151052874304
gage2,1074153801173841
gage2,1074152575726326
gage2,1074158920200793
gage2,1074158926593963
gage2,1074157691871183
gage2,1074157679368896
gage2,1074158861982274
gage2,1074152620596744
gage2,1074152676172981
gage2,1074151142878479
gage2,1074151139248777
gage2,1074150979489262
gage2,1073663294131117
gage2,1074158929203547
gage2,1074158939118898
gage2,1074158858205591
gage2,1074152654201938
gage2,1074151103279693
gage2,1073663218894295
gage2,1074158957697922
gage2,1074158931906691
gage2,1074158861395120
gage2,1074150870365028
gage2,1073663208151258
gage2,1074160198591574
gage2,1074160198595241
gage2,1074158874360931
gage2,1074158874001975
gage2,1074150969608416
gage2,1073663143094556
gage2,1073663190787248
gage2,1074160217903119
gage2,1074150970809627
gage2,1074150964955973
gage2,1074150736632538
gage2,1073663042374160
gage2,1073661797974767
gage2,1074160240219358
gage2,1074150703426407
gage2,1073662915604507
gage2,1073660483479869
gage2,1074160191929857
gage2,1074161413388181
gage2,1074152031137437
gage2,1074151923085405
gage2,1074151976246362
gage2,1073661524067346
gage2,1073661566218825
gage2,1073659165162484
gage2,1073659210783607
gage2,1074161420246236
gage2,1074161408411967
gage2,1074153352698849
gage2,1074153108827185
gage2,1074153203452736
gage2,1074153331644968
gage2,1074153256186346
gage2,1073660212558876
gage2,1073638343076974
gage2,1073638367457492
gage2,1074150409207285
gage2,1073657759977128
gage2,1073659029504703
gage2,1073658013156358
gage2,1073657951432805
gage2,1074161429255711
gage2,1074161352933935
gage2,1074161346798342
gage2,1074153038668281
gage2,1074154403651107
gage2,1074154575046649
gage2,1074154504284195
gage2,1074154519033425
gage2,1073638162407835
gage2,1073638328359771
gage2,1073657711937214
gage2,1073658959011855
gage2,1073657922510301
gage2,1074161444829211
gage2,1074161345821791
gage2,1074155606618322
gage2,1074154365705018
gage2,1074154640288411
gage2,1074153392600595
gage2,1074154539739203
gage2,1074155782439276
gage2,1073638108326144
gage2,1073638185871826
gage2,1074125954059112
gage2,1073657670066176
gage2,1073658895123166
gage2,1073656684030716
gage2,1074161454521201
gage2,1074160126310276
gage2,1074155560037655
gage2,1074155547790625
gage2,1074154354508891
gage2,1074154356765551
gage2,1074154641775746
gage2,1074154663680315
gage2,1074153361901885
gage2,1074154549590396
gage2,1074155714057245
gage2,1074155798545817
gage2,1073638093774407
gage2,1073638116533378
gage2,1074125787677258
gage2,1074125963608951
gage2,1073656506406427
gage2,1073658893433143
gage2,1073657662636552
gage2,1073656655499540
gage2,1074162696099062
gage2,1074160126128790
gage2,1074160119411785
gage2,1074155579323172
gage2,1074155572164498
gage2,1074155540218221
gage2,1074155547284170
gage2,1074154390689011
gage2,1074154704003545
gage2,1074153359531464
gage2,1074152124100455
gage2,1074154559470515
gage2,1074154419077168
gage2,1074155740343301
gage2,1074155771362001
gage2,1073636789741013
gage2,1073638050594022
gage2,1074126982205657
gage2,1074127066346712
gage2,1074126008052958
gage2,1073657693632397
gage2,1074160118728029
gage2,1074160105993754
gage2,1074156812604044
gage2,1074155645277055
gage2,1074156800414476
gage2,1074155578130575
gage2,1074131157654939
gage2,1074154369123542
gage2,1074154710879925
gage2,1074152127766584
gage2,1074152185660798
gage2,1074152105592541
gage2,1074155797379283
gage2,1074155843640818
gage2,1074154431015576
gage2,1074154430757101
gage2,1074157038493115
gage2,1073636775707759
gage2,1073638068396409
gage2,1073638058560644
gage2,1074126999835616
gage2,1074127003542134
gage2,1074127032540170
gage2,1074127027681098
gage2,1074127214196667
gage2,1074160044740677
gage2,1074160038039240
gage2,1074160028786447
gage2,1074156883227006
gage2,1074156824684689
gage2,1074155633544995
gage2,1074132438157310
gage2,1074156819337611
gage2,1074131160143996
gage2,1074154724193396
gage2,1074154734005510
gage2,1074153411420328
gage2,1074152186701469
gage2,1074152170390620
gage2,1074157066204335
gage2,1074155822028677
gage2,1074155877055193
gage2,1074155656180374
gage2,1074155655223397
gage2,1074158273150804
gage2,1074158273917357
gage2,1073636777649526
gage2,1073636781355996
gage2,1074125644303082
gage2,1074125722725860
gage2,1073638006185074
gage2,1073637986433893
gage2,1074126949702977
gage2,1074126998838754
gage2,1074128199199606
gage2,1074128408650949
gage2,1074160018517696
gage2,1074132450837430
gage2,1074156839121764
gage2,1074132463543248
gage2,1074154749396989
gage2,1074154746687132
gage2,1074152190652227
gage2,1074152188505612
gage2,1074157067685142
gage2,1074155829794020
gage2,1074157207568626
gage2,1074157141359528
gage2,1074155671810002
gage2,1074158295162005
gage2,1074158278621517
gage2,1074158293693488
gage2,1073636720089926
gage2,1073636725579739
gage2,1074125671607784
gage2,1074125664791787
gage2,1074125747208428
gage2,1074125640008035
gage2,1073638004929916
gage2,1074128410728531
gage2,1074128388396535
gage2,1074133710784645
gage2,1074133702089172
gage2,1074133700777178
gage2,1074157096787476
gage2,1074155882365170
gage2,1074155901567658
gage2,1074155696394678
gage2,1074158259148871
gage2,1074158258814602
gage2,1074158303647431
gage2,1073637894804850
gage2,1074128348713831
gage2,1074127158619698
gage2,1074127148878633
gage2,1074133738422426
gage2,1074133722511967
gage2,1074156860824531
gage2,1074157171682255
gage2,1074157156135325
gage2,1074155876565450
gage2,1074156876472707
gage2,1074156876048183
gage2,1074159552216040
gage2,1074158268019463
gage2,1074158368101635
gage2,1074158313264594
gage2,1073637839116397
gage2,1073637921794441
gage2,1074128356987924
gage2,1074128344768343
gage2,1074133757992908
gage2,1074133754632850
gage2,1074133744135482
gage2,1074157182288600
gage2,1074157170146990
gage2,1074156982620229
gage2,1074159496608040
gage2,1074158269810070
gage2,1074158381343721
gage2,1074158368910288
gage2,1074159555112155
gage2,1074159560580075
gage2,1073637856607775
gage2,1073637833826167
gage2,1074128372203968
gage2,1074134976971268
gage2,1074134989475762
gage2,1074158177398940
gage2,1074158182283102
gage2,1074159519252899
gage2,1074159511632334
gage2,1074158200856889
gage2,1074158187960723
gage2,1074158376153734
gage2,1074159648561165
gage2,1074125517049353
gage2,1073637784290898
gage2,1073637771127086
gage2,1074128374516554
gage2,1074135000235794
gage2,1074134983492994
gage2,1074135030570982
gage2,1074134946122611
gage2,1074158231784123
gage2,1074158227249538
gage2,1074159600992304
gage2,1074159523783027
gage2,1074159649117369
gage2,1074159665041010
gage2,1074125553334812
gage2,1073637796272151
gage2,1073637773650207
gage2,1074128316247608
gage2,1074159392410035
gage2,1074134954693736
gage2,1074160844208020
gage2,1074160833724757
gage2,1074159529934429
gage2,1074126813698884
gage2,1073637743009188
gage2,1073637792233310
gage2,1074129537195976
gage2,1074128309267930
gage2,1074159396138270
gage2,1074134963335709
gage2,1074134889565805
gage2,1074159545775539
gage2,1074126842174117
gage2,1074126780326378
gage2,1074125317701583
gage2,1073637714625673
gage2,1074159396949790
gage2,1074159408346303
gage2,1074136130290883
gage2,1074134910982888
gage2,1074134907322756
gage2,1074134900996220
gage2,1074160716197000
gage2,1074128097235468
gage2,1074128085483568
gage2,1074128011607060
gage2,1074126779445755
gage2,1074125316282703
gage2,1073637719906132
gage2,1073637710525880
gage2,1074159417160207
gage2,1074136262170067
gage2,1074136261087212
gage2,1074136133356891
gage2,1074136133092410
gage2,1074160796824834
gage2,1074128040963560
gage2,1074128027442167
gage2,1074128000617088
gage2,1073637615781429
gage2,1074160704071185
gage2,1074160655521433
gage2,1074136286818523
gage2,1074160659485771
gage2,1074136156025143
gage2,1074136151768748
gage2,1074136148347369
gage2,1074136138627054
gage2,1074160811450902
gage2,1074160810502988
gage2,1074128118808591
gage2,1074128060743350
gage2,1074128036751940
gage2,1074127944774069
gage2,1074127938829374
gage2,1074160742545292
gage2,1074160671396948
gage2,1074160688651175
gage2,1074160685241563
gage2,1074136160674566
gage2,1074136118064276
gage2,1074136069467408
gage2,1074129298935935
gage2,1074129284981120
gage2,1074128042609086
gage2,1074127953758884
gage2,1074127953092652
gage2,1074126718917528
gage2,1074160759822253
gage2,1074161984529971
gage2,1074136163685778
gage2,1074134826368058
gage2,1074134761412144
gage2,1074129327310692
gage2,1074129389169076
gage2,1074127987132922
gage2,1074161989817653
gage2,1074162001897009
gage2,1074161932735874
gage2,1074136176540489
gage2,1074136121448499
gage2,1074134763619157
gage2,1074134760748855
gage2,1074130578342118
gage2,1074130572081020
gage2,1074129343558818
gage2,1074130631930351
gage2,1074127998786433
gage2,1074162032687366
gage2,1074137430749084
gage2,1074137408907766
gage2,1074137372135620
gage2,1074137355928525
gage2,1074137355694135
gage2,1074134758700028
gage2,1074130604123954
gage2,1074129177280899
gage2,1074163274398673
gage2,1074137435960195
gage2,1074136181913936
gage2,1074137401414653
gage2,1074138626508941
gage2,1074137367462842
gage2,1074137365115554
gage2,1074135956729861
gage2,1074135874979810
gage2,1074130617554378
gage2,1074136253878941
gage2,1074136244193879
gage2,1074138695606979
gage2,1074138701259389
gage2,1074138717194930
gage2,1074137395936413
gage2,1074137389152928
gage2,1074135932739351
gage2,1074134650280613
gage2,1074131846121956
gage2,1074138646680928
gage2,1074138636852252
gage2,1074138563045580
gage2,1074137180563967
gage2,1074137176576945
gage2,1074134585384637
gage2,1074131875199003
gage2,1074131887218812
gage2,1074138663416651
gage2,1074138653725141
gage2,1074138643208316
gage2,1074138597614335
gage2,1074138563079777
gage2,1074137212456811
gage2,1074137201034469
gage2,1074135825429464
gage2,1074134587133308
gage2,1074131894049729
gage2,1074133121987429
gage2,1074138598148594
gage2,1074138588424202
gage2,1074138569508712
gage2,1074138569340657
gage2,1074138505810130
gage2,1074138436079700
gage2,1074138374294026
gage2,1074135785289002
gage2,1074134552656110
gage2,1074134560672348
gage2,1074138685273511
gage2,1074138623278443
gage2,1074138509083048
gage2,1074138389797404
gage2,1074133308010789
gage2,1074134492298123
gage2,1074134472634715
gage2,1074139928384250
gage2,1074139914750676
gage2,1074139850637038
gage2,1074139841547998
gage2,1074138534641872
gage2,1074138399491286
gage2,1074138389248748
gage2,1074133289536112
gage2,1074134500864321
gage2,1074134481668463
gage2,1074133238071775
gage2,1074139951678031
gage2,1074139944675961
gage2,1074139918318582
gage2,1074139922144241
gage2,1074138418561286
gage2,1074138401461364
gage2,1074138407829786
gage2,1074133328038732
gage2,1074133328500086
gage2,1074134516910970
gage2,1074134486801715
gage2,1074134473909335
gage2,1074140025882629
gage2,1074139964649795
gage2,1074139920988885
gage2,1074139940529763
gage2,1074139935455597
gage2,1074139932506146
gage2,1074139650977549
gage2,1074139650455389
gage2,1074138407323671
gage2,1074138391584267
gage2,1074132083588017
gage2,1074135758492743
gage2,1074134513008243
gage2,1074139964796983
gage2,1074139881425925
gage2,1074139859161054
gage2,1074139988312840
gage2,1074139978467161
gage2,1074139731477555
gage2,1074138426028296
gage2,1074138372502133
gage2,1074131979998775
gage2,1074135805747113
gage2,1074135796806310
gage2,1074135686151489
gage2,1074135682437620
gage2,1074141251234915
gage2,1074139848958790
gage2,1074139874166340
gage2,1074138746477225
gage2,1074139751502460
gage2,1074139747303133
gage2,1074138357291624
gage2,1074130728771849
gage2,1074136965445753
gage2,1074135704854698
gage2,1074141261068921
gage2,1074141199536201
gage2,1074139893142426
gage2,1074140997631737
gage2,1074139760179632
gage2,1074138359117042
gage2,1074130774592183
gage2,1074135707278703
gage2,1074141274176581
gage2,1074141264438298
gage2,1074141192147207
gage2,1074141131772755
gage2,1074139899597380
gage2,1074141104225628
gage2,1074141084973742
gage2,1074139767594175
gage2,1074139711571747
gage2,1074138361615394
gage2,1074138297129528
gage2,1074130700644070
gage2,1074135703379001
gage2,1074141293542258
gage2,1074141293368643
gage2,1074141271171023
gage2,1074141265427113
gage2,1074141143389005
gage2,1074142287928134
gage2,1074140945757806
gage2,1074140958980676
gage2,1074138279194030
gage2,1074141306696023
gage2,1074141306362783
gage2,1074141305914293
gage2,1074141284221744
gage2,1074141310232290
gage2,1074141254362018
gage2,1074141270225338
gage2,1074141145907349
gage2,1074142371560775
gage2,1074142335678881
gage2,1074140947460743
gage2,1074140973134437
gage2,1074140981598572
gage2,1074140977631809
gage2,1074141310042418
gage2,1074142544867781
gage2,1074142479315588
gage2,1074142469353291
gage2,1074141289153273
gage2,1074142612228038
gage2,1074142636810173
gage2,1074140078326743
gage2,1074140894743668
gage2,1074140875979646
gage2,1074140914205931
gage2,1074140919560921
gage2,1074142146140349
gage2,1074142213366020
gage2,1074142572979788
gage2,1074142567129960
gage2,1074142487659849
gage2,1074142478087453
gage2,1074141372399026
gage2,1074141360863259
gage2,1074142681743893
gage2,1074143886424100
gage2,1074143876807948
gage2,1074140086286233
gage2,1074139706030857
gage2,1074139646613522
gage2,1074142219765804
gage2,1074142219151522
gage2,1074143817780389
gage2,1074143753341785
gage2,1074142586432978
gage2,1074142584627380
gage2,1074142435110624
gage2,1074142486715036
gage2,1074142685897036
gage2,1074142596864660
gage2,1074143890781406
gage2,1074140139267507
gage2,1074139674290008
gage2,1074139670870914
gage2,1074139642246441
gage2,1074139636480684
gage2,1074142231797294
gage2,1074143772232205
gage2,1074143828757059
gage2,1074143888868873
gage2,1074142690322156
gage2,1074142715527996
gage2,1074143974703694
gage2,1074139625836755
gage2,1074142247705806
gage2,1074142253255666
gage2,1074143787741158
gage2,1074143777556692
gage2,1074167056719850
gage2,1074143972577451
gage2,1074143492369972
gage2,1074143439063287
gage2,1074143443900671
gage2,1074143800215137
gage2,1074143800182707
gage2,1074143800513682
gage2,1074167075174415
gage2,1074167051639544
gage2,1074143517831653
gage2,1074143520826010
gage2,1074143454496721
gage2,1074143371499114
gage2,1074142111133381
gage2,1074143792799436
gage2,1074143803411613
gage2,1074145039321514
gage2,1074143807916401
gage2,1074167144925916
gage2,1074143411478139
gage2,1074140862022480
gage2,1074143733528817
gage2,1074143721320510
gage2,1074145025620891
gage2,1074145025065225
gage2,1074145098083426
gage2,1074143870065170
gage2,1074167207182622
gage2,1074144587463361
gage2,1074143735662631
gage2,1074143720075209
gage2,1074145049094671
gage2,1074145031900207
gage2,1074143722527281
gage2,1074144966908195
gage2,1074145035136628
gage2,1074145038148898
gage2,1074144931064313
gage2,1074145041474449
gage2,1074145047562026
gage2,1074144946311237
gage2,1074145057265315
gage2,1074145069366057
gage2,1074145053737085
gage2,1074144942792338
gage2,1074146307213784
gage2,1074145023814031
gage2,1074144948797540
gage2,1074146317462371
gage2,1074146259197185
gage2,1074146343008975
gage2,1074146284175714
gage2,1074146350808885
gage2,1074146345022519
gage2,1074146296882849
gage2,1074147521016657
gage2,1074146411221478
gage2,1074146397937240
gage2,1074147532344475
gage2,1074147541144658
gage2,1074146238979728
gage2,1074147610090097
gage2,1074148826296412
gage2,1074147518560926
gage2,1074146222834201
gage2,1074147623779234
gage2,1074147612124480
gage2,1074150093086948
gage2,1074150034892251
gage2,1074148732576544
gage2,1074148719753654
gage2,1074147643730660
gage2,1074147687245797
gage2,1074150047217436
gage2,1074150049362508
gage2,1074150028994604
gage2,1074149954091136
gage2,1074148721752204
gage2,1074148882617750
gage2,1074148878771669
gage2,1074147691333019
gage2,1074147697756787
gage2,1074147700791698
gage2,1074150060052252
gage2,1074150072075561
gage2,1074150035800550
gage2,1074149972188266
gage2,1074149962522904
gage2,1074148639863817
gage2,1074148947440783
gage2,1074148897808366
gage2,1074147688994043
gage2,1074147682634846
gage2,1074148949724524
gage2,1074148935578481
gage2,1074637704127954
gage2,1074150042505735
gage2,1074149971318573
gage2,1074148616825158
gage2,1074148976804349
gage2,1074148918006195
gage2,1074150151868168
gage2,1074148909576483
gage2,1074147754130512
gage2,1074147747537332
gage2,1074147663420086
gage2,1074637736579392
gage2,1074637788888537
gage2,1074149913405540
gage2,1074149913358583
gage2,1074148625553399
gage2,1074150225891799
gage2,1074150184635673
gage2,1074148860506516
gage2,1074147767480475
gage2,1074147771013636
gage2,1074147749270693
gage2,1074147745501744
gage2,1074638985226423
gage2,1074637812786582
gage2,1074149916396751
gage2,1074149919160582
gage2,1074148630998462
gage2,1074148994731616
gage2,1074147734395062
gage2,1074147720780279
gage2,1074149930827662
gage2,1074148575791681
gage2,1074148572238596
gage2,1074147790326539
gage2,1074146541237180
gage2,1074146475650696
gage2,1074149946838608
gage2,1074148577945072
gage2,1074148571096578
gage2,1074147305462464
gage2,1074147778604808
gage2,1074146460286111
gage2,1074637592392328
gage2,1074637581357407
gage2,1074148583486668
gage2,1074146047694848
gage2,1074637627970625
gage2,1074637540966628
gage2,1074637522365026
gage2,1074148599125861
gage2,1074148530951062
gage2,1074146031752051
gage2,1074146047194287
gage2,1074638866157012
gage2,1074637555750267
gage2,1074637511338323
gage2,1074149830785417
gage2,1074148514789195
gage2,1074146015342962
gage2,1074145999234466
gage2,1074638902902530
gage2,1074638870193142
gage2,1074638784497264
gage2,1074637564842209
gage2,1074149885203597
gage2,1074149840104075
gage2,1074146001603682
gage2,1074145992263150
gage2,1074144757491718
gage2,1074640107686676
gage2,1074638935159905
gage2,1074638941593579
gage2,1074638807212878
gage2,1074638746792003
gage2,1074145954626152
gage2,1074144756066081
gage2,1074144753865894
gage2,1074144742297730
gage2,1074641323728530
gage2,1074638952210194
gage2,1074638939819422
gage2,1074640192203529
gage2,1074638823523793
gage2,1074639947773034
gage2,1074639938661705
gage2,1074147206726397
gage2,1074145939958707
gage2,1074144743318989
gage2,1074144733827652
gage2,1074642496743587
gage2,1074642555175888
gage2,1074640200630134
gage2,1074640200216758
gage2,1074639003136116
gage2,1074640169454601
gage2,1074639981190270
gage2,1074639956062196
gage2,1074144636041203
gage2,1074641167273540
gage2,1074641172494711
gage2,1074643801965569
gage2,1074640220094681
gage2,1074639023833146
gage2,1074639078568371
gage2,1074640185481777
gage2,1074639934437756
gage2,1074639918638550
gage2,1074638695596535
gage2,1074641131799566
gage2,1074643756118245
gage2,1074643824756990
gage2,1074639039881700
gage2,1074639097955497
gage2,1074639076333183
gage2,1074641481859260
gage2,1074640188636718
gage2,1074644996520941
gage2,1074643754919688
gage2,1074645093116022
gage2,1074640265271706
gage2,1074639103117041
gage2,1074640331333147
gage2,1074639077046946
gage2,1074641477506115
gage2,1074641494779994
gage2,1074641435029932
gage2,1074645015814858
gage2,1074643750709514
gage2,1074643679975487
gage2,1074646371914342
gage2,1074646369494764
gage2,1074640281283265
gage2,1074639145960188
gage2,1074640345151437
gage2,1074640363786223
gage2,1074641539969436
gage2,1074641512416277
gage2,1074641505913298
gage2,1074641493466114
gage2,1074642704262418
gage2,1074642636429518
gage2,1074645025248475
gage2,1074647623272197
gage2,1074647558278309
gage2,1074646370546515
gage2,1074640307178387
gage2,1074640349085759
gage2,1074639134269596
gage2,1074640393864295
gage2,1074640390500843
gage2,1074641594121550
gage2,1074641558880725
gage2,1074642740965312
gage2,1074642739784004
gage2,1074642650896256
gage2,1074645053931425
gage2,1074647576349956
gage2,1074641626295668
gage2,1074639119350409
gage2,1074641560302467
gage2,1074642800957712
gage2,1074642781081396
gage2,1074643981379286
gage2,1074643916166657
gage2,1074646298664870
gage2,1074642892039415
gage2,1074644047013197
gage2,1074642815122992
gage2,1074642782149722
gage2,1074644010032808
gage2,1074643939020291
gage2,1074643928367994
gage2,1074646314602318
gage2,1074646328825092
gage2,1074642949392105
gage2,1074644060737298
gage2,1074642864079989
gage2,1074642783366020
gage2,1074645258510029
gage2,1074643948146780
gage2,1074643924441663
gage2,1074643927883532
gage2,1074646313914614
gage2,1074646333220078
gage2,1074644135113808
gage2,1074645379829139
gage2,1074642851241815
gage2,1074645293763240
gage2,1074643933172663
gage2,1074643923611013
gage2,1074646271276713
gage2,1074646258299210
gage2,1074647568070243
gage2,1074647584131523
gage2,1074645383672845
gage2,1074645387822349
gage2,1074645356492013
gage2,1074645346373502
gage2,1074643903860642
gage2,1074645415994250
gage2,1074645485430935
gage2,1074645426363265
gage2,1074646593969169
gage2,1074645245065341
gage2,1074645492488783
gage2,1074646666776927
gage2,1074646667694095
gage2,1074646626410857
gage2,1074646625389880
gage2,1074646500307678
gage2,1074646491111113
gage2,1074646722003758
gage2,1074646638700593
gage2,1074646645774046
gage2,1074646559685555
gage2,1074646630528811
gage2,1074646520355358
gage2,1074647744663825
gage2,1074646750902663
gage2,1074647896670615
gage2,1074647873682020
gage2,1074646701414992
gage2,1074646691221598
gage2,1074646581345725
gage2,1074646555543488
gage2,1074647757838012
gage2,1074647757751150
gage2,1074646770512118
gage2,1074646772807090
gage2,1074646766650116
gage2,1074647928709925
gage2,1074647812399366
gage2,1074647774927091
gage2,1074647767539743
gage2,1074648018178457
gage2,1074649158074272
gage2,1074647831610524
gage2,1074647859319167
gage2,1074647846548357
gage2,1074647784472714
gage2,1074647786937894
gage2,1074649186749233
gage2,1074647853662960
gage2,1074647850914031
gage2,1074647802568292
gage2,1074649025171694
gage2,1074649048319982
gage2,1074649050907299
gage2,1074649076593980
gage2,1074649078753550
gage2,1074649086408640
gage2,1270245804329929
gage2,1270245772263813
gage2,1270245800740005
gage2,1270244542736409
gage2,1270244520171978
gage2,1270245800034923
gage2,1270245784719211
gage2,1270245789538998
gage2,1270245805205744
gage2,1270245727202618
gage2,1270245714859544
gage2,1270245756185276
gage2,1270733459604154
gage2,1270245745111936
gage2,1270245746200111
gage2,1270245698206578
gage2,1270245704967373
gage2,1270733379964951
gage2,1270733389524610
gage2,1270245694900883
gage2,1270245663079003
gage2,1270245715289866
gage2,1270245699647361
gage2,1270245709918015
gage2,1270244472628057
gage2,1270244537656652
gage2,1270733318145697
gage2,1270245670755511
gage2,1270245674710433
gage2,1270245637505190
gage2,1270245634074448
gage2,1270244453920519
gage2,1270245627403760
gage2,1270245602571554
gage2,1270733312769354
gage2,1270245686777931
gage2,1270244434207962
gage2,1270733252089952
gage2,1270245535550079
gage2,1270733268538034
gage2,1270733277351781
gage2,1270245505765615
gage2,1270245508517511
gage2,1270733283794393
gage2,1270733231902630
gage2,1270245530427443
gage2,1270245474404416
gage2,1270733293502811
gage2,1270733297079618
gage2,1270734469477196
gage2,1270733234186402
gage2,1270245417365859
gage2,1270734547273309
gage2,1270734492463318
gage2,1270733236602189
gage2,1270733227154817
gage2,1270245402409211
gage2,1270733232608133
gage2,1270733239331680
gage2,1270245317526773
gage2,1270245340618997
gage2,1270733245572777
gage2,1270733174304479
gage2,1270244082429813
gage2,1270734477084705
gage2,1270734418839049
gage2,1270733166191356
gage2,1270244096952697
gage2,1270244043315024
gage2,1270733175048956
gage2,1270733172263547
gage2,1270733162634688
gage2,1270242792239730
gage2,1270242803753659
gage2,1270733115881600
gage2,1270242766722698
gage2,1270242773808694
gage2,1270242738691443
gage2,1270243979507515
gage2,1270734339414807
gage2,1270242739898010
gage2,1270242713387241
gage2,1270243916726871
gage2,1270242778582996
gage2,1270243919105671
gage2,1270242675936642
gage2,1270245251776637
gage2,1270243857223687
gage2,1270243846872741
gage2,1270245218385786
gage2,1270219494240456
gage2,1270245241074612
gage2,1270732869295524
gage2,1270732876257137
gage2,1270732874770877
gage2,1270732888367068
gage2,1270732895275862
gage2,1270732895445342
gage2,1270732893311704
gage2,1270732886483833
gage2,1270732915072941
gage2,1270732914765903
gage2,1270732906568860
gage2,1270732902967419
gage2,1270732917431454
gage2,1270732924030125
gage2,1270732915986596
gage2,1270732909704811
gage2,1270732917111140
gage2,1270734148806299
gage2,1270732927488679
gage2,1270734152514450
gage2,1270732916598375
gage2,1270734154649187
gage2,1270734146627639
gage2,1270732927360397
gage2,1270734187545734
gage2,1270734184120847
gage2,1270734150316684
gage2,1270734153258471
gage2,1270732924474020
gage2,1270732927731297
gage2,1270734200626409
gage2,1270735431875399
gage2,1270735488204674
gage2,1270735426411487
gage2,1270735429695769
gage2,1270735391700434
gage2,1270734199000755
gage2,1270735496046014
gage2,1270734267088386
gage2,1270735520423276
gage2,1270735429552886
gage2,1270736655836719
gage2,1270735423194512
gage2,1270735544444976
gage2,1270736742757969
gage2,1270736755314643
gage2,1270712268170971
gage2,1270735396239519
gage2,1270736786207002
gage2,1270736789619614
gage2,1270711036893808
gage2,1270711024525657
gage2,1270709759383187
gage2,1270735379280580
gage2,1270736795607776
gage2,1270736795388912
gage2,1270710999256137
gage2,1270710952787328
gage2,1270709723743224
gage2,1270709729043721
gage2,1270711004737548
gage2,1270736808349357
gage2,1270736805035689
gage2,1270709666807075
gage2,1270709650980760
gage2,1270710922418291
gage2,1270710920077176
gage2,1270708462201947
gage2,1270709705227305
gage2,1270736805106564
gage2,1270736808268049
gage2,1270709686741275
gage2,1270709678073789
gage2,1270708432187694
gage2,1270708393495904
gage2,1270736817689433
gage2,1270736814849516
gage2,1270709661955260
gage2,1270709670738796
gage2,1270709700050785
gage2,1270708470809123
gage2,1270738050284766
gage2,1270738052711868
gage2,1270709632446203
gage2,1270709639748759
gage2,1270738088488404
gage2,1270738062257832
gage2,1270738061531029
gage2,1270708387215482
gage2,1270708391558359
gage2,1270738111061844
gage2,1270738097675108
gage2,1270738069235376
gage2,1270708362261327
gage2,1270739346035249
gage2,1270739333593719
gage2,1270708293976339
gage2,1270739380574573
gage2,1270739355333450
gage2,1270740618155973
gage2,1270739389587321
gage2,1270740575962734
gage2,1270740637947950
gage2,1270739311558997
gage2,1270740608002950
gage2,1270740591481609
gage2,1270740591701865
gage2,1270740664505362
gage2,1270739307005237
gage2,1270739300819327
gage2,1270740566059906
gage2,1270740549714621
gage2,1270741832615112
gage2,1270740598099830
gage2,1270741893619843
gage2,1270741893946550
gage2,1270739303121841
gage2,1270739300303911
gage2,1270740558880706
gage2,1270740564339956
gage2,1270740555375807
gage2,1270739257449461
gage2,1270739241003443
gage2,1270739303291551
gage2,1270739286955149
gage2,1270740507846419
gage2,1270740495009510
gage2,1270739258892019
gage2,1270739260140016
gage2,1270739230301216
gage2,1270739268689824
gage2,1270739270741092
gage2,1270740515740230
gage2,1270740489709899
gage2,1270714849196472
gage2,1270739208617054
gage2,1270737981965259
gage2,1270740540943877
gage2,1270716148629990
gage2,1270716132369993
gage2,1270714716107174
gage2,1270714782077037
gage2,1270713577010554
gage2,1270737952165936
gage2,1270717385560491
gage2,1270716082377550
gage2,1270717335972766
gage2,1270713463104330
gage2,1270714650691980
gage2,1270714713913315
gage2,1270713594569161
gage2,1270717397763438
gage2,1270716077818496
gage2,1270716078109674
gage2,1270717302228861
gage2,1270718528484517
gage2,1270713375900228
gage2,1270713424485565
gage2,1270715851141528
gage2,1270714609571052
gage2,1270715912820930
gage2,1270714736065178
gage2,1270717409547007
gage2,1270717407504305
gage2,1270716025590485
gage2,1270715982939301
gage2,1270718478639993
gage2,1270713368835344
gage2,1270713365901063
gage2,1270715882779050
gage2,1270715811084541
gage2,1270714547037032
gage2,1270717343756514
gage2,1270718598361300
gage2,1270741802112973
gage2,1270741795558343
gage2,1270717258318223
gage2,1270716017139409
gage2,1270715977660075
gage2,1270712126654255
gage2,1270713344470197
gage2,1270715898600127
gage2,1270715829665315
gage2,1270717349320798
gage2,1270719894373831
gage2,1270719890536753
gage2,1270717198430149
gage2,1270715954277108
gage2,1270712050870586
gage2,1270712099964880
gage2,1270713325729743
gage2,1270713240891984
gage2,1270717139634055
gage2,1270717062326663
gage2,1270719985078734
gage2,1270719909467344
gage2,1270719966185111
gage2,1270719911642595
gage2,1270719902065418
gage2,1270712055618874
gage2,1270712030399229
gage2,1270712076087371
gage2,1270712064454281
gage2,1270714438041133
gage2,1270713186761853
gage2,1270718401215122
gage2,1270717116694568
gage2,1270717087318134
gage2,1270717073780439
gage2,1270721217542460
gage2,1270721198179379
gage2,1270719911000743
gage2,1270719845782405
gage2,1270711992641354
gage2,1270710887071498
gage2,1270710805131265
gage2,1270710778523418
gage2,1270713210474367
gage2,1270713195099747
gage2,1270718354815189
gage2,1270717088680338
gage2,1270717082909615
gage2,1270721233816086
gage2,1270721234435377
gage2,1270722391710253
gage2,1270722402440580
gage2,1270721142928271
gage2,1270719855234775
gage2,1270719834366374
gage2,1270719831085888
gage2,1270714399090305
gage2,1270713149886018
gage2,1270717023188917
gage2,1270718273242989
gage2,1270717089246094
gage2,1270721275354671
gage2,1270722440821744
gage2,1270721269891180
gage2,1270723612762416
gage2,1270722358342159
gage2,1270723541360181
gage2,1270722303020888
gage2,1270719833724926
gage2,1270719859703883
gage2,1270719784414782
gage2,1270719772177225
gage2,1270715667226919
gage2,1270715652188268
gage2,1270711788360893
gage2,1270717028749447
gage2,1270718276010062
gage2,1270717023269709
gage2,1270718317890215
gage2,1270718323755738
gage2,1270718346282422
gage2,1270718274903831
gage2,1270722534405974
gage2,1270722428511901
gage2,1270723670037418
gage2,1270746886764474
gage2,1270722366739262
gage2,1270723613919294
gage2,1270723569756455
gage2,1270723572500413
gage2,1270720987570743
gage2,1270719787079049
gage2,1270719773640912
gage2,1270715607904274
gage2,1270715604553416
gage2,1270711707923632
gage2,1270717020940020
gage2,1270717046798252
gage2,1270718258739118
gage2,1270718261819442
gage2,1270718384527747
gage2,1270718308736397
gage2,1270724934129291
gage2,1270746890994630
gage2,1270746913025498
gage2,1270724811662027
gage2,1270724814006375
gage2,1270722269389360
gage2,1270722249752710
gage2,1270719687687871
gage2,1270719726459297
gage2,1270715551132291
gage2,1270715591075544
gage2,1270711647747453
gage2,1270718210604428
gage2,1270716981533388
gage2,1270719519063422
gage2,1270719513477114
gage2,1270719517057577
gage2,1270719489383289
gage2,1270748164523060
gage2,1270748165658578
gage2,1270724841007420
gage2,1270724855090413
gage2,1270723465509414
gage2,1270723492051736
gage2,1270722200446656
gage2,1270719639927673
gage2,1270718399199611
gage2,1270720920649688
gage2,1270716820401970
gage2,1270716806799916
gage2,1270715529915779
gage2,1270714250885742
gage2,1270718216397713
gage2,1270716979841351
gage2,1270720782559595
gage2,1270720772226809
gage2,1270719601489565
gage2,1270719603828388
gage2,1270720736895784
gage2,1270725066635566
gage2,1270748199124068
gage2,1270724863628560
gage2,1270726100664817
gage2,1270726051149723
gage2,1270726056407521
gage2,1270724718540486
gage2,1270724708428661
gage2,1270722168659614
gage2,1270722231034248
gage2,1270720889155518
gage2,1270720870201198
gage2,1270715479324200
gage2,1270718244346375
gage2,1270718227842746
gage2,1270718170873049
gage2,1270718144764617
gage2,1270722058662284
gage2,1270720758319510
gage2,1270720842301476
gage2,1270721947734144
gage2,1270721922219690
gage2,1270726320981924
gage2,1270726285819034
gage2,1270749443495352
gage2,1270725959951639
gage2,1270725965127870
gage2,1270723369382965
gage2,1270723368386527
gage2,1270715475545705
gage2,1270715430172197
gage2,1270718256018461
gage2,1270718182016559
gage2,1270719381314033
gage2,1270719437337712
gage2,1270720868116992
gage2,1270720877033723
gage2,1270721972041339
gage2,1270721968912785
gage2,1270721924313693
gage2,1270727577742035
gage2,1270727503560167
gage2,1270726226876854
gage2,1270726264564343
gage2,1270725998958303
gage2,1270725984678854
gage2,1270725938748956
gage2,1270725925202862
gage2,1270724654811128
gage2,1270724628994399
gage2,1270723376192242
gage2,1270724618214970
gage2,1270715422979702
gage2,1270715411079708
gage2,1270719392152722
gage2,1270719407924024
gage2,1270719400842592
gage2,1270722070384990
gage2,1270722069336480
gage2,1270723147898881
gage2,1270721939464832
gage2,1270726215619661
gage2,1270726234699996
gage2,1270727449376155
gage2,1270727433074991
gage2,1270727259300713
gage2,1270727246345420
gage2,1270727248075850
gage2,1270727180419257
gage2,1270725933260900
gage2,1270725949054781
gage2,1270723320942994
gage2,1270724552644284
gage2,1270716673282221
gage2,1270715382350448
gage2,1270715410332464
gage2,1270715400847825
gage2,1270719339521543
gage2,1270719422633492
gage2,1270719418755228
gage2,1270723175616376
gage2,1270723172314204
gage2,1270727453775209
gage2,1270727434594766
gage2,1270727447870333
gage2,1270727128101141
gage2,1270727108930540
gage2,1270724548717027
gage2,1270724565192314
gage2,1270716683633057
gage2,1270716696044481
gage2,1270715422070397
gage2,1270714174512664
gage2,1270714202449623
gage2,1270721819995645
gage2,1270720582206118
gage2,1270723177688879
gage2,1270723187904866
gage2,1270727404154234
gage2,1270727469417420
gage2,1270727368355523
gage2,1270727369401896
gage2,1270727149807423
gage2,1270727154013339
gage2,1270724482814066
gage2,1270724554677610
gage2,1270716703347010
gage2,1270716728046578
gage2,1270717952251513
gage2,1270716707320692
gage2,1270714092217700
gage2,1270714102318018
gage2,1270724293478029
gage2,1270723064524968
gage2,1270720604030563
gage2,1270724439214008
gage2,1270724377079243
gage2,1270724573713795
gage2,1270724495926386
gage2,1270718033682068
gage2,1270716732605405
gage2,1270718004693630
gage2,1270718009885765
gage2,1270714028703972
gage2,1270714067643063
gage2,1270715363502345
gage2,1270715335047421
gage2,1270724308352426
gage2,1270724302865865
gage2,1270720623836130
gage2,1270724470486449
gage2,1270725634575585
gage2,1270724407569431
gage2,1270724604936171
gage2,1270724606123269
gage2,1270724520168265
gage2,1270724510179289
gage2,1270719266551586
gage2,1270719250823742
gage2,1270719199304147
gage2,1270719192401502
gage2,1270715266327352
gage2,1270714031296535
gage2,1270712823522939
gage2,1270712822922500
gage2,1270716597076703
gage2,1270716586697927
gage2,1270724278180649
gage2,1270724261579798
gage2,1270725632501496
gage2,1270727060883145
gage2,1270725853233153
gage2,1270725782524407
gage2,1270725764511576
gage2,1270719208536912
gage2,1270719218545583
gage2,1270715291608161
gage2,1270715315734843
gage2,1270714045585498
gage2,1270714029942919
gage2,1270712741543928
gage2,1270712797763971
gage2,1270717866465109
gage2,1270717794997078
gage2,1270716536712764
gage2,1270716539459032
gage2,1270724265723896
gage2,1270724256740445
gage2,1270725590287299
gage2,1270725661579655
gage2,1270728287285420
gage2,1270728274070371
gage2,1270725758942912
gage2,1270725756424536
gage2,1270719230307630
gage2,1270719164007837
gage2,1270720456322353
gage2,1270715236778094
gage2,1270715207609071
gage2,1270713951137481
gage2,1270713996995882
gage2,1270712690904314
gage2,1270712727072704
gage2,1270712778730677
gage2,1270717733810910
gage2,1270717725642658
gage2,1270724207089642
gage2,1270724199229015
gage2,1270725605567130
gage2,1270725601635230
gage2,1270728307518723
gage2,1270726990645712
gage2,1270726983581103
gage2,1270720454676430
gage2,1270719103428318
gage2,1270720491585884
gage2,1270720487552943
gage2,1270715185772658
gage2,1270715189959814
gage2,1270713927098846
gage2,1270713931068391
gage2,1270719000499969
gage2,1270718993412452
gage2,1270724152191659
gage2,1270724136424679
gage2,1270725620657454
gage2,1270726853368384
gage2,1270726946836928
gage2,1270726927711000
gage2,1270720464117096
gage2,1270720414817913
gage2,1270720344668371
gage2,1270720334295312
gage2,1270721742923103
gage2,1270721751365758
gage2,1270721738434190
gage2,1270715126340398
gage2,1270715180962858
gage2,1270715257699395
gage2,1270713862723252
gage2,1270712632393217
gage2,1270719019967933
gage2,1270719018191647
gage2,1270718943825711
gage2,1270725383402603
gage2,1270725376388851
gage2,1270725548151072
gage2,1270725613179591
gage2,1270726906993542
gage2,1270726883552373
gage2,1270726973820931
gage2,1270726969600167
gage2,1270726916957495
gage2,1270720447168172
gage2,1270720427746346
gage2,1270721606268489
gage2,1270721762665294
gage2,1270723015722497
gage2,1270721763801463
gage2,1270716354296886
gage2,1270715114183724
gage2,1270713811508188
gage2,1270712566891205
gage2,1270712556431402
gage2,1270712586716673
gage2,1270720258892261
gage2,1270719038828592
gage2,1270725552075664
gage2,1270725523798793
gage2,1270728102163722
gage2,1270728069277800
gage2,1270726764068812
gage2,1270728201915136
gage2,1270728152705321
gage2,1270721719636779
gage2,1270721650995673
gage2,1270721681343838
gage2,1270721664484860
gage2,1270723066441324
gage2,1270723004757181
gage2,1270716371692140
gage2,1270716385627868
gage2,1270713768489138
gage2,1270711289118208
gage2,1270711337983839
gage2,1270720346126934
gage2,1270720284062617
gage2,1270725482878558
gage2,1270725473747961
gage2,1270728091333645
gage2,1270728090792941
gage2,1270722957636375
gage2,1270722901825648
gage2,1270716318298445
gage2,1270716299064843
gage2,1270716410427077
gage2,1270716344540084
gage2,1270713773005383
gage2,1270711277605064
gage2,1270711250633084
gage2,1270720371885410
gage2,1270721538726999
gage2,1270720286076263
gage2,1270720295713979
gage2,1270725453345531
gage2,1270725436229708
gage2,1270716333039880
gage2,1270716323293363
gage2,1270716294932746
gage2,1270715066526832
gage2,1270717652735553
gage2,1270717586882031
gage2,1270713704798676
gage2,1270711215102390
gage2,1270721614075214
gage2,1270721610150916
gage2,1270721567341418
gage2,1270721575727148
gage2,1270720269115987
gage2,1270721477824149
gage2,1270720311463118
gage2,1270721536037547
gage2,1270725400581666
gage2,1270725378352395
gage2,1270716246135149
gage2,1270715004577182
gage2,1270717684886590
gage2,1270717683965264
gage2,1270717588612493
gage2,1270717582075779
gage2,1270711220108062
gage2,1270721651670727
gage2,1270721596404817
gage2,1270722767878299
gage2,1270720212965475
gage2,1270720204396211
gage2,1270721519512446
gage2,1270721568103161
gage2,1270716271295854
gage2,1270716276083979
gage2,1270714999551891
gage2,1270714987348910
gage2,1270718932611107
gage2,1270718863976544
gage2,1270717595019771
gage2,1270717529479513
gage2,1270712401942100
gage2,1270722896185266
gage2,1270722847665967
gage2,1270722845762440
gage2,1270720230599209
gage2,1270720250881671
gage2,1270716240328208
gage2,1270714998594440
gage2,1270717600622249
gage2,1270717613715306
gage2,1270712429272918
gage2,1270712373809489
gage2,1270722871913405
gage2,1270720171294054
gage2,1270720152428637
gage2,1270721432749689
gage2,1270721495132981
gage2,1270716162294043
gage2,1270714933514664
gage2,1270717554369013
gage2,1270717567729713
gage2,1270718864660582
gage2,1270718854580178
gage2,1270712354859815
gage2,1270720186692411
gage2,1270720172844158
gage2,1270720141815757
gage2,1270720139419289
gage2,1270721450764476
gage2,1270721446426480
gage2,1270721526857349
gage2,1270721455695175
gage2,1270716189584182
gage2,1270716176861417
gage2,1270714931456459
gage2,1270714925476306
gage2,1270717549067029
gage2,1270718784268488
gage2,1270718798644862
gage2,1270718884155049
gage2,1270718896051555
gage2,1270721352096513
gage2,1270720122993827
gage2,1270722630367506
gage2,1270721404580476
gage2,1270722631790251
gage2,1270721393146541
gage2,1270721471667513
gage2,1270722696684933
gage2,1270693066813592
gage2,1270691795015449
gage2,1270691791034826
gage2,1270690552141813
gage2,1270714915832081
gage2,1270717487181251
gage2,1270717478075959
gage2,1270718819932476
gage2,1270718817600538
gage2,1270720079667547
gage2,1270722652187059
gage2,1270722607450933
gage2,1270722598323425
gage2,1270721327471897
gage2,1270721311191058
gage2,1270722725605969
gage2,1270722761765509
gage2,1270722718519937
gage2,1270722711593343
gage2,1270691815631572
gage2,1270691821144284
gage2,1270717499740229
gage2,1270717480130709
gage2,1270718767202260
gage2,1270718842508389
gage2,1270718835648398
gage2,1270720098322237
gage2,1270720091296167
gage2,1270722677510277
gage2,1270722673079283
gage2,1270723847030496
gage2,1270722611850334
gage2,1270721339533480
gage2,1270721329384982
gage2,1270721312974555
gage2,1270721297162050
gage2,1270723981473855
gage2,1270722733841988
gage2,1270722794486346
gage2,1270722790778698
gage2,1270693009985318
gage2,1270691774753547
gage2,1270718721043096
gage2,1270718721741384
gage2,1270720086893210
gage2,1270720024862703
gage2,1270720008496937
gage2,1270723907669447
gage2,1270723904429109
gage2,1270722573864228
gage2,1270722563664956
gage2,1270723928546769
gage2,1270723925057907
gage2,1270724034106919
gage2,1270724039927459
gage2,1270722805252484
gage2,1270724039004099
gage2,1270723971162707
gage2,1270694342011780
gage2,1270693110061631
gage2,1270718731208895
gage2,1270718730029821
gage2,1270720052260931
gage2,1270720036440533
gage2,1270723942657108
gage2,1270723849495678
gage2,1270698204501388
gage2,1270725317250889
gage2,1270724054352981
gage2,1270723998892718
gage2,1270723985979723
gage2,1270693096160107
gage2,1270693112316904
gage2,1270718750906023
gage2,1270718750053625
gage2,1270694373535154
gage2,1270694357739418
gage2,1270721296436021
gage2,1270723871201991
gage2,1270723861191830
gage2,1270698232404238
gage2,1270698203822401
gage2,1270724004355766
gage2,1270724000118053
gage2,1270693098396383
gage2,1270693091362568
gage2,1270718775432781
gage2,1270718768528295
gage2,1270694395395518
gage2,1270694391559601
gage2,1270696937235186
gage2,1270723893166960
gage2,1270723898612202
gage2,1270724029638224
gage2,1270724016341722
gage2,1270723960082077
gage2,1270723944418331
gage2,1270693055651554
gage2,1270694291090867
gage2,1270720006847910
gage2,1270725248096080
gage2,1270725186381478
gage2,1270694279773990
gage2,1270693053981986
gage2,1270694397145673
gage2,1270694319829819
gage2,1270720032071500
gage2,1270695641533180
gage2,1270725201340585
gage2,1270694289118268
gage2,1270694281835249
gage2,1270695648326206
gage2,1270695639086750
gage2,1270695663106303
gage2,1270694305466824
gage2,1270694301834647
gage2,1270694327307596
gage2,1270694328040868
gage2,1270694255886230
gage2,1270694239865926
gage2,1270695569893930
gage2,1270695562279432
gage2,1270694245224366
gage2,1270694229566629
gage2,1270695599489739
gage2,1270695608094869
gage2,1270695575144518
gage2,1270695510137541
gage2,1270696902696792
gage2,1270695671169144
gage2,1270696863003618
gage2,1270696850125147
gage2,1270695581337542
gage2,1270695593672524
gage2,1270696931914741
gage2,1270696866613080
gage2,1270695584865610
gage2,1270695607303718
gage2,1270695551489433
gage2,1270696783712939
gage2,1270698177240917
gage2,1270698176086466
gage2,1270696892033572
gage2,1270698114096504
gage2,1270696864849466
gage2,1270696855067853
gage2,1270696789523364
gage2,1270696773224711
gage2,1270698198883079
gage2,1270698202642446
gage2,1270696871678611
gage2,1270696811406019
gage2,1270696804401949
gage2,1270698231006309
gage2,1270698214461532
gage2,1270696827190049
gage2,1270696824793347
gage2,1270699426728637
gage2,1270699403981279
gage2,1270698074767734
gage2,1270698064364105
gage2,1270698063134317
gage2,1270698060625656
gage2,1270698104148720
gage2,1270699331990815
gage2,1270698035042593
gage2,1270698015641382
gage2,1270698138043090
gage2,1270698086327668
gage2,1270699363694382
gage2,1270699364161797
gage2,1270699269997946
gage2,1270698047664987
gage2,1270698166921748
gage2,1270699395426343
gage2,1270699304441214
gage2,1270699288268081
gage2,1270699356691292
gage2,1270699359295369
gage2,1270700486327855
gage2,1270700482671022
gage2,1270699371587292
gage2,1270699362073161
gage2,1073662647998320
gage2,1073662650372330
gage2,1073663901671675
gage2,1073663848755326
gage2,1073662591909327
gage2,1074151510310543
gage2,1073663828915406
gage2,1073662584415782
gage2,1074151547994666
gage2,1073663856237490
gage2,1074152807527278
gage2,1073663794984201
gage2,1074154051908515
gage2,1074154051906280
gage2,1074152829502358
gage2,1073663787844452
gage2,1073663774690424
gage2,1073663746030372
gage2,1073663767504181
gage2,1073662497292929
gage2,1073658845613024
gage2,1073652473789547
gage2,1073640827660936
gage2,1073642069772054
gage2,1073642068296516
gage2,1073642101887794
gage2,1073642085621327
gage2,1073642002724509
gage2,1073643359724395
gage2,1073642107772607
gage2,1073640767272079
gage2,1073644678488987
gage2,1073643345959914
gage2,1073643349026257
gage2,1073640760300678
gage2,1073644701022106
gage2,1073640756912075
gage2,1073644726891443
gage2,1073644639843277
gage2,1073640739758597
gage2,1073644625924506
gage2,1073644639523169
gage2,1073644615405544
gage2,1073644618233835
gage2,1073647281800594
gage2,1073645962771253
gage2,1073645965890378
gage2,1073645998007141
gage2,1073645972263391
gage2,1073647262160576
gage2,1073648526526613
gage2,1073648574566816
gage2,1073649816588909
gage2,1073649845319503
gage2,1073651087172617
gage2,1073651116093803
gage2,1073652354719830
gage2,1073652377408479
gage2,1073652457610108
gage2,1073652406333373
gage2,1073653744244281
gage2,1073657545882201
gage2,1073654969256547
gage2,1073658864216864
gage2,1073656200172609
gage2,1073654955496299
gage2,1073660063716562
gage2,1073660044218218
gage2,1073656219086215
gage2,1073660088618822
gage2,1073660068623070
gage2,1073660053252469
gage2,1073660052660460
gage2,1073656229043324
gage2,1073661319175336
gage2,1073661339703191
gage2,1073660006043598
gage2,1073660042469599
gage2,1073656251931089
gage2,1073661371289337
gage2,1073660014350209
gage2,1073660004818968
gage2,1073660032065437
gage2,1073658794138508
gage2,1073662599552553
gage2,1073662606105294
gage2,1073658771572726
gage2,1073658765499521
gage2,1073662619028709
gage2,1073658709493963
gage2,1073657528445295
gage2,1073658707691417
gage2,1073145226884841
gage2,1073145264540587
gage2,1073146440377553
gage2,1073142613320675
gage2,1073143810898112
gage2,1073145093141322
gage2,1073145043066940
gage2,1073145035358253
gage2,1073141333968457
gage2,1073141330657266
gage2,1073141320677585
gage2,1073141314155911
gage2,1073140091503786
gage2,1073140065017142
gage2,1073140041948714
gage2,1073140048067582
gage2,1073140035719984
gage2,1073140038804291
gage2,1073143966942510
gage2,1073143987552269
gage2,1073143868382692
gage2,1073142708738925
gage2,1073147963078050
gage2,1073146597948880
gage2,1073146602550398
gage2,1073146609093032
gage2,1073146553217939
gage2,1073146535734006
gage2,1073146531568726
gage2,1073146463800034
gage2,1073140092895705
gage2,1073141366518060
gage2,1073141273967806
gage2,1073142630458563
gage2,1073143821380989
gage2,1073143781310970
gage2,1073143803551483
gage2,1073143806245864
gage2,1073149126161768
gage2,1073149153032180
gage2,1073149165518520
gage2,1073115912123007
gage2,1073115919520530
gage2,1073115932546594
gage2,1073115977985737
gage2,1073116000392652
gage2,1073116013232374
gage2,1073115979101506
gage2,1073116011070966
gage2,1073115998563547
gage2,1073116030603036
gage2,1073116029714793
gage2,1073116039009213
gage2,1073116006113866
gage2,1073115993494427
gage2,1073117255725085
gage2,1073117255430548
gage2,1073116070579698
gage2,1073116066300655
gage2,1073116055454326
gage2,1073117262879897
gage2,1073117271259564
gage2,1073117315129203
gage2,1073117321291742
gage2,1073116053487469
gage2,1073116040322875
gage2,1073117279685131
gage2,1073117341411239
gage2,1073117292706170
gage2,1073116141216892
gage2,1073116112316545
gage2,1073116096901165
gage2,1073116118663303
gage2,1073116115707986
gage2,1073116104576440
gage2,1073140480291436
gage2,1073116142206765
gage2,1073116135358289
gage2,1073116126840354
gage2,1073116109735444
gage2,1073140507636764
gage2,1073116117216941
gage2,1073116110908602
gage2,1073137518240645
gage2,1073109759552818
gage2,1073135361882687
gage2,1073135460257848
gage2,1073135384979895
gage2,1073134141953213
gage2,1073109756180224
gage2,1073134143088956
gage2,1073134126851496
gage2,1073134119767957
gage2,1073134114672367
gage2,1073134173430275
gage2,1073134102377042
gage2,1073134786918866
gage2,1073133625811430
gage2,1073132922267695
gage2,1073133557924922
gage2,1073132913432552
gage2,1073132903402512
gage2,1073132899925063
gage2,1073132894540928
gage2,1073132891295990
gage2,1073132892235087
gage2,1073133525213273
gage2,1073132894750594
gage2,1073132882708486
gage2,1073131647925611
gage2,1073131705882828
gage2,1073132089226702
gage2,1073132086234692
gage2,1073132285192711
gage2,1073133455369050
gage2,1073133476741783
gage2,1073133464096959
gage2,1073132210287671
gage2,1073132212240251
gage2,1073132198876373
gage2,1073132132962974
gage2,1073132130487273
gage2,1073132129645047
gage2,1073132057994825
gage2,1073132064076911
gage2,1073132042363982
gage2,1073132044960662
gage2,1073131993010326
gage2,1073131996053874
gage2,1073130468846386
gage2,1073130313230492
gage2,1073130309960012
gage2,1073134874266312
gage2,1073134873774087
gage2,1073133556679890
gage2,1073133527640499
gage2,1073133549693892
gage2,1073132214037875
gage2,1073133380755926
gage2,1073132153170626
gage2,1073133478616833
gage2,1073133466237246
gage2,1073132050280438
gage2,1073130746135797
gage2,1073130522802043
gage2,1073130553825500
gage2,1073135369604759
gage2,1073134120471893
gage2,1073134204870569
gage2,1073134131125757
gage2,1073134098502372
gage2,1073134179712514
gage2,1073134108361353
gage2,1073134111603727
gage2,1073134117983096
gage2,1073134114905426
gage2,1073134185750004
gage2,1073134118318808
gage2,1073134173040119
gage2,1073134173773404
gage2,1073134198058045
gage2,1073134207781742
gage2,1073134265660019
gage2,1073135489368124
gage2,1073135514945281
gage2,1073135514586733
gage2,1073135526000940
gage2,1073135528741618
gage2,1073134154657703
gage2,1073132900331349
gage2,1073132910271048
gage2,1073132907446231
gage2,1073134146222159
gage2,1073132911191810
gage2,1073134208283587
gage2,1073132908483386
gage2,1073134172107965
gage2,1073134172369674
gage2,1073132966911918
gage2,1073132967304541
gage2,1073134259367943
gage2,1073132961010761
gage2,1073132951496821
gage2,1073132970742064
gage2,1073132958509371
gage2,1073132956173232
gage2,1073132938890937
gage2,1073132941486272
gage2,1073132931926176
gage2,1073131706367858
gage2,1073132928358586
gage2,1073113362941467
gage2,1073113429856356
gage2,1073113506325120
gage2,1073113513431756
gage2,1073113571852488
gage2,1073113569946216
gage2,1073137958695817
gage2,1073113583444654
gage2,1073112157712985
gage2,1073112185313683
gage2,1073112168453169
gage2,1073110890230054
gage2,1073109753888867
gage2,1073109744431718
gage2,1073109741387646
gage2,1073109742014533
gage2,1073109745988641
gage2,1073113374774973
gage2,1073113398102821
gage2,1073113447147769
gage2,1073114696830820
gage2,1073113462119397
gage2,1073113514354933
gage2,1073114781202063
gage2,1073114711452820
gage2,1073113533658353
gage2,1073113521268825
gage2,1073114798749614
gage2,1073114766798556
gage2,1073114754425596
gage2,1073114870427720
gage2,1073114857662060
gage2,1073114851485517
gage2,1073114820558030
gage2,1073113598580430
gage2,1073114865340257
gage2,1073114852279935
gage2,1073114837668521
gage2,1073113587060290
gage2,1073114878061599
gage2,1073114877518394
gage2,1073114866193221
gage2,1073114846852853
gage2,1073137961828047
gage2,1073137971390456
gage2,1073114854108800
gage2,1073114847560324
gage2,1073137969840361
gage2,1073139203861315
gage2,1073139202378062
gage2,1073139205312785
gage2,1073112186023151
gage2,1073113416254065
gage2,1073112191357264
gage2,1073113486273517
gage2,1073112255063428
gage2,1073112163467937
gage2,1073112141043764
gage2,1073112158868638
gage2,1073112135886880
gage2,1073112231272973
gage2,1073112209040217
gage2,1073112238454116
gage2,1073112223451133
gage2,1073112249178344
gage2,1073112300931846
gage2,1073112283236502
gage2,1073112289116435
gage2,1073113537229284
gage2,1073112308381665
gage2,1073112296104843
gage2,1073112278388579
gage2,1073136691350471
gage2,1073112294334919
gage2,1073136656998426
gage2,1073136666476290
gage2,1073136689202709
gage2,1073136689935326
gage2,1073136665502280
gage2,1073136655530865
gage2,1073136674292994
gage2,1073136673577253
gage2,1073138003426386
gage2,1073137945183709
gage2,1073136803336870
gage2,1073136758184610
gage2,1073136723865203
gage2,1073136720487784
gage2,1073136694212044
gage2,1073136684587729
gage2,1073138055971408
gage2,1073138049809028
gage2,1073137997570657
gage2,1073136765751397
gage2,1073136758886399
gage2,1073136753057024
gage2,1073138069492838
gage2,1073138072320290
gage2,1073138002342563
gage2,1073137995915511
gage2,1073136763704289
gage2,1073136763452157
gage2,1073138057691414
gage2,1073136767743530
gage2,1073110898762247
gage2,1073110889480088
gage2,1073110962500071
gage2,1073110956259410
gage2,1073110882828907
gage2,1073110948190581
gage2,1073110945136649
gage2,1073110952678782
gage2,1073110949306630
gage2,1073111024809720
gage2,1073110938346701
gage2,1073110933209640
gage2,1073111005171548
gage2,1073111008885730
gage2,1073110996496808
gage2,1073111026476127
gage2,1073111028857054
gage2,1073135412905694
gage2,1073110920536118
gage2,1073110979797214
gage2,1073110998526197
gage2,1073109751570327
gage2,1073108259110482
gage2,1073105770115362
gage2,1073105764148527
gage2,1073113353339688
gage2,1073112174056531
gage2,1075152874039922
gage2,1075152861738962
gage2,1075152858385530
gage2,1075152858107154
gage2,1075133680614123
gage2,1075133691121740
gage2,1075134917732224
gage2,1270741252793193
gage2,1270741261807586
gage2,1270741252275100
gage2,1270741251799683
gage2,1270740029539519
gage2,1270740026255271
gage2,1270740019813228
gage2,1270739942318858
gage2,1270740116402842
gage2,1270739981910969
gage2,1270733556066633
gage2,1270733537149194
gage2,1270733524351009
gage2,1270740138243168
gage2,1270740106955578
gage2,1270738787170613
gage2,1270737346293597
gage2,1270736124212419
gage2,1270739998560315
gage2,1270739938535975
gage2,1270739950715774
gage2,1270741185343973
gage2,1270737415889982
gage2,1270737371062042
gage2,1270737396657950
gage2,1270738641520109
gage2,1270738632324264
gage2,1270738671247098
gage2,1270738655763690
gage2,1270738651988125
gage2,1270733482471632
gage2,1270733427031056
gage2,1270733488703626
gage2,1270734726488973
gage2,1270733491482233
gage2,1270734673470466
gage2,1270733439572293
gage2,1270733436326308
gage2,1270734676538114
gage2,1270733438060705
gage2,1270734689267264
gage2,1270734676458014
gage2,1270734642319399
gage2,1270734710683357
gage2,1270734675580688
gage2,1270734613578797
gage2,1270735890419923
gage2,1270735883380462
gage2,1270735874606573
gage2,1270734652375765
gage2,1270734688043134
gage2,1270734620283741
gage2,1270735912664620
gage2,1270735910377025
gage2,1270735889858036
gage2,1270735891809866
gage2,1270735926080919
gage2,1270735922417845
gage2,1270735816760555
gage2,1270735829251475
gage2,1270735929111190
gage2,1270735997076782
gage2,1270735922019417
gage2,1270735835246726
gage2,1270735821736844
gage2,1270737157212833
gage2,1270735931263284
gage2,1270735860242581
gage2,1270735834501868
gage2,1270735765486925
gage2,1270735775528690
gage2,1270737160384706
gage2,1270737159903131
gage2,1270737111937761
gage2,1270735770402954
gage2,1270735770871060
gage2,1270735784409631
gage2,1270735781164593
gage2,1270737163628059
gage2,1270737163496729
gage2,1270737159396419
gage2,1270735934076962
gage2,1270735774805670
gage2,1270735781100824
gage2,1270737170358180
gage2,1270737179520730
gage2,1270737175968057
gage2,1270737165408492
gage2,1270735780885711
gage2,1270735780859039
gage2,1270737192585914
gage2,1270737183284091
gage2,1270737197458079
gage2,1270737195047663
gage2,1270738443527419
gage2,1270737214581849
gage2,1270736071097636
gage2,1270734783640612
gage2,1270734774103416
gage2,1270736008301390
gage2,1270734767031851
gage2,1270734816276259
gage2,1270734754947362
gage2,1270736023261736
gage2,1270736040711572
gage2,1270736025961573
gage2,1270736051385528
gage2,1270736115476154
gage2,1270735970428002
gage2,1270735964342650
gage2,1270737231031518
gage2,1270737244262096
gage2,1270735998215264
gage2,1270735978514348
gage2,1270735960087885
gage2,1270735951250960
gage2,1270737246338031
gage2,1270737242667369
gage2,1270737259154465
gage2,1270737259445693
gage2,1270737265189770
gage2,1270737278781278
gage2,1270737272501216
gage2,1270737262945250
gage2,1270737265248956
gage2,1270738500332335
gage2,1270737273049757
gage2,1270737259704379
gage2,1270737259806237
gage2,1270737259579682
gage2,1270737273714809
gage2,1270737258238975
gage2,1270738456919626
gage2,1270738457576221
gage2,1270738459399126
gage2,1270738456171636
gage2,1270738547416167
gage2,1270738531952386
gage2,1270738471844766
gage2,1270738481801636
gage2,1270738442504907
gage2,1270738455417061
gage2,1270739724548241
gage2,1270739714649638
gage2,1270739786243041
gage2,1270739790452759
gage2,1270739742623396
gage2,1270739814573654
gage2,1270738370654991
gage2,1270738380243777
gage2,1270738467814207
gage2,1270738412013836
gage2,1270737147833409
gage2,1270738376076764
gage2,1270738483700592
gage2,1270738473989679
gage2,1270738407006337
gage2,1270738371986372
gage2,1270739657438711
gage2,1270739715685547
gage2,1270739611316053
gage2,1270739598445759
gage2,1270738319345206
gage2,1270738310375436
gage2,1270739680336843
gage2,1270739551434213
gage2,1270739600589693
gage2,1270738334146436
gage2,1270738334546619
gage2,1270738312548706
gage2,1270737069467672
gage2,1270740868343583
gage2,1270740867393336
gage2,1270737019640223
gage2,1270738243564522
gage2,1270740893033474
gage2,1270740823384670
gage2,1270740876617085
gage2,1270740888902007
gage2,1270740858302233
gage2,1270740771131957
gage2,1270740926963867
gage2,1270740951169256
gage2,1270742106885066
gage2,1270742018561438
gage2,1270742184854859
gage2,1270740943096496
gage2,1270739711160405
gage2,1270742120070631
gage2,1270742108918185
gage2,1270742191572138
gage2,1270742188603199
gage2,1270742197518746
gage2,1270739711680979
gage2,1270743361964910
gage2,1270742127351254
gage2,1270743361110339
gage2,1270743425606904
gage2,1270742203109920
gage2,1270743373129255
gage2,1270743298826827
gage2,1270733502988807
gage2,1270734734247132
gage2,1270734724846479
gage2,1270734746062030
gage2,1270734753011388
gage2,1270733502223068
gage2,1270733499165396
gage2,1270734697186557
gage2,1270734692902367
gage2,1270734758799635
gage2,1270734706917457
gage2,1270734768760330
gage2,1270734775639874
gage2,1270734765092320
gage2,1270734715817821
gage2,1270736125400841
gage2,1270737350651489
gage2,1270737292554687
gage2,1270737380128286
gage2,1270737314564045
gage2,1270737398656892
gage2,1270737343868835
gage2,1270737339455349
gage2,1270738647520745
gage2,1270738581444180
gage2,1270738675941006
gage2,1270738598064185
gage2,1270739905340456
gage2,1270737368849520
gage2,1270737398238426
gage2,1270737403708730
gage2,1270738688637437
gage2,1270737463535468
gage2,1270737443580922
gage2,1270738686775273
gage2,1270739925524164
gage2,1270740118968870
gage2,1270738809293220
gage2,1270736050663161
gage2,1270736053037629
gage2,1270737287842875
gage2,1270737301444290
gage2,1270737285410433
gage2,1270733550228620
gage2,1270734791926775
gage2,1270734723121193
gage2,1270734817234941
gage2,1270734800215661
gage2,1270734833175806
gage2,1270734832464307
gage2,1270733473372178
gage2,1270733461868868
gage2,1270733471047560
gage2,1270733454993959
gage2,1270733469796856
gage2,1270733447729191
gage2,1270733401139308
gage2,1270733396245792
gage2,1270733384696721
gage2,1270244591397864
gage2,1270244571647673
gage2,1270244590254408
gage2,1270245828027128
gage2,1270244521373680
gage2,1270244519234685
gage2,1270244504498227
gage2,1270244494836213
gage2,1270244493942038
gage2,1270244483040672
gage2,1270244481628837
gage2,1270244434966848
gage2,1270244483441530
gage2,1270243246798656
gage2,1270243299632650
gage2,1270244424718820
gage2,1270243186689214
gage2,1270243235826328
gage2,1270243199042710
gage2,1270244440142132
gage2,1270243206668125
gage2,1270243160736049
gage2,1270243211768207
gage2,1270243137449944
gage2,1270241916940726
gage2,1270243158720855
gage2,1270243090286491
gage2,1270241854782593
gage2,1270243116772234
gage2,1270243178018456
gage2,1270243098906264
gage2,1270243109843600
gage2,1270243082996113
gage2,1270241847699379
gage2,1270243075426157
gage2,1270241853388056
gage2,1270241849834902
gage2,1270243029643645
gage2,1270243026799728
gage2,1270241778267269
gage2,1270241834528842
gage2,1270241782627710
gage2,1270241767435417
gage2,1270241821827342
gage2,1270241707357780
gage2,1270241709091670
gage2,1270241696415724
gage2,1270242898419700
gage2,1270242977212458
gage2,1270242915197886
gage2,1270242973160345
gage2,1270738782932277
gage2,1270738801696608
gage2,1270738772614744
gage2,1270740033020290
gage2,1270738794015599
gage2,1270740046194511
gage2,1270740045817575
gage2,1270738707095011
gage2,1270738814628761
gage2,1270740049532122
gage2,1270740052158097
gage2,1270738752886046
gage2,1270737529654190
gage2,1270740050288381
gage2,1270740058895041
gage2,1270740066138618
gage2,1270740063238850
gage2,1270740073208651
gage2,1270740075745009
gage2,1270740066625012
gage2,1270740085904681
gage2,1270740084705188
gage2,1270740060999743
gage2,1270740087022052
gage2,1270741313051178
gage2,1270740027556903
gage2,1270740014785470
gage2,1270740018830474
gage2,1270740012762980
